text,label,type,is_money
mua sách truyện manga ầm ầm #1581 122k,Entertainment,expense,1
mua thuốc uống cảm cúm vibe đỉnh #4657 290.000 đồng,Health,expense,1
rau hữu cơ bách hóa xanh ngon nhức nách 439.000 đồng,Food,expense,1
vitamin c trắng da chill chill 236k,Health,expense,1
sổ tay bullet journal cứu rỗi tâm hồn #4990 346k,Shopping,expense,1
popmart blindbox cháy phố #8502 68k,Shopping,expense,1
phở cuốn #2883 146k,Food,expense,1
thu nhập affliate tiktok shop xu cà na #1097 3.7Tr,Business,income,1
yến mạch giảm cân vô tri #2427 107 ngàn,Food,expense,1
thuê xe máy đi phượt ét ô ét #6497 219K,Transport,expense,1
son tint bóng đỉnh nóc kịch trần 117k,Beauty,expense,1
thịt bò ba chỉ vô tri #433 469k,Food,expense,1
săn áo thun t-shirt flexing #8944 467k,Shopping,expense,1
kimbap siêu dài flexing 148.000 đồng,Food,expense,1
mua bút highlight cháy phố #5350 490K,Education,expense,1
mua cây decor phòng ngủ over hợp #6408 49 ngàn,Housing,expense,1
lệ phí thi lại môn cứu rỗi tâm hồn #9774 297 cành,Education,expense,1
hủ tiếu gõ healing #7651 370 ngàn,Food,expense,1
kệ để đồ mĩ phẩm over hợp #590 118 ngàn,Shopping,expense,1
tiền xăng xe tay ga slay #5869 75k,Transport,expense,1
bia chill cùng bạn đỉnh nóc kịch trần #1088 403k,Food,expense,1
bút calligraphy ét ô ét #5488 106 ngàn,Shopping,expense,1
sữa rửa mặt cetaphil cứu rỗi tâm hồn #6047 140k,Beauty,expense,1
đồ ăn vặt cổng trường vibe đỉnh 253k,Food,expense,1
lương thực tập sinh bèo bọt vibe đỉnh #1045 2.1củ,Salary,income,1
thuê gia sư kèm 1-1 slay #3615 263k,Education,expense,1
thưởng sinh nhật công ty kiếp nạn thứ 82 #8536 639k,Bonus,income,1
lương admin fanpage vibe đỉnh #9703 7095K,Salary,income,1
hôm nay trời đẹp ghê,Social,expense,0
xiên bẩn kiếp nạn thứ 82 #4624 340k,Food,expense,1
đi siêu thị go sắm đồ healing #2050 44 cành,Shopping,expense,1
sửa vòi nước hỏng ngon nhức nách #7049 115k,Housing,expense,1
lương làm trợ giảng kiếp nạn thứ 82 #6486 10.2tr,Salary,income,1
vớ tất cao cổ 320 ngàn,Shopping,expense,1
mua khóa học udemy kiếp nạn thứ 82 194k,Education,expense,1
hát karaoke cháy máy over hợp #7277 186k,Entertainment,expense,1
mua mũ bảo hiểm có kính cứu rỗi tâm hồn 453k,Transport,expense,1
tiền đóng bảo hiểm y tế healing 85K,Health,expense,1
serum trị mụn cứu rỗi tâm hồn #2582 58k,Beauty,expense,1
tiền cà phê giao lưu đối tác kiếp nạn thứ 82 11.000 đồng,Investment,expense,1
tiền bonus từ khách hàng cứu rỗi tâm hồn 3350 cành,Bonus,income,1
thưởng nhân viên xuất sắc ét ô ét #1524 11274 cành,Bonus,income,1
đi siêu thị go sắm đồ xu cà na #291 37k,Shopping,expense,1
thu nhập affliate tiktok shop ngon nhức nách 12.4củ,Business,income,1
lẩu haidilao cứu rỗi tâm hồn #4777 95k,Food,expense,1
kẹp bấm mi xịn vibe đỉnh #4410 294.000 đồng,Beauty,expense,1
lệ phí thi lại môn chill chill #2436 280 ngàn,Education,expense,1
học phí học lái xe ô tô đỉnh nóc kịch trần 21 cành,Education,expense,1
lương thực tập sinh bèo bọt ầm ầm 2148 cành,Salary,income,1
đi bar pub quẩy mlem mlem 383K,Entertainment,expense,1
tiền mừng cưới bạn thân slay 58k,Social,expense,1
sữa chua hy lạp xu cà na #5888 486K,Food,expense,1
mua thực phẩm chức năng omega3 healing 456k,Health,expense,1
săn áo thun t-shirt kiếp nạn thứ 82 #7651 180K,Shopping,expense,1
bún đậu mắm tôm ngon nhức nách kiếp nạn thứ 82 #9702 46 cành,Food,expense,1
mua bông y tế tẩy trang cứu rỗi tâm hồn #9256 385k,Health,expense,1
túi sưởi mini cứu rỗi tâm hồn #514 66k,Shopping,expense,1
mua mũ bảo hiểm có kính đỉnh nóc kịch trần 145K,Transport,expense,1
nạp thẻ game liên quân gét gô #550 131 cành,Entertainment,expense,1
nem chua rán đỉnh nóc kịch trần #6902 41k,Food,expense,1
sửa vòi nước hỏng vô tri #3407 58k,Housing,expense,1
trà sữa gongcha mlem mlem #3464 318 cành,Food,expense,1
mua khóa học tik tok master xịn xò 282 ngàn,Education,expense,1
matcha latte xịn sò ét ô ét #1797 57k,Food,expense,1
học phí đại học khóc thét chill chill #4800 312k,Education,expense,1
kem chống nắng nâng tông mlem mlem #1554 24k,Beauty,expense,1
bún đậu mắm tôm ngon nhức nách slay 415 ngàn,Food,expense,1
tiền mua đồ thắp hương over hợp #138 132K,Investment,expense,1
đi đu idol kpop cháy phố #6038 450k,Entertainment,expense,1
bún đậu mắm tôm ngon nhức nách healing #5053 253K,Food,expense,1
thảm lau chân dễ thương #4484 263.000 đồng,Shopping,expense,1
tiền thuê phòng trọ vô tri #8994 238 cành,Housing,expense,1
phòng lướt net net cỏ vibe đỉnh #8155 464k,Entertainment,expense,1
đế đỡ điện thoại flexing #2748 117k,Shopping,expense,1
tiền phạt vi phạm giao thông flexing #2951 357K,Transport,expense,1
hát karaoke cháy máy cháy phố #4474 336K,Entertainment,expense,1
bún bò huế full topping flexing #5480 185k,Food,expense,1
thưởng tết âm lịch ấm áp slay #9178 6.564.000 đồng,Bonus,income,1
thảm lau chân dễ thương xịn xò 477k,Shopping,expense,1
mua nước súc miệng listerine slay 184K,Health,expense,1
cơm hộp tiện lợi over hợp #8803 478k,Food,expense,1
ức gà ăn kiêng kiếp nạn thứ 82 #2868 467k,Food,expense,1
bút calligraphy kiếp nạn thứ 82 #8203 310K,Shopping,expense,1
mua quà tạ lỗi bồ 76K,Social,expense,1
trà chanh giã tay cháy phố #3259 109k,Food,expense,1
tiền thưởng dự án xuất sắc healing #7939 6.3Tr,Bonus,income,1
mua máy sấy tóc chill chill #9205 213 ngàn,Housing,expense,1
trà sữa phúc long vibe đỉnh #2795 371k,Food,expense,1
book phòng homestay đà lạt ét ô ét #4650 105 ngàn,Transport,expense,1
hôm nay trời đẹp ghê,Housing,expense,0
sữa rửa mặt cetaphil cứu rỗi tâm hồn #7005 105 cành,Beauty,expense,1
mua quần áo local brand mlem mlem #9755 414k,Shopping,expense,1
lãi gửi tiết kiệm ngân hàng xu cà na #1457 12.7Tr,Business,income,1
thưởng tết âm lịch ấm áp hết nấc 9587k,Bonus,income,1
popmart blindbox cứu rỗi tâm hồn #714 470k,Shopping,expense,1
lương admin fanpage ầm ầm #4569 11.6Tr,Salary,income,1
cà phê muối ầm ầm 257k,Food,expense,1
đặt xe grabbike slay 14K,Transport,expense,1
phí dịch vụ chung cư healing #5394 465k,Housing,expense,1
nạp thẻ game liên quân vô tri #5453 222 ngàn,Entertainment,expense,1
thưởng nóng từ sếp đỉnh nóc kịch trần #237 317 cành,Bonus,income,1
bánh tráng trộn ét ô ét #3538 482 cành,Food,expense,1
phở cuốn #2655 376 cành,Food,expense,1
nước tẩy trang bioderma mlem mlem #8355 460k,Beauty,expense,1
tiền xăng xe tay ga chill chill #2457 216k,Transport,expense,1
bán tài liệu học tập cũ mlem mlem #4547 12.6củ,Business,income,1
gọi bebike đi học healing #8565 368K,Transport,expense,1
gấu bông labubu flexing #9433 318 cành,Shopping,expense,1
mua sách tiếng anh mua vô tri #9613 189 ngàn,Education,expense,1
gói khám sức khỏe tổng quát xu cà na #3514 80k,Health,expense,1
mua quà tạ lỗi bồ vô tri #6308 360k,Social,expense,1
trà sữa gongcha xịn xò #9715 151K,Food,expense,1
săn sale kẹp tóc vibe đỉnh #2931 217.000 đồng,Shopping,expense,1
quyên góp từ thiện chống lũ cứu rỗi tâm hồn #4444 285k,Charity,expense,1
bắt grabcar đi tiệc over hợp #3891 356k,Transport,expense,1
lợi nhuận bán quần áo secondhand vibe đỉnh 1159 ngàn,Business,income,1
thưởng sinh nhật công ty xịn xò #1047 15.0củ,Bonus,income,1
mua vàng tích trữ ét ô ét 489k,Investment,expense,1
tiền khám bệnh phòng khám đỉnh nóc kịch trần #1783 236.000 đồng,Health,expense,1
phí dịch vụ chung cư cháy phố #7946 82 ngàn,Housing,expense,1
ơm tấm sườn bì chả xịn xò #748 342.000 đồng,Food,expense,1
mì trộn indomie slay #7464 328k,Food,expense,1
xúc xích ăn liền kiếp nạn thứ 82 #3948 462k,Food,expense,1
chốt đơn shopee live gét gô 110.000 đồng,Shopping,expense,1
mua trà hoa cúc ngủ ngon cứu rỗi tâm hồn 236k,Health,expense,1
đóng tiền phạt muộn đỉnh nóc kịch trần #9685 415 cành,Investment,expense,1
thưởng nhân viên xuất sắc slay #3101 2.559.000 đồng,Bonus,income,1
mua giày sneaker mlem xịn xò #5480 158k,Shopping,expense,1
mua sách tiếng anh mua slay #8333 100 ngàn,Education,expense,1
mua trà hoa cúc ngủ ngon cháy phố 296 ngàn,Health,expense,1
lệ phí thi lại môn flexing #9217 175.000 đồng,Education,expense,1
tiền thưởng kpi tháng vibe đỉnh 11.0Tr,Bonus,income,1
ting ting lương công ty xịn xò 8.9Tr,Salary,income,1
cà phê muối cứu rỗi tâm hồn #3013 242 ngàn,Food,expense,1
mua quần áo local brand cứu rỗi tâm hồn #9721 237k,Shopping,expense,1
highlands phindi cháy phố #6652 376.000 đồng,Food,expense,1
mua kính râm thời trang mlem mlem 180 ngàn,Shopping,expense,1
đi siêu thị go sắm đồ over hợp 456 ngàn,Shopping,expense,1
kem dưỡng phục hồi b5 vibe đỉnh #3348 490k,Beauty,expense,1
tiền lãi đầu tư coin xịn xò #386 10.710.000 đồng,Business,income,1
mua quà tạ lỗi bồ đỉnh nóc kịch trần 410 ngàn,Social,expense,1
gói netflix xem phim ngon nhức nách #5090 246k,Entertainment,expense,1
gửi xe trung tâm thương mại ầm ầm #208 35k,Transport,expense,1
tiền trúng thưởng mini game xịn xò 6.0tr,Business,income,1
cushion che khuyết điểm gét gô 164 cành,Beauty,expense,1
thưởng ngày lễ 30/4 cháy phố #7742 13.6củ,Bonus,income,1
trà chanh giã tay ầm ầm 233k,Food,expense,1
nạp vip spotify ngon nhức nách 407k,Entertainment,expense,1
thưởng nhân viên xuất sắc mlem mlem #1117 1706 cành,Bonus,income,1
đèn led hoàng hôn xịn xò #845 117k,Shopping,expense,1
tiền phạt vi phạm giao thông chill chill #1283 16k,Transport,expense,1
bia chill cùng bạn ầm ầm #216 283 ngàn,Food,expense,1
lương designer freelance gét gô #1171 14863K,Salary,income,1
nạp thẻ game liên quân ầm ầm 126 cành,Entertainment,expense,1
mua đồ tiktok shop xịn xò #9302 299k,Shopping,expense,1
bảng mắt màu khói slay #7850 233.000 đồng,Beauty,expense,1
gà rán jollibee cháy phố #6444 444k,Food,expense,1
nước ép hoa quả healthy đỉnh nóc kịch trần #7064 405.000 đồng,Food,expense,1
săn áo thun t-shirt #4950 379K,Shopping,expense,1
thu nhập từ kênh youtube cháy phố #4831 11717k,Business,income,1
mua kính râm thời trang cứu rỗi tâm hồn 119k,Shopping,expense,1
mua cây decor phòng ngủ hết nấc #8362 324.000 đồng,Housing,expense,1
học phí đại học khóc thét ầm ầm 222 cành,Education,expense,1
túi sưởi mini healing #9409 23 ngàn,Shopping,expense,1
highlands phindi đỉnh nóc kịch trần #3058 211k,Food,expense,1
chì kẻ mày phẩy sợi vô tri #923 81k,Beauty,expense,1
phí dịch vụ chung cư mlem mlem #2281 430K,Housing,expense,1
sửa vòi nước hỏng ngon nhức nách 469.000 đồng,Housing,expense,1
tiền sinh nhật đứa bạn ét ô ét #7945 47.000 đồng,Social,expense,1
sữa rửa mặt cetaphil flexing 257K,Beauty,expense,1
tiền đóng bảo hiểm y tế flexing #5440 418.000 đồng,Health,expense,1
decor lại phòng trọ xịn xò 394k,Housing,expense,1
kem chống nắng nâng tông vibe đỉnh #9648 76K,Beauty,expense,1
cushion che khuyết điểm ngon nhức nách 450 cành,Beauty,expense,1
nhận lương chạy grab kịch sàn vô tri #1888 2042 ngàn,Salary,income,1
nhận lương chạy grab kịch sàn #2848 11.6tr,Salary,income,1
dầu gội bưởi mọc tóc slay 395k,Beauty,expense,1
ốp lưng iphone xịn xò chill chill 253k,Shopping,expense,1
lương designer freelance over hợp #1478 2427 cành,Salary,income,1
lương admin fanpage slay #6291 3540 cành,Salary,income,1
nước cốt xương ét ô ét #721 136k,Food,expense,1
thay dầu nhớt castrol vibe đỉnh 363k,Transport,expense,1
mua giày sneaker mlem over hợp 371k,Shopping,expense,1
kem chống nắng nâng tông ầm ầm 21 cành,Beauty,expense,1
củ sạc nhanh baseus xu cà na #7008 225 cành,Shopping,expense,1
mua thực phẩm chức năng omega3 mlem mlem #9420 72.000 đồng,Health,expense,1
tiền mừng cưới bạn thân flexing 176 ngàn,Social,expense,1
tiền bố mẹ tiếp tế xịn xò 10.147.000 đồng,Business,income,1
nước ngọt coca zero slay 231.000 đồng,Food,expense,1
săn sale lazada 11.11 ét ô ét 155k,Shopping,expense,1
mua nước lau sàn thơm xịn xò #5579 52k,Housing,expense,1
thẻ xe bus điện vinbus vibe đỉnh 325k,Transport,expense,1
thưởng nóng từ sếp ét ô ét 14195K,Bonus,income,1
lương làm mẫu ảnh healing #9107 1.8Tr,Salary,income,1
sushi băng chuyền slay 462k,Food,expense,1
ăn sập sình chill chill #5945 39 cành,Food,expense,1
thưởng nhân viên xuất sắc gét gô #4562 14.221.000 đồng,Bonus,income,1
phí dịch vụ chung cư slay #6260 495k,Housing,expense,1
mua giày sneaker mlem hết nấc #2435 160.000 đồng,Shopping,expense,1
tiền phạt vi phạm giao thông đỉnh nóc kịch trần #3809 482k,Transport,expense,1
học phí học lái xe ô tô hết nấc #2891 72K,Education,expense,1
vé xe limousine về quê #7505 233k,Transport,expense,1
mua thuốc uống cảm cúm chill chill #8191 444 cành,Health,expense,1
thu nhập từ kênh youtube mlem mlem #5210 2.2tr,Business,income,1
nước cốt xương gét gô #7533 261k,Food,expense,1
nạp vip spotify #415 273 cành,Entertainment,expense,1
gọi bebike đi học 176 ngàn,Transport,expense,1
sổ tay bullet journal gét gô #4614 76k,Shopping,expense,1
dầu gió xanh cứu cánh kiếp nạn thứ 82 #5465 445K,Health,expense,1
thưởng ngày lễ 30/4 xu cà na #7876 5903k,Bonus,income,1
serum trị mụn cứu rỗi tâm hồn #4815 467k,Beauty,expense,1
học phí đại học khóc thét #3694 275 ngàn,Education,expense,1
tiền quỹ lớp hết nấc #2276 139 cành,Education,expense,1
lương làm mẫu ảnh xịn xò #9322 11.0củ,Salary,income,1
nhận lương chạy grab kịch sàn #4636 497 cành,Salary,income,1
đi bar pub quẩy xu cà na 164.000 đồng,Entertainment,expense,1
tiền cọc phòng trọ xịn xò #8146 149 cành,Housing,expense,1
mua bông y tế tẩy trang ngon nhức nách #9428 397k,Health,expense,1
học phí đại học khóc thét xịn xò #8131 297 ngàn,Education,expense,1
vào rạp chiếu phim lotte vô tri 336k,Entertainment,expense,1
tiền mua đồ thắp hương ầm ầm 432k,Investment,expense,1
đã chuyển khoản quỹ chưa nhỉ,Entertainment,expense,0
mua nước súc miệng listerine 389k,Health,expense,1
tiền lãi đầu tư coin healing #5895 8435k,Business,income,1
tiền mua đồ thắp hương ngon nhức nách #1841 118 ngàn,Investment,expense,1
tiền thanh lý đồ cũ pass đồ ngon nhức nách #7464 2.1Tr,Business,income,1
ting ting lương công ty xu cà na 3.596.000 đồng,Salary,income,1
tiền vệ sinh rác thải gét gô #5276 334K,Housing,expense,1
đóng tiền phạt muộn cháy phố #4170 163k,Investment,expense,1
tiền mạng internet wifi ét ô ét #3546 363.000 đồng,Housing,expense,1
túi sưởi mini ét ô ét 389k,Shopping,expense,1
nhận lương viết content slay #1288 778 cành,Salary,income,1
bún đậu mắm tôm ngon nhức nách xu cà na #6224 151 ngàn,Food,expense,1
bảng mắt màu khói ầm ầm #6901 422 ngàn,Beauty,expense,1
mua bông y tế tẩy trang mlem mlem 72.000 đồng,Health,expense,1
tiền thưởng kpi tháng xịn xò #2053 14701k,Bonus,income,1
trứng gà so xu cà na #2324 166 cành,Food,expense,1
mua khẩu trang 4d flexing #7303 191 cành,Health,expense,1
lương part-time rủng rỉnh xịn xò #1904 11.2Tr,Salary,income,1
tiền xăng xe tay ga mlem mlem 99 ngàn,Transport,expense,1
đồ ăn vặt cổng trường #5639 295k,Food,expense,1
tiền gửi xe hàng tháng kiếp nạn thứ 82 #8323 331 cành,Investment,expense,1
thưởng chuyên cần hết nấc 10.746.000 đồng,Bonus,income,1
mua khóa cửa vân tay mlem mlem #3884 379 ngàn,Housing,expense,1
tiền vệ sinh rác thải ngon nhức nách #6382 260 cành,Housing,expense,1
bia chill cùng bạn kiếp nạn thứ 82 443 cành,Food,expense,1
mua đồ tiktok shop đỉnh nóc kịch trần #2415 110k,Shopping,expense,1
nước ép hoa quả healthy over hợp #3181 185k,Food,expense,1
sushi băng chuyền over hợp #8477 177k,Food,expense,1
tẩy tế bào chết cocoon vô tri #3761 121 cành,Beauty,expense,1
vé xe limousine về quê #7714 148 cành,Transport,expense,1
săn sale kẹp tóc over hợp #4329 389.000 đồng,Shopping,expense,1
tủ quần áo lắp ráp 263 ngàn,Housing,expense,1
chốt đơn shopee live đỉnh nóc kịch trần #2075 330k,Shopping,expense,1
chì kẻ mày phẩy sợi cứu rỗi tâm hồn #8664 60k,Beauty,expense,1
đi chợ đầu mối vibe đỉnh 189k,Shopping,expense,1
matcha latte xịn sò slay #1730 472K,Food,expense,1
nhận lương chạy grab kịch sàn slay #5022 2074 ngàn,Salary,income,1
book phòng homestay đà lạt đỉnh nóc kịch trần #9256 157K,Transport,expense,1
phí dịch vụ chung cư hết nấc 113.000 đồng,Housing,expense,1
khóa học tiếng anh ielts hết nấc #5674 484 cành,Education,expense,1
dầu gội bưởi mọc tóc hết nấc #3879 284k,Beauty,expense,1
k buffet cháy phố 254.000 đồng,Food,expense,1
bút calligraphy flexing 432 cành,Shopping,expense,1
bảo dưỡng xe máy over hợp #4783 341.000 đồng,Transport,expense,1
chúc mừng sinh nhật nhé,Housing,expense,0
đèn led hoàng hôn cháy phố #7028 148 cành,Shopping,expense,1
sữa rửa mặt cetaphil cứu rỗi tâm hồn 452K,Beauty,expense,1
vớ tất cao cổ kiếp nạn thứ 82 260k,Shopping,expense,1
vé máy bay vietjet healing 433 cành,Transport,expense,1
kimbap siêu dài kiếp nạn thứ 82 121K,Food,expense,1
nạp vip spotify over hợp #5396 72k,Entertainment,expense,1
đu đỉnh coin 473k,Investment,expense,1
tiền phạt vi phạm giao thông chill chill #8982 347 cành,Transport,expense,1
vé máy bay vietjet gét gô 75 ngàn,Transport,expense,1
tiền trúng thưởng mini game chill chill #1912 2276k,Business,income,1
đi đu idol kpop slay 450.000 đồng,Entertainment,expense,1
gói netflix xem phim hết nấc #7812 498k,Entertainment,expense,1
mua thực phẩm chức năng omega3 xịn xò #566 476k,Health,expense,1
tiền lãi đầu tư coin ngon nhức nách #8541 3807 cành,Business,income,1
lương cứng mỗi tháng 9671k,Salary,income,1
in tài liệu tiểu luận slay #5349 142k,Education,expense,1
serum trị mụn cứu rỗi tâm hồn #1140 417k,Beauty,expense,1
tiền thanh lý đồ cũ pass đồ #2816 5941 ngàn,Business,income,1
tiền vệ sinh rác thải xu cà na #4701 353k,Housing,expense,1
thưởng ngày lễ 30/4 chill chill #240 3682 ngàn,Bonus,income,1
mua bông y tế tẩy trang chill chill #9520 141 ngàn,Health,expense,1
quạt tích điện để bàn over hợp 473k,Shopping,expense,1
mua bút highlight cháy phố 163.000 đồng,Education,expense,1
dầu gội bưởi mọc tóc ngon nhức nách #4645 59k,Beauty,expense,1
cà phê muối cứu rỗi tâm hồn #4913 373.000 đồng,Food,expense,1
vé máy bay vietjet cháy phố 411k,Transport,expense,1
serum trị mụn hết nấc #5284 291k,Beauty,expense,1
nệm cao su non healing #6698 413 cành,Housing,expense,1
mặt nạ đất sét vibe đỉnh #1763 214 cành,Beauty,expense,1
lãi gửi tiết kiệm ngân hàng ầm ầm #1462 1479 cành,Business,income,1
thuê xe máy đi phượt ngon nhức nách #3609 479 cành,Transport,expense,1
vé xem phim cgv ét ô ét #1035 488k,Entertainment,expense,1
cơm hộp tiện lợi đỉnh nóc kịch trần #6965 125k,Food,expense,1
tiền chung cư mini healing #1076 297k,Housing,expense,1
nước khoáng aquafina slay #7018 226 cành,Food,expense,1
tiền lãi chứng khoán nổ hũ chill chill #9816 12310 ngàn,Business,income,1
vé xe limousine về quê ét ô ét #9240 358K,Transport,expense,1
nước ngọt coca zero over hợp 141 cành,Food,expense,1
tiền nhổ răng khôn khóc thét xịn xò 496.000 đồng,Health,expense,1
nước hoa mini ngon nhức nách #9207 462 ngàn,Beauty,expense,1
trà sữa phúc long đỉnh nóc kịch trần #5202 259k,Food,expense,1
khoai lang mật #1198 390.000 đồng,Food,expense,1
gói khám sức khỏe tổng quát ầm ầm #8790 486 cành,Health,expense,1
mua trà hoa cúc ngủ ngon #8763 47 ngàn,Health,expense,1
chốt đơn hoodie oversize gét gô #3086 315k,Shopping,expense,1
nệm cao su non vô tri #9708 67k,Housing,expense,1
đu đỉnh chứng khoán gét gô #442 121K,Investment,expense,1
quạt tích điện để bàn cứu rỗi tâm hồn #3684 411 ngàn,Shopping,expense,1
gọi bebike đi học vibe đỉnh #7885 499 ngàn,Transport,expense,1
lương admin fanpage đỉnh nóc kịch trần #1828 2587 cành,Salary,income,1
nước tẩy trang bioderma cứu rỗi tâm hồn 373 ngàn,Beauty,expense,1
bạc sỉu đá ngon nhức nách 221k,Food,expense,1
mua thuốc nhỏ mắt len vô tri 120 cành,Health,expense,1
bình giữ nhiệt stanley flexing 323 cành,Shopping,expense,1
tiền trúng thưởng mini game ngon nhức nách #5981 6953K,Business,income,1
tiền nhận từ booking quảng cáo xịn xò #4454 5664K,Business,income,1
đế đỡ điện thoại vô tri 385.000 đồng,Shopping,expense,1
hát karaoke cháy máy chill chill #3267 339k,Entertainment,expense,1
khoai lang mật ngon nhức nách #9926 364 cành,Food,expense,1
vibe hôm nay heal lắm,Food,expense,0
nước tẩy trang bioderma đỉnh nóc kịch trần 203k,Beauty,expense,1
lương part-time rủng rỉnh gét gô #7094 11804 cành,Salary,income,1
trà sữa phúc long cháy phố #1200 72k,Food,expense,1
đặt xe grabbike gét gô #3151 132K,Transport,expense,1
lẩu haidilao xu cà na #3928 306 cành,Food,expense,1
mua phụ kiện vòng tay chill chill #7026 137k,Shopping,expense,1
lương cứng mỗi tháng over hợp 13310k,Salary,income,1
đi bar pub quẩy kiếp nạn thứ 82 #1655 210 ngàn,Entertainment,expense,1
tiền cọc phòng trọ xịn xò #8315 480K,Housing,expense,1
nhận lương viết content cháy phố #2786 5.4Tr,Salary,income,1
đu đỉnh coin đỉnh nóc kịch trần 399.000 đồng,Investment,expense,1
mua khóa học udemy ét ô ét #1223 293 cành,Education,expense,1
lẩu haidilao cứu rỗi tâm hồn 52k,Food,expense,1
tiền bán hàng shopee gét gô #215 2.6Tr,Business,income,1
ting ting lương công ty chill chill 7.7củ,Salary,income,1
chi phí đổi căn cước công dân flexing 426 cành,Investment,expense,1
học phí khóa học photoshop gét gô 157 cành,Education,expense,1
ting ting lương công ty kiếp nạn thứ 82 #3287 10610k,Salary,income,1
thuê xe máy đi phượt hết nấc 152.000 đồng,Transport,expense,1
thịt bò ba chỉ kiếp nạn thứ 82 #1222 77k,Food,expense,1
yến mạch giảm cân đỉnh nóc kịch trần #781 84k,Food,expense,1
xúc xích ăn liền cứu rỗi tâm hồn 379 ngàn,Food,expense,1
học phí khóa học photoshop vibe đỉnh #9842 323k,Education,expense,1
lương admin fanpage vô tri 3274K,Salary,income,1
bắt grabcar đi tiệc kiếp nạn thứ 82 #3408 288k,Transport,expense,1
hủ tiếu gõ xịn xò #2465 415 cành,Food,expense,1
tiền phạt vi phạm giao thông over hợp #8542 103 cành,Transport,expense,1
chì kẻ mày phẩy sợi kiếp nạn thứ 82 #4620 89 ngàn,Beauty,expense,1
tiền thanh lý đồ cũ pass đồ đỉnh nóc kịch trần 13304K,Business,income,1
thay dầu nhớt castrol ầm ầm #2758 92.000 đồng,Transport,expense,1
vé xe limousine về quê slay #3710 10k,Transport,expense,1
book phòng homestay đà lạt cứu rỗi tâm hồn 406 ngàn,Transport,expense,1
nước cốt xương vibe đỉnh 390K,Food,expense,1
hạt granola xu cà na #2189 16k,Food,expense,1
gà rán jollibee ét ô ét 485k,Food,expense,1
tiền donate livestream kiếp nạn thứ 82 #974 8206 cành,Business,income,1
lương admin fanpage ét ô ét 8955k,Salary,income,1
kẹp bấm mi xịn healing #2829 27 cành,Beauty,expense,1
chì kẻ mày phẩy sợi xu cà na #7834 479k,Beauty,expense,1
nhận lương chạy grab kịch sàn chill chill 4.7tr,Salary,income,1
tiền cọc phòng trọ healing #5350 86 cành,Housing,expense,1
bảng mắt màu khói đỉnh nóc kịch trần #4306 233 ngàn,Beauty,expense,1
cushion che khuyết điểm vibe đỉnh #9133 113 ngàn,Beauty,expense,1
lợi nhuận bán quần áo secondhand xu cà na 14120 cành,Business,income,1
mua thực phẩm chức năng omega3 xịn xò #9243 97K,Health,expense,1
bơ đậu phộng vibe đỉnh #4723 409 cành,Food,expense,1
mua thuốc nhỏ mắt len flexing #6959 345k,Health,expense,1
tiền quỹ lớp đỉnh nóc kịch trần #9881 286 cành,Education,expense,1
đặt xe grabbike vibe đỉnh 41 ngàn,Transport,expense,1
hủ tiếu gõ healing #3743 391K,Food,expense,1
học phí đại học khóc thét vibe đỉnh 235.000 đồng,Education,expense,1
đóng tiền phạt muộn ầm ầm #3892 497k,Investment,expense,1
tiền bán hàng shopee hết nấc #8060 4969K,Business,income,1
tiền lãi chứng khoán nổ hũ over hợp 7324 ngàn,Business,income,1
tiền khám bệnh phòng khám ngon nhức nách #6563 333k,Health,expense,1
decor lại phòng trọ gét gô #3313 118 ngàn,Housing,expense,1
mua bút highlight vibe đỉnh #5475 85.000 đồng,Education,expense,1
hát karaoke cháy máy gét gô #320 410k,Entertainment,expense,1
vé đi triển lãm nghệ thuật cháy phố #719 494 cành,Entertainment,expense,1
mua tài liệu ôn thi healing #9114 23.000 đồng,Education,expense,1
mua mũ bảo hiểm có kính flexing #8395 221k,Transport,expense,1
tiền vệ sinh rác thải flexing 189k,Housing,expense,1
tiền mua đồ thắp hương xịn xò #291 281k,Investment,expense,1
chơi boardgame cùng hội bạn kiếp nạn thứ 82 500k,Entertainment,expense,1
bia chill cùng bạn gét gô #4340 427 ngàn,Food,expense,1
chì kẻ mày phẩy sợi vibe đỉnh #4599 395k,Beauty,expense,1
khoai lang mật mlem mlem 479 cành,Food,expense,1
mua khẩu trang 4d ầm ầm #3183 485.000 đồng,Health,expense,1
tiền vệ sinh rác thải cháy phố #1762 233.000 đồng,Housing,expense,1
chốt đơn chưa bồ ơi,Entertainment,expense,0
tiền mạng internet wifi vibe đỉnh 419 ngàn,Housing,expense,1
sữa rửa mặt cetaphil cứu rỗi tâm hồn #3995 362K,Beauty,expense,1
mua sách tiếng anh mua ầm ầm #8729 405 ngàn,Education,expense,1
tiền xăng xe tay ga ét ô ét 460k,Transport,expense,1
tiền nhổ răng khôn khóc thét cháy phố 469 ngàn,Health,expense,1
chơi boardgame cùng hội bạn flexing #4610 104.000 đồng,Entertainment,expense,1
ơm tấm sườn bì chả đỉnh nóc kịch trần #6033 237k,Food,expense,1
mua quà tạ lỗi bồ mlem mlem 322k,Social,expense,1
đăng ký test toeic cứu rỗi tâm hồn 17 cành,Education,expense,1
tiền thanh lý đồ cũ pass đồ ầm ầm #8092 4743K,Business,income,1
mua mũ bảo hiểm có kính healing 343k,Transport,expense,1
đăng ký test toeic cháy phố #4362 399k,Education,expense,1
thịt bò ba chỉ mlem mlem #9259 306 ngàn,Food,expense,1
mua khóa học udemy gét gô #3645 241 ngàn,Education,expense,1
kẹp bấm mi xịn ngon nhức nách #2291 365.000 đồng,Beauty,expense,1
nhận lương viết content vô tri 13561 cành,Salary,income,1
bắt grabcar đi tiệc kiếp nạn thứ 82 #1321 192.000 đồng,Transport,expense,1
sữa chua hy lạp cháy phố #157 185 cành,Food,expense,1
tiền mua đồ thắp hương xu cà na #7916 301 ngàn,Investment,expense,1
mì trộn indomie chill chill 262k,Food,expense,1
bán tài liệu học tập cũ hết nấc #6117 4751k,Business,income,1
xiên bẩn vibe đỉnh #370 131k,Food,expense,1
kem dưỡng phục hồi b5 kiếp nạn thứ 82 #4583 430k,Beauty,expense,1
mua khóa học tik tok master ét ô ét #1473 451 ngàn,Education,expense,1
nạp vip spotify kiếp nạn thứ 82 #1809 179k,Entertainment,expense,1
đi chợ đầu mối hết nấc 116K,Shopping,expense,1
thuốc nhỏ mũi xịt ét ô ét #2070 356K,Health,expense,1
trà chanh giã tay hết nấc 232.000 đồng,Food,expense,1
lương làm trợ giảng vô tri #1086 9573 ngàn,Salary,income,1
mua đồ tiktok shop xu cà na #4587 387k,Shopping,expense,1
tiền lãi đầu tư coin over hợp #5174 7471K,Business,income,1
chì kẻ mày phẩy sợi vibe đỉnh #1860 143 cành,Beauty,expense,1
gọi bebike đi học over hợp 132k,Transport,expense,1
sushi băng chuyền ầm ầm 31K,Food,expense,1
thuê gia sư kèm 1-1 vibe đỉnh #9427 64k,Education,expense,1
bơ đậu phộng mlem mlem 56k,Food,expense,1
thuê xe máy đi phượt ngon nhức nách #5594 272 ngàn,Transport,expense,1
bơ đậu phộng xu cà na 153K,Food,expense,1
đăng ký lớp yoga vibe đỉnh 123K,Education,expense,1
bán tài liệu học tập cũ vô tri #1100 9.5củ,Business,income,1
tiền bonus từ khách hàng ét ô ét #8194 11.228.000 đồng,Bonus,income,1
đèn led hoàng hôn cứu rỗi tâm hồn #6698 293k,Shopping,expense,1
tẩy tế bào chết cocoon xịn xò #5411 244k,Beauty,expense,1
trà sữa gongcha xu cà na #4813 119k,Food,expense,1
gà tắm sốt xịn xò #5571 483k,Food,expense,1
dầu gió xanh cứu cánh chill chill 401k,Health,expense,1
thưởng ngày lễ 30/4 over hợp #9348 13.4Tr,Bonus,income,1
chơi boardgame cùng hội bạn healing #9543 101k,Entertainment,expense,1
tủ quần áo lắp ráp hết nấc 293K,Housing,expense,1
mặt nạ đất sét kiếp nạn thứ 82 #4096 435k,Beauty,expense,1
học phí đại học khóc thét hết nấc #3330 189 cành,Education,expense,1
serum trị mụn chill chill 173k,Beauty,expense,1
tiền nhận từ booking quảng cáo cứu rỗi tâm hồn #7922 5819 ngàn,Business,income,1
mua quần jean ống rộng ngon nhức nách #2507 421.000 đồng,Shopping,expense,1
tiền xăng xe tay ga đỉnh nóc kịch trần 111k,Transport,expense,1
lợi nhuận bán quần áo secondhand slay 12.825.000 đồng,Business,income,1
chốt đơn shopee live hết nấc 462k,Shopping,expense,1
phòng lướt net net cỏ xịn xò #2278 22k,Entertainment,expense,1
thuê xe máy đi phượt kiếp nạn thứ 82 #8904 152k,Transport,expense,1
tiền gửi xe hàng tháng ầm ầm #2688 323k,Investment,expense,1
đi siêu thị go sắm đồ xu cà na #7187 93.000 đồng,Shopping,expense,1
săn sale lazada 11.11 ầm ầm #4671 52k,Shopping,expense,1
tiền bonus từ khách hàng over hợp #1859 505k,Bonus,income,1
lương part-time rủng rỉnh hết nấc #2577 8847 cành,Salary,income,1
mì trộn indomie #9768 168k,Food,expense,1
tủ quần áo lắp ráp gét gô #6076 188K,Housing,expense,1
vé đi triển lãm nghệ thuật flexing #3041 434k,Entertainment,expense,1
decor lại phòng trọ vibe đỉnh #6101 66k,Housing,expense,1
đi chill acoustic đỉnh nóc kịch trần 472k,Entertainment,expense,1
ét ô ét cứu cái phòng trọ này,Housing,expense,0
trà chanh giã tay cháy phố #5828 246 cành,Food,expense,1
cơm hộp tiện lợi #7896 384k,Food,expense,1
nhận lương viết content đỉnh nóc kịch trần #7883 14.9tr,Salary,income,1
quyên góp từ thiện chống lũ ầm ầm #2129 325k,Charity,expense,1
sushi băng chuyền cứu rỗi tâm hồn #9973 287K,Food,expense,1
ăn sập sình cháy phố #9071 98 cành,Food,expense,1
trà đào cam sả ngon nhức nách #2566 499 cành,Food,expense,1
kẹp bấm mi xịn cứu rỗi tâm hồn #4513 175.000 đồng,Beauty,expense,1
tiền quỹ nhóm chia đều vibe đỉnh 12.7Tr,Business,income,1
học phí đại học khóc thét vibe đỉnh #4889 364k,Education,expense,1
tiền sinh nhật đứa bạn xịn xò #5774 363k,Social,expense,1
lương làm mẫu ảnh kiếp nạn thứ 82 #7289 4552k,Salary,income,1
lương làm mẫu ảnh chill chill 7298 ngàn,Salary,income,1
nước ngọt coca zero #6670 119k,Food,expense,1
chì kẻ mày phẩy sợi ngon nhức nách 28k,Beauty,expense,1
đăng ký lớp yoga xịn xò 313K,Education,expense,1
vé xem phim cgv xịn xò #4252 452K,Entertainment,expense,1
ăn sập sình flexing #6895 170k,Food,expense,1
mua thuốc nhỏ mắt len over hợp #4259 267k,Health,expense,1
mua khẩu trang 4d vibe đỉnh 291.000 đồng,Health,expense,1
mua bông y tế tẩy trang đỉnh nóc kịch trần 426k,Health,expense,1
đăng ký test toeic vibe đỉnh #4013 60.000 đồng,Education,expense,1
tiền gửi xe hàng tháng healing 120k,Investment,expense,1
mua máy sấy tóc mlem mlem 291 cành,Housing,expense,1
trà sữa gongcha xịn xò #2618 98k,Food,expense,1
tiền bonus từ khách hàng #7331 2.4Tr,Bonus,income,1
kimbap siêu dài hết nấc #4238 191k,Food,expense,1
gói khám sức khỏe tổng quát gét gô #7463 141k,Health,expense,1
tiền chung cư mini gét gô #519 134.000 đồng,Housing,expense,1
mua đồ tiktok shop ầm ầm #3644 169 cành,Shopping,expense,1
nệm cao su non slay #8566 27k,Housing,expense,1
tiền bán hàng shopee ngon nhức nách #2814 10986K,Business,income,1
vibe hôm nay heal lắm,Entertainment,expense,0
đi chill acoustic ngon nhức nách 105k,Entertainment,expense,1
thưởng ngày lễ 30/4 ét ô ét #8659 6.2tr,Bonus,income,1
mua bông y tế tẩy trang ầm ầm #2903 129k,Health,expense,1
hủ tiếu gõ ầm ầm #7172 396.000 đồng,Food,expense,1
bún đậu mắm tôm ngon nhức nách ngon nhức nách #6323 15 cành,Food,expense,1
dầu gió xanh cứu cánh ét ô ét #6729 435K,Health,expense,1
bia chill cùng bạn hết nấc #8976 399K,Food,expense,1
ốp lưng iphone xịn xò kiếp nạn thứ 82 #5387 435k,Shopping,expense,1
mua bao cao su durex đỉnh nóc kịch trần 345k,Health,expense,1
lương làm mẫu ảnh cứu rỗi tâm hồn #8737 3707k,Salary,income,1
sơn móng tay gel ét ô ét #6790 244K,Beauty,expense,1
mì trộn indomie mlem mlem #2441 488k,Food,expense,1
sổ tay bullet journal flexing #1972 112k,Shopping,expense,1
mua khóa cửa vân tay slay #5667 358 ngàn,Housing,expense,1
túi sưởi mini cứu rỗi tâm hồn #7979 398 cành,Shopping,expense,1
tiền trúng thưởng mini game đỉnh nóc kịch trần #955 12783k,Business,income,1
bảng mắt màu khói xịn xò 68k,Beauty,expense,1
tiền bao người yêu đi ăn cứu rỗi tâm hồn #9006 175 cành,Social,expense,1
nước tẩy trang bioderma kiếp nạn thứ 82 #4943 422k,Beauty,expense,1
bình giữ nhiệt stanley chill chill #9527 12.000 đồng,Shopping,expense,1
lương làm mẫu ảnh hết nấc #4086 10360 ngàn,Salary,income,1
thưởng ngày lễ 30/4 ét ô ét 7566k,Bonus,income,1
lương admin fanpage kiếp nạn thứ 82 5872 cành,Salary,income,1
mua quần jean ống rộng ngon nhức nách #4549 343k,Shopping,expense,1
tiền nhổ răng khôn khóc thét healing #4354 96k,Health,expense,1
nạp thẻ game liên quân vibe đỉnh 465 ngàn,Entertainment,expense,1
vé đi triển lãm nghệ thuật gét gô 38 ngàn,Entertainment,expense,1
mì trộn indomie vô tri #9863 335 ngàn,Food,expense,1
khóa học tiếng anh ielts hết nấc 223k,Education,expense,1
lương làm mẫu ảnh vô tri #8225 9.1Tr,Salary,income,1
tiền mừng cưới bạn thân cháy phố #7890 370 ngàn,Social,expense,1
nạp vip spotify ầm ầm #1707 242k,Entertainment,expense,1
tiền quỹ nhóm chia đều ầm ầm #1412 10594K,Business,income,1
tiền quỹ lớp slay #2694 323k,Education,expense,1
tiền lãi chứng khoán nổ hũ mlem mlem #9821 1310k,Business,income,1
mixue kem cây vô tri #2078 433.000 đồng,Food,expense,1
gọi bebike đi học hết nấc 411 cành,Transport,expense,1
mua khóa học udemy cứu rỗi tâm hồn 294k,Education,expense,1
tokbokki phô mai slay #1930 272k,Food,expense,1
gét gô thôi anh em,Social,expense,0
tiền bonus từ khách hàng flexing #584 8118 cành,Bonus,income,1
cơm hộp tiện lợi chill chill #751 62 cành,Food,expense,1
đèn led hoàng hôn flexing #7139 26 ngàn,Shopping,expense,1
đèn led hoàng hôn #6816 272k,Shopping,expense,1
săn sale lazada 11.11 xu cà na #9588 199k,Shopping,expense,1
cà phê muối over hợp 83K,Food,expense,1
nước ép hoa quả healthy vibe đỉnh #6220 252K,Food,expense,1
chốt đơn túi xách đeo chéo đỉnh nóc kịch trần 197k,Shopping,expense,1
gà rán jollibee xịn xò #3013 180K,Food,expense,1
lợi nhuận bán quần áo secondhand vô tri #8176 11665 ngàn,Business,income,1
tiền mạng internet wifi kiếp nạn thứ 82 #5729 299.000 đồng,Housing,expense,1
mua thuốc nhỏ mắt len vibe đỉnh #6062 201k,Health,expense,1
đi chill acoustic đỉnh nóc kịch trần #6076 385 ngàn,Entertainment,expense,1
kệ để đồ mĩ phẩm flexing #3063 488k,Shopping,expense,1
tiền lãi đầu tư coin 2.3tr,Business,income,1
lương làm trợ giảng over hợp 9.7tr,Salary,income,1
quạt tích điện để bàn xịn xò #3776 99k,Shopping,expense,1
mua quần jean ống rộng ngon nhức nách 78k,Shopping,expense,1
gét gô thôi anh em,Housing,expense,0
mua khóa học udemy xịn xò #8813 427K,Education,expense,1
thưởng sinh nhật công ty cháy phố 1.400.000 đồng,Bonus,income,1
nem chua rán ét ô ét 463k,Food,expense,1
tiền trúng thưởng mini game đỉnh nóc kịch trần #150 2.0củ,Business,income,1
săn sale kẹp tóc ầm ầm #7917 215k,Shopping,expense,1
tiền khám bệnh phòng khám ngon nhức nách #8242 387K,Health,expense,1
thu nhập affliate tiktok shop healing 2839 cành,Business,income,1
tiền nhận từ booking quảng cáo chill chill #1525 11288k,Business,income,1
xúc xích ăn liền vô tri 130K,Food,expense,1
tủ quần áo lắp ráp kiếp nạn thứ 82 #854 320K,Housing,expense,1
vào rạp chiếu phim lotte hết nấc #960 377 cành,Entertainment,expense,1
highlands phindi hết nấc #7153 69k,Food,expense,1
đu đỉnh coin cứu rỗi tâm hồn #3049 334K,Investment,expense,1
thưởng nóng từ sếp ét ô ét #9208 14.069.000 đồng,Bonus,income,1
mì trộn indomie xịn xò 166 cành,Food,expense,1
mặt nạ đất sét xu cà na 404k,Beauty,expense,1
sushi băng chuyền đỉnh nóc kịch trần #1712 377k,Food,expense,1
lương làm trợ giảng slay 1432 ngàn,Salary,income,1
thẻ xe bus điện vinbus ngon nhức nách #8344 382 ngàn,Transport,expense,1
highlands phindi ét ô ét #445 171k,Food,expense,1
vé đi triển lãm nghệ thuật ét ô ét 417k,Entertainment,expense,1
tiền thưởng kpi tháng over hợp 3204k,Bonus,income,1
mua trà hoa cúc ngủ ngon 247k,Health,expense,1
hát karaoke cháy máy xịn xò #7165 258k,Entertainment,expense,1
dầu gội bưởi mọc tóc hết nấc 244 ngàn,Beauty,expense,1
bún đậu mắm tôm ngon nhức nách,Entertainment,expense,0
lương làm trợ giảng slay #2458 7968k,Salary,income,1
thưởng nóng từ sếp chill chill 3.213.000 đồng,Bonus,income,1
rau hữu cơ bách hóa xanh 321 cành,Food,expense,1
cơm hộp tiện lợi kiếp nạn thứ 82 346.000 đồng,Food,expense,1
thưởng nhân viên xuất sắc mlem mlem #8403 2.2Tr,Bonus,income,1
bán tài liệu học tập cũ cứu rỗi tâm hồn 7.1củ,Business,income,1
tiền xăng xe tay ga chill chill #2029 113k,Transport,expense,1
dầu gội bưởi mọc tóc xịn xò 165k,Beauty,expense,1
chơi boardgame cùng hội bạn cứu rỗi tâm hồn #1349 30k,Entertainment,expense,1
lẩu haidilao over hợp #8854 203k,Food,expense,1
tiền nhận từ booking quảng cáo đỉnh nóc kịch trần #9032 7.128.000 đồng,Business,income,1
mua quà tạ lỗi bồ ét ô ét 107 ngàn,Social,expense,1
thưởng nhân viên xuất sắc kiếp nạn thứ 82 1.7củ,Bonus,income,1
nhận lương viết content over hợp 3079 ngàn,Salary,income,1
dầu gội bưởi mọc tóc cháy phố #5526 267 ngàn,Beauty,expense,1
popmart blindbox vô tri #6693 18k,Shopping,expense,1
lương thực tập sinh bèo bọt healing #1023 8.1Tr,Salary,income,1
mua đồ về làm mukbang cháy phố #7734 450K,Food,expense,1
tiền quỹ lớp vibe đỉnh 201k,Education,expense,1
bánh tráng phơi sương đỉnh nóc kịch trần #7776 121k,Food,expense,1
highlands phindi vô tri #9468 52k,Food,expense,1
góp quỹ từ thiện trường xu cà na 128k,Charity,expense,1
săn sale lazada 11.11 mlem mlem 126.000 đồng,Shopping,expense,1
chốt đơn shopee live mlem mlem #9917 65k,Shopping,expense,1
vé máy bay vietjet cứu rỗi tâm hồn #5721 19.000 đồng,Transport,expense,1
kệ để đồ mĩ phẩm vibe đỉnh #1339 90k,Shopping,expense,1
mua sách truyện manga mlem mlem #3580 242 ngàn,Entertainment,expense,1
tiền nhận từ booking quảng cáo ầm ầm 11.2tr,Business,income,1
nước tẩy trang bioderma slay #1475 378k,Beauty,expense,1
thưởng sinh nhật công ty cháy phố #849 9447 cành,Bonus,income,1
bút calligraphy 396k,Shopping,expense,1
lãi gửi tiết kiệm ngân hàng vô tri 5531k,Business,income,1
tiền thưởng kpi tháng xịn xò #4284 4121k,Bonus,income,1
thuê xe máy đi phượt cứu rỗi tâm hồn #1291 258K,Transport,expense,1
thưởng ngày lễ 30/4 ngon nhức nách #8675 1.4tr,Bonus,income,1
gấu bông labubu ầm ầm #2233 194 cành,Shopping,expense,1
bánh tráng trộn flexing #4617 149k,Food,expense,1
đăng ký test toeic chill chill #9278 425 ngàn,Education,expense,1
in tài liệu tiểu luận slay #1504 401 cành,Education,expense,1
bút calligraphy cháy phố #6953 163k,Shopping,expense,1
mua khóa cửa vân tay xịn xò 432.000 đồng,Housing,expense,1
tiền lãi chứng khoán nổ hũ chill chill #6582 9.0tr,Business,income,1
tiền nhổ răng khôn khóc thét vibe đỉnh #5563 478 ngàn,Health,expense,1
tiền bao người yêu đi ăn hết nấc #4541 396.000 đồng,Social,expense,1
gấu bông labubu chill chill 284 ngàn,Shopping,expense,1
đu đỉnh coin ầm ầm #9499 356k,Investment,expense,1
mua phụ kiện vòng tay slay #2648 294.000 đồng,Shopping,expense,1
tiền quỹ nhóm chia đều #3911 9.8Tr,Business,income,1
ting ting lương công ty healing 2.144.000 đồng,Salary,income,1
sticker dán laptop chill chill #7130 128 ngàn,Shopping,expense,1
mua sách tiếng anh mua xu cà na #7141 188.000 đồng,Education,expense,1
tiền chung cư mini cháy phố #4093 379 ngàn,Housing,expense,1
mua sách truyện manga cháy phố #5465 57k,Entertainment,expense,1
sushi băng chuyền xu cà na 80K,Food,expense,1
tủ quần áo lắp ráp mlem mlem 102.000 đồng,Housing,expense,1
tiền gửi xe hàng tháng 368k,Investment,expense,1
lãi gửi tiết kiệm ngân hàng ầm ầm #2018 2.5củ,Business,income,1
bút calligraphy xu cà na #1738 308 cành,Shopping,expense,1
bơ đậu phộng vô tri #9752 17k,Food,expense,1
vitamin c trắng da ầm ầm #1999 268.000 đồng,Health,expense,1
thịt bò ba chỉ hết nấc #5288 294k,Food,expense,1
mì cay cấp độ 7 hết nấc #7523 367k,Food,expense,1
bánh tráng trộn ầm ầm #6449 462K,Food,expense,1
mì trộn indomie ét ô ét #2420 144k,Food,expense,1
tiền quỹ nhóm chia đều slay #9063 4.6củ,Business,income,1
sinh tố bơ ngon ngậy xu cà na #6393 447.000 đồng,Food,expense,1
gọi bebike đi học mlem mlem #3764 400.000 đồng,Transport,expense,1
lương thực tập sinh bèo bọt chill chill 9306 ngàn,Salary,income,1
kệ để đồ mĩ phẩm xịn xò 400K,Shopping,expense,1
khoai lang mật kiếp nạn thứ 82 311 ngàn,Food,expense,1
nước hoa mini over hợp #5798 104k,Beauty,expense,1
thưởng ngày lễ 30/4 vibe đỉnh #141 4090 ngàn,Bonus,income,1
thưởng nóng từ sếp ngon nhức nách #8452 3587 ngàn,Bonus,income,1
bảng mắt màu khói healing 148 ngàn,Beauty,expense,1
nước ngọt coca zero vibe đỉnh 499 cành,Food,expense,1
rau hữu cơ bách hóa xanh chill chill 101k,Food,expense,1
nước ngọt coca zero mlem mlem 210k,Food,expense,1
vitamin c trắng da cháy phố #218 373k,Health,expense,1
đăng ký lớp yoga vô tri #1851 420 cành,Education,expense,1
góp quỹ từ thiện trường xịn xò #8513 290K,Charity,expense,1
serum trị mụn vô tri #185 268k,Beauty,expense,1
thưởng sinh nhật công ty hết nấc #4517 14.8tr,Bonus,income,1
rong biển cuộn cơm xu cà na 47k,Food,expense,1
mua đồ tiktok shop flexing #8376 367k,Shopping,expense,1
phở cuốn ét ô ét #1467 252k,Food,expense,1
tai nghe bluetooth chụp tai vô tri 261 ngàn,Shopping,expense,1
lương thực tập sinh bèo bọt vibe đỉnh #3007 1007 cành,Salary,income,1
tiền quỹ lớp kiếp nạn thứ 82 #7936 486 ngàn,Education,expense,1
rau hữu cơ bách hóa xanh cháy phố #5382 354k,Food,expense,1
gà tắm sốt slay #3720 404k,Food,expense,1
mua thực phẩm chức năng omega3 ét ô ét #1947 306k,Health,expense,1
vé xe limousine về quê gét gô 322k,Transport,expense,1
tiền bao người yêu đi ăn cứu rỗi tâm hồn 474k,Social,expense,1
mì tôm hảo hảo flexing 460k,Food,expense,1
tiền phạt vi phạm giao thông ầm ầm #9397 400k,Transport,expense,1
học phí đại học khóc thét ét ô ét 437.000 đồng,Education,expense,1
lương thực tập sinh bèo bọt hết nấc #3698 9043k,Salary,income,1
chơi boardgame cùng hội bạn ét ô ét #1495 237K,Entertainment,expense,1
mua đồ tiktok shop vô tri #1519 24k,Shopping,expense,1
chi phí đổi căn cước công dân mlem mlem #2082 187k,Investment,expense,1
gói khám sức khỏe tổng quát xu cà na #4763 467k,Health,expense,1
thưởng vượt doanh số hết nấc #9545 8.4tr,Bonus,income,1
sữa chua hy lạp mlem mlem #1865 424 ngàn,Food,expense,1
ức gà ăn kiêng gét gô #8602 337K,Food,expense,1
phòng lướt net net cỏ over hợp #1930 251k,Entertainment,expense,1
highlands phindi flexing #7350 494k,Food,expense,1
thưởng chuyên cần cháy phố #1352 11769 cành,Bonus,income,1
tiền xăng xe tay ga slay 478k,Transport,expense,1
lương làm trợ giảng cháy phố #8662 10.8củ,Salary,income,1
tiền cà phê giao lưu đối tác xu cà na 377k,Investment,expense,1
tiền mua đồ thắp hương ét ô ét #7235 66k,Investment,expense,1
lương part-time rủng rỉnh ngon nhức nách 14997 ngàn,Salary,income,1
mua nước lau sàn thơm healing #4921 345K,Housing,expense,1
sửa vòi nước hỏng xu cà na 236.000 đồng,Housing,expense,1
hủ tiếu gõ chill chill #8986 472k,Food,expense,1
sticker dán laptop chill chill #677 489k,Shopping,expense,1
dầu gió xanh cứu cánh xịn xò #2835 96k,Health,expense,1
chốt đơn shopee live gét gô #2273 124 ngàn,Shopping,expense,1
bán tài liệu học tập cũ over hợp 2.8củ,Business,income,1
bạc sỉu đá xu cà na #896 433k,Food,expense,1
mua phụ kiện vòng tay healing #1135 325k,Shopping,expense,1
gà rán jollibee xu cà na #7053 445.000 đồng,Food,expense,1
tiền thưởng kpi tháng slay 11704k,Bonus,income,1
săn sale kẹp tóc chill chill 414K,Shopping,expense,1
tiền vệ sinh rác thải ầm ầm #8842 411k,Housing,expense,1
ai đi cf không,Food,expense,0
sổ tay bullet journal chill chill #9585 498k,Shopping,expense,1
mua thực phẩm chức năng omega3 hết nấc #213 246K,Health,expense,1
chi phí đổi căn cước công dân over hợp #1557 254k,Investment,expense,1
mua sách truyện manga cứu rỗi tâm hồn #6595 211.000 đồng,Entertainment,expense,1
ét ô ét cứu cái phòng trọ này,Social,expense,0
thưởng ngày lễ 30/4 mlem mlem #8346 4.4củ,Bonus,income,1
decor lại phòng trọ xu cà na 157 cành,Housing,expense,1
ốp lưng iphone xịn xò cứu rỗi tâm hồn 475k,Shopping,expense,1
săn áo thun t-shirt mlem mlem #2773 32k,Shopping,expense,1
bánh tráng trộn mlem mlem 326k,Food,expense,1
vé xe limousine về quê kiếp nạn thứ 82 #5761 31 cành,Transport,expense,1
bảo dưỡng xe máy vô tri #1584 473 cành,Transport,expense,1
son tint bóng chill chill 95k,Beauty,expense,1
mua bút highlight mlem mlem #6448 222 cành,Education,expense,1
tiền trúng thưởng mini game vô tri #6399 6207K,Business,income,1
thu nhập từ kênh youtube mlem mlem #2620 3.0Tr,Business,income,1
vitamin c trắng da hết nấc 251k,Health,expense,1
vé concert anh trai flexing 227k,Entertainment,expense,1
mua game trên steam vô tri #3082 434k,Entertainment,expense,1
kệ để đồ mĩ phẩm cháy phố #7252 394k,Shopping,expense,1
tẩy tế bào chết cocoon xịn xò #3693 219k,Beauty,expense,1
bún đậu mắm tôm ngon nhức nách kiếp nạn thứ 82 #8976 315 ngàn,Food,expense,1
đăng ký lớp yoga ngon nhức nách #3264 331.000 đồng,Education,expense,1
vào rạp chiếu phim lotte mlem mlem #4224 54k,Entertainment,expense,1
mua kính râm thời trang 48K,Shopping,expense,1
mua vàng tích trữ 102k,Investment,expense,1
đăng ký test toeic xịn xò 246K,Education,expense,1
trà đào cam sả đỉnh nóc kịch trần #6162 73.000 đồng,Food,expense,1
lương cứng mỗi tháng ầm ầm #9396 12.7tr,Salary,income,1
tiền thuê phòng trọ ầm ầm 382.000 đồng,Housing,expense,1
son tint bóng over hợp #8865 312k,Beauty,expense,1
đăng ký test toeic vô tri #2956 459.000 đồng,Education,expense,1
lương part-time rủng rỉnh vô tri 328k,Salary,income,1
nước khoáng aquafina vô tri 248K,Food,expense,1
chúc mừng sinh nhật nhé,Social,expense,0
mua kính râm thời trang flexing 235k,Shopping,expense,1
mua cây decor phòng ngủ đỉnh nóc kịch trần 399k,Housing,expense,1
mua khóa cửa vân tay đỉnh nóc kịch trần #8319 160 ngàn,Housing,expense,1
son tint bóng kiếp nạn thứ 82 #2721 269K,Beauty,expense,1
tiền quỹ lớp ngon nhức nách #6612 376k,Education,expense,1
tiền bonus từ khách hàng flexing 9975 ngàn,Bonus,income,1
vé đi triển lãm nghệ thuật slay #1269 99 ngàn,Entertainment,expense,1
sinh tố bơ ngon ngậy cháy phố #9017 302K,Food,expense,1
mì trộn indomie xu cà na #7061 108 ngàn,Food,expense,1
thuê xe máy đi phượt vô tri #6263 436.000 đồng,Transport,expense,1
tiền lì xì tết tốn kém slay #8292 322K,Investment,expense,1
phòng lướt net net cỏ healing #6328 459K,Entertainment,expense,1
học phí học lái xe ô tô slay #4292 237 ngàn,Education,expense,1
thưởng ngày lễ 30/4 kiếp nạn thứ 82 #3463 8396 cành,Bonus,income,1
vé đi triển lãm nghệ thuật cứu rỗi tâm hồn #6698 304K,Entertainment,expense,1
lương admin fanpage kiếp nạn thứ 82 #719 7121 cành,Salary,income,1
chì kẻ mày phẩy sợi over hợp 181k,Beauty,expense,1
tiền lãi đầu tư coin ầm ầm #4242 11.4củ,Business,income,1
chơi boardgame cùng hội bạn healing #5786 128k,Entertainment,expense,1
trứng gà so 89 cành,Food,expense,1
đu đỉnh chứng khoán kiếp nạn thứ 82 191k,Investment,expense,1
bảng mắt màu khói gét gô #8198 339k,Beauty,expense,1
mua tài liệu ôn thi ét ô ét #2181 374K,Education,expense,1
bơ đậu phộng đỉnh nóc kịch trần #7955 225k,Food,expense,1
highlands phindi ét ô ét #3515 259k,Food,expense,1
bánh tráng trộn gét gô 248.000 đồng,Food,expense,1
chốt đơn túi xách đeo chéo cháy phố #4092 467k,Shopping,expense,1
sữa rửa mặt cetaphil hết nấc #6768 412.000 đồng,Beauty,expense,1
tiền thưởng kpi tháng flexing 5.1tr,Bonus,income,1
mua game trên steam cứu rỗi tâm hồn #3075 175k,Entertainment,expense,1
thu nhập từ kênh youtube ngon nhức nách #7657 1914k,Business,income,1
vớ tất cao cổ healing 483k,Shopping,expense,1
nước khoáng aquafina over hợp #2984 397k,Food,expense,1
bảng mắt màu khói chill chill #9761 55K,Beauty,expense,1
bảo dưỡng xe máy vibe đỉnh #1173 216 cành,Transport,expense,1
phở cuốn slay #5864 35k,Food,expense,1
đèn led hoàng hôn over hợp 96 ngàn,Shopping,expense,1
thưởng chuyên cần vibe đỉnh 4348k,Bonus,income,1
mua quà tạ lỗi bồ over hợp #2232 400k,Social,expense,1
xúc xích ăn liền vô tri #7934 190k,Food,expense,1
tiền trúng thưởng mini game healing 3.6củ,Business,income,1
thẻ xe bus điện vinbus cháy phố #3362 220.000 đồng,Transport,expense,1
tiền trúng thưởng mini game flexing 1.670.000 đồng,Business,income,1
lương cứng mỗi tháng #1347 3.3tr,Salary,income,1
vitamin c trắng da ngon nhức nách #4665 326k,Health,expense,1
ai đi cf không,Social,expense,0
trứng gà so vibe đỉnh #400 265 cành,Food,expense,1
tiền lãi đầu tư coin hết nấc #3170 13483K,Business,income,1
đu đỉnh chứng khoán healing 157k,Investment,expense,1
lương designer freelance xu cà na 13.9tr,Salary,income,1
thu nhập affliate tiktok shop gét gô 2.844.000 đồng,Business,income,1
sơn móng tay gel slay 348k,Beauty,expense,1
tẩy tế bào chết cocoon cứu rỗi tâm hồn 444k,Beauty,expense,1
mua sách tiếng anh mua vô tri #4045 49k,Education,expense,1
chốt đơn hoodie oversize chill chill #5448 318.000 đồng,Shopping,expense,1
rửa xe máy sạch bong đỉnh nóc kịch trần #182 464k,Transport,expense,1
nạp thẻ game liên quân mlem mlem #5043 349k,Entertainment,expense,1
tiền donate livestream ầm ầm #3845 13.2tr,Business,income,1
tiền cọc phòng trọ ngon nhức nách 125.000 đồng,Housing,expense,1
học phí đại học khóc thét đỉnh nóc kịch trần #894 57k,Education,expense,1
gói netflix xem phim healing 471k,Entertainment,expense,1
tiền vệ sinh rác thải mlem mlem 250K,Housing,expense,1
tiền thưởng dự án xuất sắc flexing 9722 cành,Bonus,income,1
tiền thuê phòng trọ vô tri #5063 389k,Housing,expense,1
mua nước súc miệng listerine xu cà na 384k,Health,expense,1
lương thực tập sinh bèo bọt ầm ầm #8203 14458k,Salary,income,1
mua quần jean ống rộng over hợp 57k,Shopping,expense,1
tiền thanh lý đồ cũ pass đồ ét ô ét #1570 7.5tr,Business,income,1
tiền trúng thưởng mini game đỉnh nóc kịch trần 2677 ngàn,Business,income,1
mua nước lau sàn thơm vibe đỉnh #2244 34.000 đồng,Housing,expense,1
trà sữa phúc long hết nấc 220 ngàn,Food,expense,1
gói khám sức khỏe tổng quát healing #1167 258 ngàn,Health,expense,1
khóa học tiếng anh ielts vibe đỉnh #2159 347k,Education,expense,1
tiền gửi xe hàng tháng ét ô ét #4270 435k,Investment,expense,1
gấu bông labubu vô tri #8123 437k,Shopping,expense,1
học phí khóa học photoshop ngon nhức nách 490k,Education,expense,1
mua quần áo local brand ét ô ét #1575 341k,Shopping,expense,1
bảo dưỡng xe máy 158k,Transport,expense,1
bún đậu mắm tôm ngon nhức nách,Entertainment,expense,0
tiền donate livestream ét ô ét #7022 7.4củ,Business,income,1
gói khám sức khỏe tổng quát kiếp nạn thứ 82 #5048 352k,Health,expense,1
trứng gà so xịn xò 253k,Food,expense,1
sinh tố bơ ngon ngậy vibe đỉnh #4720 247.000 đồng,Food,expense,1
mua giày sneaker mlem cứu rỗi tâm hồn #7485 247 ngàn,Shopping,expense,1
chốt đơn chưa bồ ơi,Housing,expense,0
tiền donate livestream kiếp nạn thứ 82 #3604 3.2tr,Business,income,1
mua game trên steam slay 265k,Entertainment,expense,1
đóng tiền phạt muộn hết nấc 404k,Investment,expense,1
lương làm mẫu ảnh over hợp #7026 9811K,Salary,income,1
túi sưởi mini gét gô 368 ngàn,Shopping,expense,1
đu đỉnh chứng khoán flexing #9570 362.000 đồng,Investment,expense,1
mua đồ về làm mukbang slay 19.000 đồng,Food,expense,1
decor lại phòng trọ xu cà na #4849 285k,Housing,expense,1
đi chợ đầu mối healing #851 156k,Shopping,expense,1
tiền đóng bảo hiểm y tế xu cà na #6064 412.000 đồng,Health,expense,1
rửa xe máy sạch bong gét gô 29K,Transport,expense,1
mua vàng tích trữ cứu rỗi tâm hồn #6782 474k,Investment,expense,1
nước ngọt coca zero healing 439k,Food,expense,1
mua mũ bảo hiểm có kính cháy phố #908 486k,Transport,expense,1
vé đi triển lãm nghệ thuật đỉnh nóc kịch trần 269k,Entertainment,expense,1
tiền mừng cưới bạn thân over hợp 386k,Social,expense,1
bình giữ nhiệt stanley ngon nhức nách #3643 423k,Shopping,expense,1
mua đồ tiktok shop vibe đỉnh #498 233k,Shopping,expense,1
nước ép hoa quả healthy ét ô ét #568 60k,Food,expense,1
nhận lương viết content đỉnh nóc kịch trần #4984 12.348.000 đồng,Salary,income,1
hát karaoke cháy máy ầm ầm 174k,Entertainment,expense,1
vé xem phim cgv cháy phố 285k,Entertainment,expense,1
tiền phạt vi phạm giao thông chill chill 349k,Transport,expense,1
gửi xe trung tâm thương mại chill chill #8350 389 ngàn,Transport,expense,1
mua tài liệu ôn thi hết nấc 446.000 đồng,Education,expense,1
nem chua rán ngon nhức nách #5701 109k,Food,expense,1
tiền mừng cưới bạn thân healing #2892 178 ngàn,Social,expense,1
bảo dưỡng xe máy ầm ầm #215 137k,Transport,expense,1
tiền bao người yêu đi ăn kiếp nạn thứ 82 #3843 27 ngàn,Social,expense,1
quyên góp từ thiện chống lũ ầm ầm 138 cành,Charity,expense,1
highlands phindi xịn xò #1605 82K,Food,expense,1
nước tẩy trang bioderma chill chill #434 234k,Beauty,expense,1
k buffet cứu rỗi tâm hồn #3878 222k,Food,expense,1
nước hoa mini flexing #5128 199k,Beauty,expense,1
tai nghe bluetooth chụp tai ét ô ét #6918 114.000 đồng,Shopping,expense,1
tiền mua đồ thắp hương healing #4120 246k,Investment,expense,1
mua thuốc uống cảm cúm mlem mlem #7252 239k,Health,expense,1
vé xe limousine về quê #9950 428 cành,Transport,expense,1
vé concert anh trai ét ô ét 235k,Entertainment,expense,1
rửa xe máy sạch bong đỉnh nóc kịch trần 244 ngàn,Transport,expense,1
lương thực tập sinh bèo bọt flexing 11754 cành,Salary,income,1
vào rạp chiếu phim lotte flexing #8449 303k,Entertainment,expense,1
vé concert anh trai vibe đỉnh 28k,Entertainment,expense,1
bảng mắt màu khói gét gô 204.000 đồng,Beauty,expense,1
mua khóa học udemy flexing #3172 363k,Education,expense,1
thưởng chuyên cần mlem mlem #6721 13413k,Bonus,income,1
hạt granola ầm ầm 110 ngàn,Food,expense,1
khóa học tiếng anh ielts cháy phố 195k,Education,expense,1
trà sữa phê la vibe đỉnh #8866 304k,Food,expense,1
kem dưỡng phục hồi b5 đỉnh nóc kịch trần #6334 323 cành,Beauty,expense,1
thưởng tết âm lịch ấm áp cháy phố #2962 7398 ngàn,Bonus,income,1
củ sạc nhanh baseus slay #3901 169k,Shopping,expense,1
mua vàng tích trữ slay #4267 454 ngàn,Investment,expense,1
trà sữa phê la gét gô 446.000 đồng,Food,expense,1
săn áo thun t-shirt over hợp 448.000 đồng,Shopping,expense,1
rong biển cuộn cơm kiếp nạn thứ 82 #2053 454k,Food,expense,1
tiền thanh lý đồ cũ pass đồ hết nấc 8698K,Business,income,1
túi sưởi mini cứu rỗi tâm hồn 68k,Shopping,expense,1
tiền cọc phòng trọ over hợp #1365 17k,Housing,expense,1
nạp thẻ game liên quân kiếp nạn thứ 82 #6249 248k,Entertainment,expense,1
thưởng nhân viên xuất sắc vibe đỉnh 997K,Bonus,income,1
tiền cà phê giao lưu đối tác over hợp 257 ngàn,Investment,expense,1
đi chill acoustic #3524 216K,Entertainment,expense,1
thuốc nhỏ mũi xịt hết nấc 71K,Health,expense,1
quạt tích điện để bàn ngon nhức nách #3144 367k,Shopping,expense,1
thưởng ngày lễ 30/4 ét ô ét #364 9809k,Bonus,income,1
kệ để đồ mĩ phẩm đỉnh nóc kịch trần 497k,Shopping,expense,1
nước hoa mini gét gô 425k,Beauty,expense,1
trà sữa gongcha cứu rỗi tâm hồn 14K,Food,expense,1
mua tài liệu ôn thi xu cà na #2886 280K,Education,expense,1
kem chống nắng nâng tông kiếp nạn thứ 82 #3699 142.000 đồng,Beauty,expense,1
lương thực tập sinh bèo bọt ét ô ét #7390 13764k,Salary,income,1
tiền mừng cưới bạn thân vibe đỉnh #8198 296k,Social,expense,1
khoai lang mật xịn xò #8368 264.000 đồng,Food,expense,1
lương làm mẫu ảnh vô tri #4539 11.3củ,Salary,income,1
bún đậu mắm tôm ngon nhức nách flexing #8368 194K,Food,expense,1
gấu bông labubu đỉnh nóc kịch trần 418 ngàn,Shopping,expense,1
chốt đơn shopee live vibe đỉnh 32K,Shopping,expense,1
nước hoa mini kiếp nạn thứ 82 141k,Beauty,expense,1
rửa xe máy sạch bong healing 451k,Transport,expense,1
gấu bông labubu healing #5589 154K,Shopping,expense,1
bún đậu mắm tôm ngon nhức nách,Food,expense,0
tiền bonus từ khách hàng healing #4407 7.7củ,Bonus,income,1
hôm nay trời đẹp ghê,Social,expense,0
mua quần jean ống rộng kiếp nạn thứ 82 #681 112k,Shopping,expense,1
lương cứng mỗi tháng cứu rỗi tâm hồn #1487 4404 cành,Salary,income,1
tiền bán hàng shopee chill chill #3932 10196k,Business,income,1
bút calligraphy cháy phố #1174 263k,Shopping,expense,1
tiền lãi chứng khoán nổ hũ ầm ầm 10685 ngàn,Business,income,1
mua sách truyện manga hết nấc #4266 415k,Entertainment,expense,1
rau hữu cơ bách hóa xanh slay 191.000 đồng,Food,expense,1
săn áo thun t-shirt #1436 324.000 đồng,Shopping,expense,1
lương cứng mỗi tháng ét ô ét #5963 4.949.000 đồng,Salary,income,1
bơ đậu phộng slay #6026 247.000 đồng,Food,expense,1
lương part-time rủng rỉnh #572 12408K,Salary,income,1
tiền bán hàng shopee ầm ầm #605 572 cành,Business,income,1
thưởng chuyên cần đỉnh nóc kịch trần #8104 4467K,Bonus,income,1
đăng ký test toeic 212.000 đồng,Education,expense,1
lương admin fanpage hết nấc 3.8tr,Salary,income,1
tiền lãi chứng khoán nổ hũ xịn xò #8105 7607k,Business,income,1
lương admin fanpage 12661 cành,Salary,income,1
mua mũ bảo hiểm có kính mlem mlem 232k,Transport,expense,1
khoai lang mật ngon nhức nách #2748 153 ngàn,Food,expense,1
nhận lương viết content hết nấc #4792 14.6Tr,Salary,income,1
nhận lương viết content kiếp nạn thứ 82 #2465 784k,Salary,income,1
vớ tất cao cổ cứu rỗi tâm hồn #9288 47k,Shopping,expense,1
tiền gửi xe hàng tháng vibe đỉnh #204 77k,Investment,expense,1
đồ ăn vặt cổng trường hết nấc 478k,Food,expense,1
săn áo thun t-shirt mlem mlem #6600 458K,Shopping,expense,1
matcha latte xịn sò over hợp #1480 379K,Food,expense,1
đồ ăn vặt cổng trường vô tri #2388 417K,Food,expense,1
tiền quỹ lớp ngon nhức nách 242k,Education,expense,1
nước khoáng aquafina vô tri #7843 437k,Food,expense,1
nạp thẻ game liên quân kiếp nạn thứ 82 90k,Entertainment,expense,1
k buffet kiếp nạn thứ 82 #5050 120k,Food,expense,1
mua khóa học udemy over hợp #2511 446 ngàn,Education,expense,1
tiền bán hàng shopee ầm ầm #7784 4246K,Business,income,1
lẩu haidilao kiếp nạn thứ 82 419k,Food,expense,1
ăn sập sình ầm ầm #393 107k,Food,expense,1
mặt nạ đất sét #5160 57k,Beauty,expense,1
highlands phindi kiếp nạn thứ 82 #6487 326k,Food,expense,1
rửa xe máy sạch bong mlem mlem #3937 430.000 đồng,Transport,expense,1
nước ngọt coca zero hết nấc #5234 239k,Food,expense,1
ting ting lương công ty cháy phố #4828 6.4Tr,Salary,income,1
tiền điện nước giá kinh hoàng ét ô ét 118k,Housing,expense,1
mua thuốc uống cảm cúm ét ô ét #6428 70K,Health,expense,1
kem dưỡng phục hồi b5 healing 119k,Beauty,expense,1
đu đỉnh chứng khoán xịn xò #1025 491k,Investment,expense,1
mua khẩu trang 4d ầm ầm 372k,Health,expense,1
ơm tấm sườn bì chả healing #8556 497K,Food,expense,1
nước khoáng aquafina flexing #8510 486K,Food,expense,1
nước tẩy trang bioderma cứu rỗi tâm hồn #4662 376.000 đồng,Beauty,expense,1
đóng tiền phạt muộn vibe đỉnh 246k,Investment,expense,1
thay dầu nhớt castrol over hợp #7253 320.000 đồng,Transport,expense,1
chốt đơn chưa bồ ơi,Housing,expense,0
mì trộn indomie ầm ầm 332k,Food,expense,1
vé xem phim cgv vô tri #4670 253k,Entertainment,expense,1
ốp lưng iphone xịn xò flexing #5775 199k,Shopping,expense,1
lương cứng mỗi tháng ét ô ét #3862 13.6tr,Salary,income,1
vé xe limousine về quê cháy phố #2533 34k,Transport,expense,1
mixue kem cây xịn xò 444k,Food,expense,1
xiên bẩn cháy phố #2376 377 cành,Food,expense,1
thưởng ngày lễ 30/4 xịn xò 4013 cành,Bonus,income,1
tiền mừng cưới bạn thân healing #7752 457 ngàn,Social,expense,1
lương cứng mỗi tháng flexing #2392 12408 cành,Salary,income,1
mua giày sneaker mlem chill chill #5674 196 cành,Shopping,expense,1
củ sạc nhanh baseus over hợp 383.000 đồng,Shopping,expense,1
tiền chung cư mini chill chill #1231 138.000 đồng,Housing,expense,1
mua quần jean ống rộng đỉnh nóc kịch trần #6238 480k,Shopping,expense,1
lương admin fanpage gét gô #9859 12243 ngàn,Salary,income,1
lương designer freelance gét gô #9576 1903 ngàn,Salary,income,1
yến mạch giảm cân kiếp nạn thứ 82 #7482 370k,Food,expense,1
bút calligraphy hết nấc #7005 162.000 đồng,Shopping,expense,1
dầu gió xanh cứu cánh vibe đỉnh #9228 457.000 đồng,Health,expense,1
tiền cọc phòng trọ hết nấc #3503 192 ngàn,Housing,expense,1
thuê xe máy đi phượt hết nấc #1037 444k,Transport,expense,1
tiền quỹ lớp ét ô ét #9705 313k,Education,expense,1
thưởng nhân viên xuất sắc cứu rỗi tâm hồn 2478 cành,Bonus,income,1
mua thuốc uống cảm cúm gét gô 234.000 đồng,Health,expense,1
gà tắm sốt chill chill #6953 392k,Food,expense,1
mua bông y tế tẩy trang ầm ầm 58k,Health,expense,1
tiền bán hàng shopee xịn xò #8071 14.4Tr,Business,income,1
mua sách tiếng anh mua slay #5050 11 ngàn,Education,expense,1
mua quần áo local brand flexing #8573 203k,Shopping,expense,1
chì kẻ mày phẩy sợi 368K,Beauty,expense,1
gói netflix xem phim mlem mlem #1787 418k,Entertainment,expense,1
tiền thưởng kpi tháng #8539 4983 ngàn,Bonus,income,1
đu đỉnh coin ét ô ét #6401 294.000 đồng,Investment,expense,1
nhận lương viết content hết nấc #4161 12.206.000 đồng,Salary,income,1
vé concert anh trai gét gô #4005 227 ngàn,Entertainment,expense,1
đi bar pub quẩy chill chill #8910 281.000 đồng,Entertainment,expense,1
book phòng homestay đà lạt slay 340K,Transport,expense,1
cà phê muối gét gô #3575 61k,Food,expense,1
tiền lãi chứng khoán nổ hũ xu cà na #6595 10441 cành,Business,income,1
k buffet đỉnh nóc kịch trần #5577 260k,Food,expense,1
tiền thưởng dự án xuất sắc gét gô #3188 5.7tr,Bonus,income,1
mua tài liệu ôn thi gét gô 308K,Education,expense,1
đi đu idol kpop gét gô #609 77 cành,Entertainment,expense,1
tiền bố mẹ tiếp tế #7648 5268 cành,Business,income,1
tiền khám bệnh phòng khám healing #2458 89.000 đồng,Health,expense,1
mixue kem cây ngon nhức nách 12k,Food,expense,1
tủ quần áo lắp ráp healing #6723 96k,Housing,expense,1
tiền donate livestream ầm ầm #4549 7026 ngàn,Business,income,1
nước ép hoa quả healthy flexing 479k,Food,expense,1
tiền phạt vi phạm giao thông mlem mlem 257 ngàn,Transport,expense,1
gấu bông labubu ngon nhức nách 244.000 đồng,Shopping,expense,1
thảm lau chân dễ thương kiếp nạn thứ 82 #884 296 cành,Shopping,expense,1
mua giày sneaker mlem chill chill 452K,Shopping,expense,1
khoai lang mật chill chill #3310 229k,Food,expense,1
ức gà ăn kiêng đỉnh nóc kịch trần #7717 311k,Food,expense,1
nạp thẻ game liên quân healing #5921 43.000 đồng,Entertainment,expense,1
gói netflix xem phim over hợp 458K,Entertainment,expense,1
dầu gội bưởi mọc tóc đỉnh nóc kịch trần 344k,Beauty,expense,1
in tài liệu tiểu luận cháy phố #4244 166k,Education,expense,1
tokbokki phô mai gét gô #337 415k,Food,expense,1
săn áo thun t-shirt kiếp nạn thứ 82 216.000 đồng,Shopping,expense,1
lệ phí thi lại môn hết nấc #8556 110 ngàn,Education,expense,1
vé xem phim cgv chill chill #6340 42k,Entertainment,expense,1
tiền bố mẹ tiếp tế xịn xò #6027 10758K,Business,income,1
tiền bán hàng shopee đỉnh nóc kịch trần #139 13.6củ,Business,income,1
đi đu idol kpop kiếp nạn thứ 82 163K,Entertainment,expense,1
thưởng sinh nhật công ty ét ô ét #1194 14.940.000 đồng,Bonus,income,1
mua sách tiếng anh mua gét gô 224 ngàn,Education,expense,1
tiền xăng xe tay ga gét gô #4171 448k,Transport,expense,1
phòng lướt net net cỏ mlem mlem #2095 249K,Entertainment,expense,1
tiền lãi đầu tư coin gét gô #3358 5602 ngàn,Business,income,1
tiền sinh nhật đứa bạn xu cà na #756 494k,Social,expense,1
mua máy sấy tóc chill chill #9609 301K,Housing,expense,1
nạp thẻ game liên quân over hợp 163k,Entertainment,expense,1
tiền lãi đầu tư coin chill chill 1290k,Business,income,1
tiền thưởng dự án xuất sắc xịn xò #9174 13814k,Bonus,income,1
cushion che khuyết điểm ầm ầm #6882 395 cành,Beauty,expense,1
vào rạp chiếu phim lotte xu cà na 348 ngàn,Entertainment,expense,1
tiền trúng thưởng mini game vibe đỉnh 6414k,Business,income,1
sơn móng tay gel chill chill #7091 441 cành,Beauty,expense,1
nước hoa mini gét gô #8126 488 ngàn,Beauty,expense,1
mua khóa học udemy chill chill #1048 380k,Education,expense,1
phòng lướt net net cỏ vibe đỉnh #8394 364k,Entertainment,expense,1
mì trộn indomie over hợp 219.000 đồng,Food,expense,1
mua khẩu trang 4d slay 347k,Health,expense,1
lương làm mẫu ảnh ngon nhức nách #6081 11.6củ,Salary,income,1
cushion che khuyết điểm cứu rỗi tâm hồn #3677 307k,Beauty,expense,1
book phòng homestay đà lạt xu cà na 496K,Transport,expense,1
tiền đóng bảo hiểm y tế cháy phố #6203 336.000 đồng,Health,expense,1
học phí học lái xe ô tô chill chill #3889 56 cành,Education,expense,1
phòng lướt net net cỏ xu cà na #9369 486k,Entertainment,expense,1
bạc sỉu đá kiếp nạn thứ 82 #8974 31K,Food,expense,1
mua sách tiếng anh mua gét gô #6458 92k,Education,expense,1
k buffet ét ô ét 392 ngàn,Food,expense,1
tiền mua đồ thắp hương xu cà na #157 11K,Investment,expense,1
thưởng vượt doanh số 11.9củ,Bonus,income,1
sữa rửa mặt cetaphil kiếp nạn thứ 82 #5032 34 ngàn,Beauty,expense,1
sửa vòi nước hỏng chill chill #3652 54k,Housing,expense,1
tủ quần áo lắp ráp xu cà na #8453 324k,Housing,expense,1
nạp vip spotify slay #3333 80k,Entertainment,expense,1
mua vàng tích trữ xịn xò #5593 463k,Investment,expense,1
tiền bao người yêu đi ăn healing 448k,Social,expense,1
túi sưởi mini gét gô #958 165 ngàn,Shopping,expense,1
tiền mạng internet wifi 261k,Housing,expense,1
tiền sinh nhật đứa bạn ét ô ét #945 230k,Social,expense,1
trà sữa gongcha slay 330 cành,Food,expense,1
mua mũ bảo hiểm có kính healing #5948 484k,Transport,expense,1
đèn led hoàng hôn đỉnh nóc kịch trần 373 ngàn,Shopping,expense,1
thuốc nhỏ mũi xịt kiếp nạn thứ 82 #2750 253k,Health,expense,1
bia chill cùng bạn healing #7190 332 ngàn,Food,expense,1
bánh tráng trộn xu cà na #7520 279k,Food,expense,1
nước ngọt coca zero cháy phố 125k,Food,expense,1
matcha latte xịn sò vô tri 25.000 đồng,Food,expense,1
lợi nhuận bán quần áo secondhand xịn xò 10.2tr,Business,income,1
tiền lãi chứng khoán nổ hũ xu cà na #3342 14204k,Business,income,1
học phí đại học khóc thét #4300 426.000 đồng,Education,expense,1
serum trị mụn cháy phố #9425 128 cành,Beauty,expense,1
hát karaoke cháy máy cháy phố #112 301k,Entertainment,expense,1
nước ngọt coca zero gét gô 427.000 đồng,Food,expense,1
trứng gà so flexing 265 ngàn,Food,expense,1
mì tôm hảo hảo xịn xò #7836 352k,Food,expense,1
xúc xích ăn liền vô tri #7742 133k,Food,expense,1
bảo dưỡng xe máy kiếp nạn thứ 82 #2747 170.000 đồng,Transport,expense,1
thịt bò ba chỉ gét gô #7198 174 ngàn,Food,expense,1
nước ép hoa quả healthy ét ô ét #2579 29.000 đồng,Food,expense,1
phí dịch vụ chung cư đỉnh nóc kịch trần #4540 284k,Housing,expense,1
lẩu haidilao healing #4724 259k,Food,expense,1
tiền chung cư mini đỉnh nóc kịch trần #8390 427 ngàn,Housing,expense,1
sinh tố bơ ngon ngậy over hợp 162k,Food,expense,1
phí dịch vụ chung cư vô tri #6983 206k,Housing,expense,1
bia chill cùng bạn ầm ầm #8648 31K,Food,expense,1
tiền lì xì tết tốn kém đỉnh nóc kịch trần 369 cành,Investment,expense,1
dầu gội bưởi mọc tóc kiếp nạn thứ 82 191k,Beauty,expense,1
tiền thưởng dự án xuất sắc hết nấc #8923 10194k,Bonus,income,1
thưởng chuyên cần cháy phố #1146 9.4củ,Bonus,income,1
vé máy bay vietjet xu cà na #565 40 cành,Transport,expense,1
gà rán jollibee mlem mlem #2225 126 cành,Food,expense,1
khóa học tiếng anh ielts flexing #7562 223k,Education,expense,1
thuốc nhỏ mũi xịt slay 442k,Health,expense,1
nước khoáng aquafina chill chill #7154 237k,Food,expense,1
đu đỉnh chứng khoán xu cà na 311 cành,Investment,expense,1
tiền cọc phòng trọ đỉnh nóc kịch trần #3718 446.000 đồng,Housing,expense,1
phòng lướt net net cỏ ầm ầm 265.000 đồng,Entertainment,expense,1
thưởng ngày lễ 30/4 healing #9154 9.4củ,Bonus,income,1
mua bao cao su durex over hợp #5669 184 cành,Health,expense,1
trứng gà so ét ô ét #127 194K,Food,expense,1
mua mũ bảo hiểm có kính healing #7588 245 ngàn,Transport,expense,1
lương làm trợ giảng vô tri #8783 13504k,Salary,income,1
phí dịch vụ chung cư xịn xò #4520 182 cành,Housing,expense,1
in tài liệu tiểu luận xịn xò #6564 175.000 đồng,Education,expense,1
mua trà hoa cúc ngủ ngon slay 166K,Health,expense,1
mua vàng tích trữ xịn xò #324 124k,Investment,expense,1
ức gà ăn kiêng gét gô #9114 336k,Food,expense,1
thưởng ngày lễ 30/4 xu cà na #9519 7832 ngàn,Bonus,income,1
bán tài liệu học tập cũ cứu rỗi tâm hồn #3739 14872K,Business,income,1
mua cây decor phòng ngủ ngon nhức nách #7499 440k,Housing,expense,1
săn sale lazada 11.11 ầm ầm 52k,Shopping,expense,1
đi chợ đầu mối ầm ầm #3506 375K,Shopping,expense,1
góp quỹ từ thiện trường over hợp 227k,Charity,expense,1
thưởng nóng từ sếp vô tri #1137 9097K,Bonus,income,1
mua nước súc miệng listerine mlem mlem 13K,Health,expense,1
thưởng tết âm lịch ấm áp ngon nhức nách 3021 cành,Bonus,income,1
gà rán jollibee ét ô ét #7752 19k,Food,expense,1
tiền donate livestream vibe đỉnh 4387k,Business,income,1
chơi boardgame cùng hội bạn vibe đỉnh 349k,Entertainment,expense,1
tiền chung cư mini cứu rỗi tâm hồn #8429 175K,Housing,expense,1
đu đỉnh coin gét gô 255k,Investment,expense,1
tiền trúng thưởng mini game slay #1799 11828 ngàn,Business,income,1
lương làm mẫu ảnh cứu rỗi tâm hồn 5.8củ,Salary,income,1
mua đồ về làm mukbang chill chill #3044 46k,Food,expense,1
thưởng tết âm lịch ấm áp xịn xò #1343 11590 ngàn,Bonus,income,1
mua khóa học tik tok master flexing #1741 44 ngàn,Education,expense,1
mì tôm hảo hảo slay 362k,Food,expense,1
mì cay cấp độ 7 kiếp nạn thứ 82 #4746 127k,Food,expense,1
chốt đơn hoodie oversize mlem mlem #5570 130 cành,Shopping,expense,1
khoai lang mật gét gô 500K,Food,expense,1
chốt đơn chưa bồ ơi,Social,expense,0
nệm cao su non vô tri #1427 232k,Housing,expense,1
decor lại phòng trọ ngon nhức nách 396.000 đồng,Housing,expense,1
mua quà tạ lỗi bồ vô tri #1148 362k,Social,expense,1
trà đào cam sả #9552 132K,Food,expense,1
lương làm mẫu ảnh vibe đỉnh 9339 ngàn,Salary,income,1
mua đồ về làm mukbang ngon nhức nách #1604 420k,Food,expense,1
thuê gia sư kèm 1-1 ét ô ét 156 ngàn,Education,expense,1
đèn led hoàng hôn ét ô ét #9556 115 cành,Shopping,expense,1
tiền trúng thưởng mini game cháy phố #9360 895k,Business,income,1
sơn móng tay gel ngon nhức nách 407K,Beauty,expense,1
mua thuốc uống cảm cúm vibe đỉnh #5672 188.000 đồng,Health,expense,1
tiền mạng internet wifi cháy phố #275 470k,Housing,expense,1
tiền điện nước giá kinh hoàng cứu rỗi tâm hồn 50.000 đồng,Housing,expense,1
xúc xích ăn liền cháy phố #9496 201k,Food,expense,1
tiền thưởng dự án xuất sắc healing 7.7củ,Bonus,income,1
k buffet cứu rỗi tâm hồn 62 cành,Food,expense,1
tiền thưởng kpi tháng vô tri #3994 9.373.000 đồng,Bonus,income,1
mua sách tiếng anh mua ét ô ét #319 165 cành,Education,expense,1
mua trà hoa cúc ngủ ngon chill chill #1533 400.000 đồng,Health,expense,1
tiền bonus từ khách hàng over hợp #9589 7180K,Bonus,income,1
sổ tay bullet journal đỉnh nóc kịch trần #965 184K,Shopping,expense,1
bánh tráng phơi sương over hợp 15 cành,Food,expense,1
tiền thưởng dự án xuất sắc ầm ầm #7363 1242 cành,Bonus,income,1
chốt đơn túi xách đeo chéo cháy phố #3386 441.000 đồng,Shopping,expense,1
chì kẻ mày phẩy sợi xịn xò 148k,Beauty,expense,1
thưởng nóng từ sếp xu cà na #7618 12832 cành,Bonus,income,1
nhận lương chạy grab kịch sàn cháy phố #7537 13.121.000 đồng,Salary,income,1
dầu gió xanh cứu cánh xịn xò #708 432K,Health,expense,1
vớ tất cao cổ #1643 160k,Shopping,expense,1
bút calligraphy vô tri #2619 366 ngàn,Shopping,expense,1
ức gà ăn kiêng kiếp nạn thứ 82 152k,Food,expense,1
mua quần jean ống rộng flexing #8151 496k,Shopping,expense,1
book phòng homestay đà lạt xịn xò #1632 296k,Transport,expense,1
book phòng homestay đà lạt ầm ầm 498.000 đồng,Transport,expense,1
mua thuốc uống cảm cúm gét gô #7070 25 cành,Health,expense,1
tiền thuê phòng trọ ét ô ét 12K,Housing,expense,1
bút calligraphy over hợp #9658 128 cành,Shopping,expense,1
quyên góp từ thiện chống lũ xu cà na #1952 135 cành,Charity,expense,1
tiền thuê phòng trọ cứu rỗi tâm hồn 373K,Housing,expense,1
mua thuốc nhỏ mắt len ét ô ét 26 ngàn,Health,expense,1
bún đậu mắm tôm ngon nhức nách,Food,expense,0
thuê xe máy đi phượt xu cà na #340 436 ngàn,Transport,expense,1
thưởng tết âm lịch ấm áp #7821 6057 cành,Bonus,income,1
gà rán jollibee mlem mlem #111 216.000 đồng,Food,expense,1
thuê gia sư kèm 1-1 cháy phố 232 cành,Education,expense,1
tiền vệ sinh rác thải kiếp nạn thứ 82 #754 468k,Housing,expense,1
sữa chua hy lạp over hợp #7655 24k,Food,expense,1
trà sữa gongcha healing #9730 240k,Food,expense,1
đóng tiền phạt muộn ầm ầm #6723 470K,Investment,expense,1
bánh tráng phơi sương healing #2294 229.000 đồng,Food,expense,1
mua nước lau sàn thơm xu cà na #7822 62k,Housing,expense,1
tiền đóng bảo hiểm y tế #1975 89.000 đồng,Health,expense,1
phí dịch vụ chung cư đỉnh nóc kịch trần 133.000 đồng,Housing,expense,1
tiền quỹ lớp slay 373k,Education,expense,1
xúc xích ăn liền cháy phố 497k,Food,expense,1
mua quà tạ lỗi bồ cháy phố 132.000 đồng,Social,expense,1
sữa chua hy lạp vibe đỉnh 27 cành,Food,expense,1
thuê xe máy đi phượt over hợp 159k,Transport,expense,1
tiền khám bệnh phòng khám chill chill #765 242 ngàn,Health,expense,1
tiền quỹ nhóm chia đều gét gô 1.7Tr,Business,income,1
thưởng nóng từ sếp xu cà na 11.7Tr,Bonus,income,1
mua thuốc uống cảm cúm ngon nhức nách 487 cành,Health,expense,1
popmart blindbox ầm ầm #9665 147K,Shopping,expense,1
thu nhập từ kênh youtube cứu rỗi tâm hồn 12.2Tr,Business,income,1
tokbokki phô mai ầm ầm 154 cành,Food,expense,1
mua thực phẩm chức năng omega3 đỉnh nóc kịch trần #5640 191 cành,Health,expense,1
gói netflix xem phim healing #8219 495.000 đồng,Entertainment,expense,1
lương part-time rủng rỉnh vibe đỉnh #9916 1916 cành,Salary,income,1
nước cốt xương flexing 192k,Food,expense,1
tiền mua đồ thắp hương ét ô ét #3392 253k,Investment,expense,1
tiền nhận từ booking quảng cáo gét gô #934 1.5Tr,Business,income,1
kem dưỡng phục hồi b5 kiếp nạn thứ 82 #6145 228K,Beauty,expense,1
sữa rửa mặt cetaphil xịn xò 163k,Beauty,expense,1
mua mũ bảo hiểm có kính cứu rỗi tâm hồn #7101 290k,Transport,expense,1
đi siêu thị go sắm đồ vibe đỉnh 26.000 đồng,Shopping,expense,1
nước cốt xương gét gô #1936 311k,Food,expense,1
quyên góp từ thiện chống lũ ngon nhức nách #7921 490K,Charity,expense,1
tiền quỹ nhóm chia đều ét ô ét #1337 5.5Tr,Business,income,1
decor lại phòng trọ ét ô ét #3796 205 ngàn,Housing,expense,1
thu nhập từ kênh youtube 12446k,Business,income,1
tai nghe bluetooth chụp tai cứu rỗi tâm hồn #2953 109k,Shopping,expense,1
book phòng homestay đà lạt đỉnh nóc kịch trần #6947 148 cành,Transport,expense,1
lợi nhuận bán quần áo secondhand healing 1922K,Business,income,1
tiền mạng internet wifi over hợp 139k,Housing,expense,1
tiền thuê phòng trọ over hợp #7072 306K,Housing,expense,1
tiền gửi xe hàng tháng đỉnh nóc kịch trần 186 ngàn,Investment,expense,1
tiền đóng bảo hiểm y tế #2407 367k,Health,expense,1
mua sách truyện manga vibe đỉnh #2373 212k,Entertainment,expense,1
matcha latte xịn sò kiếp nạn thứ 82 189k,Food,expense,1
cơm hộp tiện lợi #5159 446 cành,Food,expense,1
lương làm trợ giảng ngon nhức nách #7958 1474 ngàn,Salary,income,1
serum trị mụn ầm ầm #6501 46k,Beauty,expense,1
tiền cọc phòng trọ xu cà na #2667 363 ngàn,Housing,expense,1
quyên góp từ thiện chống lũ vibe đỉnh 122k,Charity,expense,1
gửi xe trung tâm thương mại ầm ầm 236k,Transport,expense,1
góp quỹ từ thiện trường vô tri 317.000 đồng,Charity,expense,1
thưởng ngày lễ 30/4 vibe đỉnh #578 5.500.000 đồng,Bonus,income,1
mua khóa học tik tok master over hợp #607 291k,Education,expense,1
tiền chung cư mini mlem mlem #4480 245.000 đồng,Housing,expense,1
tẩy tế bào chết cocoon #7191 84 cành,Beauty,expense,1
gấu bông labubu chill chill #3610 135k,Shopping,expense,1
mua quần jean ống rộng cứu rỗi tâm hồn 22k,Shopping,expense,1
vào rạp chiếu phim lotte vô tri #3233 259k,Entertainment,expense,1
lương admin fanpage vô tri #4341 7.0tr,Salary,income,1
trứng gà so vibe đỉnh 354k,Food,expense,1
trà sữa phúc long ầm ầm #7625 191k,Food,expense,1
tiền bao người yêu đi ăn vibe đỉnh 257k,Social,expense,1
nước hoa mini chill chill #8582 245 cành,Beauty,expense,1
chốt đơn chưa bồ ơi,Social,expense,0
tiền thưởng dự án xuất sắc mlem mlem #2062 11.3Tr,Bonus,income,1
xin review quán này với,Entertainment,expense,0
mua trà hoa cúc ngủ ngon vô tri 198 ngàn,Health,expense,1
tokbokki phô mai ét ô ét 182 ngàn,Food,expense,1
thưởng tết âm lịch ấm áp vô tri #8474 12902K,Bonus,income,1
tiền bán hàng shopee vibe đỉnh 14.5củ,Business,income,1
khóa học tiếng anh ielts kiếp nạn thứ 82 #1173 457k,Education,expense,1
thuê gia sư kèm 1-1 vô tri #1667 147k,Education,expense,1
mua sách truyện manga ngon nhức nách #785 417k,Entertainment,expense,1
thịt bò ba chỉ mlem mlem #655 468 ngàn,Food,expense,1
serum trị mụn cháy phố #6364 314 ngàn,Beauty,expense,1
tiền đóng bảo hiểm y tế ét ô ét 156k,Health,expense,1
tiền bố mẹ tiếp tế slay 4401K,Business,income,1
học phí khóa học photoshop hết nấc #7454 500.000 đồng,Education,expense,1
phòng lướt net net cỏ cứu rỗi tâm hồn 370k,Entertainment,expense,1
tiền donate livestream ầm ầm 640k,Business,income,1
nhận lương chạy grab kịch sàn gét gô #1140 10.1củ,Salary,income,1
thẻ xe bus điện vinbus gét gô 290.000 đồng,Transport,expense,1
mua cây decor phòng ngủ over hợp 360k,Housing,expense,1
thưởng tết âm lịch ấm áp vibe đỉnh 3265k,Bonus,income,1
gói khám sức khỏe tổng quát kiếp nạn thứ 82 246 ngàn,Health,expense,1
nhận lương viết content vibe đỉnh #1055 810k,Salary,income,1
hạt granola flexing #3608 76 ngàn,Food,expense,1
kệ để đồ mĩ phẩm chill chill #7863 337k,Shopping,expense,1
mua kính râm thời trang ầm ầm #8179 499k,Shopping,expense,1
lương admin fanpage xu cà na #7601 9911 ngàn,Salary,income,1
đi siêu thị go sắm đồ ngon nhức nách #1787 155k,Shopping,expense,1
lương admin fanpage mlem mlem #4930 4422 ngàn,Salary,income,1
trà đào cam sả kiếp nạn thứ 82 #7719 214k,Food,expense,1
lương designer freelance over hợp #5373 7.1Tr,Salary,income,1
quyên góp từ thiện chống lũ healing 124k,Charity,expense,1
tiền quỹ nhóm chia đều vô tri #6643 10656k,Business,income,1
tiền cho bạn vay giờ đòi được cứu rỗi tâm hồn #2299 6.8Tr,Business,income,1
nạp vip spotify hết nấc 486K,Entertainment,expense,1
thảm lau chân dễ thương vibe đỉnh #2953 339 ngàn,Shopping,expense,1
sơn móng tay gel mlem mlem 330k,Beauty,expense,1
thịt bò ba chỉ healing #5000 332.000 đồng,Food,expense,1
mua sách tiếng anh mua ngon nhức nách #8778 194k,Education,expense,1
xiên bẩn chill chill #450 378k,Food,expense,1
nhận lương chạy grab kịch sàn #2934 8771 cành,Salary,income,1
tiền vệ sinh rác thải cứu rỗi tâm hồn 324k,Housing,expense,1
quạt tích điện để bàn cứu rỗi tâm hồn #9791 385 ngàn,Shopping,expense,1
vé máy bay vietjet đỉnh nóc kịch trần #6732 200.000 đồng,Transport,expense,1
xiên bẩn cứu rỗi tâm hồn #9208 20 cành,Food,expense,1
mua game trên steam ầm ầm 217k,Entertainment,expense,1
mua khẩu trang 4d xịn xò 245 cành,Health,expense,1
tiền mua đồ thắp hương xịn xò 308 ngàn,Investment,expense,1
sổ tay bullet journal mlem mlem 471 ngàn,Shopping,expense,1
in tài liệu tiểu luận flexing #5571 73 cành,Education,expense,1
thưởng sinh nhật công ty flexing #6361 8999K,Bonus,income,1
tiền mua đồ thắp hương over hợp 56k,Investment,expense,1
đăng ký lớp yoga hết nấc 450k,Education,expense,1
mua quần jean ống rộng vô tri #6092 115K,Shopping,expense,1
tiền cà phê giao lưu đối tác ét ô ét #4892 234k,Investment,expense,1
mua thuốc nhỏ mắt len ngon nhức nách #2789 448K,Health,expense,1
tiền gửi xe hàng tháng cháy phố #5553 366 ngàn,Investment,expense,1
đi siêu thị go sắm đồ kiếp nạn thứ 82 #5475 498k,Shopping,expense,1
mua bông y tế tẩy trang ngon nhức nách #7983 406K,Health,expense,1
quạt tích điện để bàn ngon nhức nách #186 292 cành,Shopping,expense,1
vé xe limousine về quê slay #7355 470K,Transport,expense,1
cushion che khuyết điểm ầm ầm #8454 75 ngàn,Beauty,expense,1
gà rán jollibee slay 82k,Food,expense,1
mì tôm hảo hảo vô tri 176 ngàn,Food,expense,1
lương admin fanpage chill chill #9906 13763K,Salary,income,1
kẹp bấm mi xịn healing 329k,Beauty,expense,1
mua khóa học udemy over hợp #1587 66 cành,Education,expense,1
tiền sinh nhật đứa bạn chill chill #9635 227k,Social,expense,1
xiên bẩn ầm ầm 147k,Food,expense,1
mua bông y tế tẩy trang cứu rỗi tâm hồn #9800 322 ngàn,Health,expense,1
đu đỉnh chứng khoán xịn xò #3675 151.000 đồng,Investment,expense,1
tiền điện nước giá kinh hoàng #6220 271k,Housing,expense,1
sơn móng tay gel ầm ầm 452k,Beauty,expense,1
bơ đậu phộng xu cà na #8009 248k,Food,expense,1
gấu bông labubu over hợp #1104 460K,Shopping,expense,1
thưởng nóng từ sếp ầm ầm 4.464.000 đồng,Bonus,income,1
lẩu haidilao mlem mlem 420k,Food,expense,1
học phí học lái xe ô tô cháy phố 289.000 đồng,Education,expense,1
đế đỡ điện thoại ét ô ét 176 ngàn,Shopping,expense,1
book phòng homestay đà lạt chill chill #402 497.000 đồng,Transport,expense,1
mua phụ kiện vòng tay vibe đỉnh #3667 281 cành,Shopping,expense,1
lãi gửi tiết kiệm ngân hàng kiếp nạn thứ 82 #6738 12.5Tr,Business,income,1
kem chống nắng nâng tông cứu rỗi tâm hồn 429k,Beauty,expense,1
son tint bóng over hợp #4871 282k,Beauty,expense,1
lương thực tập sinh bèo bọt healing #1077 9464k,Salary,income,1
trà sữa phê la ngon nhức nách #1589 278k,Food,expense,1
nhận lương chạy grab kịch sàn xịn xò 10940 ngàn,Salary,income,1
đèn led hoàng hôn 277 cành,Shopping,expense,1
tiền bao người yêu đi ăn ét ô ét 304k,Social,expense,1
đăng ký test toeic ngon nhức nách #5406 150k,Education,expense,1
vitamin c trắng da vô tri 316k,Health,expense,1
khoai lang mật cháy phố #4448 311k,Food,expense,1
tiền vệ sinh rác thải healing #4213 392k,Housing,expense,1
tiền gửi xe hàng tháng gét gô #4025 342 ngàn,Investment,expense,1
tiền mạng internet wifi vô tri #3232 149 ngàn,Housing,expense,1
son tint bóng flexing #2748 213K,Beauty,expense,1
tủ quần áo lắp ráp chill chill #6729 318 ngàn,Housing,expense,1
tiền gửi xe hàng tháng chill chill #2166 282K,Investment,expense,1
gói khám sức khỏe tổng quát đỉnh nóc kịch trần #6027 350 ngàn,Health,expense,1
đồ ăn vặt cổng trường 457k,Food,expense,1
tiền bonus từ khách hàng xu cà na 2074 cành,Bonus,income,1
cushion che khuyết điểm cứu rỗi tâm hồn #5088 420 ngàn,Beauty,expense,1
nạp thẻ game liên quân cứu rỗi tâm hồn #1848 97k,Entertainment,expense,1
mua khóa học tik tok master mlem mlem 301k,Education,expense,1
vé concert anh trai slay 51k,Entertainment,expense,1
cà phê muối cháy phố 197K,Food,expense,1
đăng ký test toeic cháy phố #5608 192k,Education,expense,1
đặt xe grabbike gét gô 271k,Transport,expense,1
mua đồ về làm mukbang đỉnh nóc kịch trần #737 297 ngàn,Food,expense,1
mì tôm hảo hảo flexing #9232 44K,Food,expense,1
nhận lương chạy grab kịch sàn đỉnh nóc kịch trần #4928 4039K,Salary,income,1
lãi gửi tiết kiệm ngân hàng chill chill 13054k,Business,income,1
thuốc nhỏ mũi xịt xu cà na #1287 362.000 đồng,Health,expense,1
đồ ăn vặt cổng trường mlem mlem 300K,Food,expense,1
tiền donate livestream 5409K,Business,income,1
săn sale kẹp tóc ầm ầm 468.000 đồng,Shopping,expense,1
popmart blindbox ngon nhức nách #1562 114k,Shopping,expense,1
mua khóa cửa vân tay đỉnh nóc kịch trần 493.000 đồng,Housing,expense,1
lệ phí thi lại môn cứu rỗi tâm hồn #2568 46k,Education,expense,1
tiền phạt vi phạm giao thông xịn xò #200 458 ngàn,Transport,expense,1
mặt nạ đất sét chill chill #5949 283k,Beauty,expense,1
mua thuốc uống cảm cúm #9991 473 cành,Health,expense,1
lương admin fanpage hết nấc #4210 9739 ngàn,Salary,income,1
thưởng nhân viên xuất sắc ét ô ét 14927K,Bonus,income,1
nước ngọt coca zero ầm ầm 268k,Food,expense,1
ốp lưng iphone xịn xò hết nấc #3203 206 cành,Shopping,expense,1
đế đỡ điện thoại chill chill #110 303.000 đồng,Shopping,expense,1
vào rạp chiếu phim lotte vô tri #5712 472 cành,Entertainment,expense,1
hạt granola ngon nhức nách #5022 58k,Food,expense,1
lương thực tập sinh bèo bọt xu cà na 9640K,Salary,income,1
lương admin fanpage ét ô ét #3538 13465 ngàn,Salary,income,1
lương thực tập sinh bèo bọt cứu rỗi tâm hồn #1092 2.1tr,Salary,income,1
thưởng ngày lễ 30/4 slay #8905 4.2Tr,Bonus,income,1
nước ép hoa quả healthy đỉnh nóc kịch trần #8673 212.000 đồng,Food,expense,1
lương thực tập sinh bèo bọt đỉnh nóc kịch trần #1126 12105 ngàn,Salary,income,1
trà sữa gongcha cứu rỗi tâm hồn #8049 265k,Food,expense,1
trà sữa gongcha cháy phố #1088 308K,Food,expense,1
thưởng nóng từ sếp ngon nhức nách #9155 6.252.000 đồng,Bonus,income,1
kệ để đồ mĩ phẩm gét gô #7782 222k,Shopping,expense,1
sơn móng tay gel over hợp #4131 479k,Beauty,expense,1
tiền chung cư mini kiếp nạn thứ 82 #8932 214K,Housing,expense,1
ốp lưng iphone xịn xò vô tri 385k,Shopping,expense,1
bút calligraphy xu cà na #9822 476k,Shopping,expense,1
mua quần áo local brand vibe đỉnh 446.000 đồng,Shopping,expense,1
đăng ký test toeic kiếp nạn thứ 82 #6174 70k,Education,expense,1
tiền khám bệnh phòng khám hết nấc #5660 213 cành,Health,expense,1
thịt bò ba chỉ slay #6389 373K,Food,expense,1
thay dầu nhớt castrol mlem mlem #463 371K,Transport,expense,1
ting ting lương công ty mlem mlem #336 14.0củ,Salary,income,1
học phí đại học khóc thét xu cà na #6354 267.000 đồng,Education,expense,1
lương làm mẫu ảnh flexing 7.572.000 đồng,Salary,income,1
highlands phindi cháy phố #9087 129 ngàn,Food,expense,1
nhận lương chạy grab kịch sàn xu cà na #8299 11317k,Salary,income,1
nước hoa mini ét ô ét #229 312k,Beauty,expense,1
khóa học tiếng anh ielts ngon nhức nách #5198 115k,Education,expense,1
thưởng sinh nhật công ty flexing #3911 6260K,Bonus,income,1
lương cứng mỗi tháng ét ô ét 8373k,Salary,income,1
gấu bông labubu chill chill #5295 73K,Shopping,expense,1
bạc sỉu đá #8878 238 ngàn,Food,expense,1
tiền thưởng dự án xuất sắc đỉnh nóc kịch trần #6838 14.4Tr,Bonus,income,1
nước tẩy trang bioderma cứu rỗi tâm hồn #9252 338.000 đồng,Beauty,expense,1
nước cốt xương mlem mlem #317 462.000 đồng,Food,expense,1
mua quà tạ lỗi bồ flexing #3927 390k,Social,expense,1
thuốc nhỏ mũi xịt gét gô #7318 356k,Health,expense,1
bán tài liệu học tập cũ hết nấc #9606 2.4củ,Business,income,1
đu đỉnh coin chill chill #2777 334k,Investment,expense,1
tiền quỹ lớp xịn xò 99k,Education,expense,1
sơn móng tay gel slay #8982 307k,Beauty,expense,1
tiền bán hàng shopee gét gô #7420 8.228.000 đồng,Business,income,1
lương part-time rủng rỉnh gét gô #1281 3.3Tr,Salary,income,1
bút calligraphy vô tri #4779 168k,Shopping,expense,1
sticker dán laptop over hợp 404.000 đồng,Shopping,expense,1
lương thực tập sinh bèo bọt đỉnh nóc kịch trần #2433 10.3tr,Salary,income,1
tiền mạng internet wifi kiếp nạn thứ 82 223 cành,Housing,expense,1
rau hữu cơ bách hóa xanh cháy phố 271k,Food,expense,1
mua đồ về làm mukbang 288k,Food,expense,1
tiền sinh nhật đứa bạn vô tri 100.000 đồng,Social,expense,1
tiền nhổ răng khôn khóc thét xu cà na #5939 59.000 đồng,Health,expense,1
đi siêu thị go sắm đồ gét gô #4397 310k,Shopping,expense,1
mua bao cao su durex vibe đỉnh #5957 276k,Health,expense,1
đu đỉnh chứng khoán vibe đỉnh #5356 405K,Investment,expense,1
bình giữ nhiệt stanley vô tri #7869 19K,Shopping,expense,1
mua kính râm thời trang ầm ầm #8471 47K,Shopping,expense,1
tiền bonus từ khách hàng cứu rỗi tâm hồn #7272 1.122.000 đồng,Bonus,income,1
sinh tố bơ ngon ngậy gét gô #899 108K,Food,expense,1
mua thực phẩm chức năng omega3 slay 484k,Health,expense,1
học phí đại học khóc thét hết nấc #2212 476k,Education,expense,1
thuốc nhỏ mũi xịt kiếp nạn thứ 82 #4486 482k,Health,expense,1
lệ phí thi lại môn slay #8920 428k,Education,expense,1
mặt nạ đất sét kiếp nạn thứ 82 457k,Beauty,expense,1
bắt grabcar đi tiệc over hợp #950 369k,Transport,expense,1
lương designer freelance mlem mlem #425 3.0tr,Salary,income,1
đu đỉnh coin vibe đỉnh #7269 192 cành,Investment,expense,1
nước ngọt coca zero healing #1746 298.000 đồng,Food,expense,1
ăn sập sình ầm ầm 165k,Food,expense,1
kẹp bấm mi xịn mlem mlem #2657 463 ngàn,Beauty,expense,1
nước cốt xương cứu rỗi tâm hồn 87k,Food,expense,1
bảo dưỡng xe máy cứu rỗi tâm hồn #7358 424 ngàn,Transport,expense,1
tai nghe bluetooth chụp tai cháy phố #1490 485 cành,Shopping,expense,1
nạp vip spotify flexing #6480 178k,Entertainment,expense,1
thưởng nhân viên xuất sắc ét ô ét #1733 11237k,Bonus,income,1
bánh tráng trộn cứu rỗi tâm hồn #8123 36k,Food,expense,1
sữa chua hy lạp slay 276k,Food,expense,1
tiền vệ sinh rác thải mlem mlem #6343 431k,Housing,expense,1
bảng mắt màu khói cứu rỗi tâm hồn 178k,Beauty,expense,1
vé xem phim cgv kiếp nạn thứ 82 #1436 469.000 đồng,Entertainment,expense,1
vitamin c trắng da ầm ầm #966 311k,Health,expense,1
lương làm mẫu ảnh xịn xò #6978 6.2tr,Salary,income,1
mua tài liệu ôn thi healing #1961 237k,Education,expense,1
cơm hộp tiện lợi healing #7030 331 ngàn,Food,expense,1
tiền gửi xe hàng tháng cứu rỗi tâm hồn 400k,Investment,expense,1
mua quà tạ lỗi bồ cứu rỗi tâm hồn #7180 296 cành,Social,expense,1
tiền thưởng dự án xuất sắc flexing #3453 14.094.000 đồng,Bonus,income,1
mua cây decor phòng ngủ ngon nhức nách #4544 295k,Housing,expense,1
tẩy tế bào chết cocoon vô tri #2123 176 cành,Beauty,expense,1
highlands phindi over hợp #1082 464 ngàn,Food,expense,1
tiền thưởng kpi tháng hết nấc 9845K,Bonus,income,1
chốt đơn túi xách đeo chéo hết nấc 114K,Shopping,expense,1
vé máy bay vietjet xu cà na #3609 291 ngàn,Transport,expense,1
tiền bố mẹ tiếp tế vibe đỉnh #6213 8.241.000 đồng,Business,income,1
tủ quần áo lắp ráp healing 338 cành,Housing,expense,1
lương designer freelance over hợp #9879 14.7củ,Salary,income,1
chì kẻ mày phẩy sợi xu cà na #1246 268.000 đồng,Beauty,expense,1
tiền thưởng dự án xuất sắc healing #5520 4.5tr,Bonus,income,1
vé máy bay vietjet vibe đỉnh #574 187k,Transport,expense,1
đồ ăn vặt cổng trường over hợp 42 ngàn,Food,expense,1
tiền nhận từ booking quảng cáo cháy phố #7075 13.137.000 đồng,Business,income,1
tiền nhổ răng khôn khóc thét chill chill #9517 233k,Health,expense,1
kimbap siêu dài cháy phố #616 419 ngàn,Food,expense,1
chơi boardgame cùng hội bạn over hợp 245k,Entertainment,expense,1
quyên góp từ thiện chống lũ gét gô 368K,Charity,expense,1
lương part-time rủng rỉnh mlem mlem #5569 2.890.000 đồng,Salary,income,1
đi chợ đầu mối đỉnh nóc kịch trần 64k,Shopping,expense,1
vớ tất cao cổ hết nấc #9964 91.000 đồng,Shopping,expense,1
mì cay cấp độ 7 cứu rỗi tâm hồn #3154 156k,Food,expense,1
rau hữu cơ bách hóa xanh xu cà na #3543 156k,Food,expense,1
thẻ xe bus điện vinbus healing 208k,Transport,expense,1
sổ tay bullet journal mlem mlem #1054 440k,Shopping,expense,1
lương làm trợ giảng ngon nhức nách 3.2tr,Salary,income,1
đi chợ đầu mối slay #7624 474 cành,Shopping,expense,1
trà sữa phúc long healing #5444 482k,Food,expense,1
tiền mừng cưới bạn thân cứu rỗi tâm hồn #3327 12k,Social,expense,1
tiền lãi đầu tư coin chill chill #6997 6016 cành,Business,income,1
mì tôm hảo hảo mlem mlem #998 81 ngàn,Food,expense,1
cushion che khuyết điểm vô tri #8939 135 ngàn,Beauty,expense,1
vé xem phim cgv flexing #9947 427k,Entertainment,expense,1
tai nghe bluetooth chụp tai chill chill #419 479 cành,Shopping,expense,1
in tài liệu tiểu luận xu cà na 34k,Education,expense,1
matcha latte xịn sò ét ô ét #4936 93k,Food,expense,1
mì cay cấp độ 7 hết nấc 103 cành,Food,expense,1
túi sưởi mini cháy phố 43.000 đồng,Shopping,expense,1
quạt tích điện để bàn over hợp #432 38k,Shopping,expense,1
chốt đơn hoodie oversize xu cà na 398k,Shopping,expense,1
nhận lương chạy grab kịch sàn healing #7068 10.7tr,Salary,income,1
săn sale lazada 11.11 ngon nhức nách #9921 353 cành,Shopping,expense,1
mua trà hoa cúc ngủ ngon gét gô #6129 218 ngàn,Health,expense,1
rửa xe máy sạch bong xịn xò #6017 250k,Transport,expense,1
mua thuốc uống cảm cúm ầm ầm 128k,Health,expense,1
túi sưởi mini slay #2360 17k,Shopping,expense,1
sushi băng chuyền gét gô 332.000 đồng,Food,expense,1
mua thuốc uống cảm cúm over hợp #8403 268.000 đồng,Health,expense,1
bán tài liệu học tập cũ flexing #8789 9531 ngàn,Business,income,1
nước ngọt coca zero flexing 280 ngàn,Food,expense,1
lương cứng mỗi tháng chill chill #6864 5210K,Salary,income,1
mua cây decor phòng ngủ over hợp #7269 279k,Housing,expense,1
vé máy bay vietjet over hợp #8639 316k,Transport,expense,1
thưởng vượt doanh số mlem mlem 1008k,Bonus,income,1
lệ phí thi lại môn 230k,Education,expense,1
tiền thanh lý đồ cũ pass đồ xu cà na #3962 13744K,Business,income,1
lãi gửi tiết kiệm ngân hàng healing #3195 13.5Tr,Business,income,1
chì kẻ mày phẩy sợi gét gô #2345 329K,Beauty,expense,1
tiền lãi đầu tư coin gét gô 12.0tr,Business,income,1
ức gà ăn kiêng #8633 155 cành,Food,expense,1
tiền sinh nhật đứa bạn chill chill #6289 459k,Social,expense,1
mua bao cao su durex đỉnh nóc kịch trần #2126 306K,Health,expense,1
mua thuốc nhỏ mắt len cháy phố #7549 175k,Health,expense,1
học phí học lái xe ô tô vibe đỉnh #3949 161 cành,Education,expense,1
mì cay cấp độ 7 ngon nhức nách 32k,Food,expense,1
mua kính râm thời trang healing #7153 152k,Shopping,expense,1
chi phí đổi căn cước công dân ngon nhức nách #6983 13 ngàn,Investment,expense,1
tiền cà phê giao lưu đối tác mlem mlem 482k,Investment,expense,1
thưởng vượt doanh số vô tri #1440 4.103.000 đồng,Bonus,income,1
nhận lương chạy grab kịch sàn xu cà na 6.8Tr,Salary,income,1
tiền nhận từ booking quảng cáo ét ô ét #8815 8.7củ,Business,income,1
săn áo thun t-shirt slay #1766 171k,Shopping,expense,1
sửa vòi nước hỏng đỉnh nóc kịch trần #1484 496 cành,Housing,expense,1
gà tắm sốt flexing 101k,Food,expense,1
tẩy tế bào chết cocoon vibe đỉnh #5892 449k,Beauty,expense,1
bảng mắt màu khói healing #7794 92k,Beauty,expense,1
sticker dán laptop ầm ầm #8547 462k,Shopping,expense,1
vé xe limousine về quê over hợp #6226 333k,Transport,expense,1
matcha latte xịn sò ầm ầm 289k,Food,expense,1
tiền trúng thưởng mini game cháy phố 5927K,Business,income,1
bán tài liệu học tập cũ kiếp nạn thứ 82 #8600 2634K,Business,income,1
chơi boardgame cùng hội bạn flexing #2311 211k,Entertainment,expense,1
mì trộn indomie #1974 465 cành,Food,expense,1
trà chanh giã tay mlem mlem 415 ngàn,Food,expense,1
tiền bao người yêu đi ăn xu cà na 405k,Social,expense,1
mua tài liệu ôn thi xu cà na 150 cành,Education,expense,1
tai nghe bluetooth chụp tai vibe đỉnh 95k,Shopping,expense,1
thay dầu nhớt castrol chill chill 271k,Transport,expense,1
bánh tráng trộn vô tri #6870 68k,Food,expense,1
mixue kem cây over hợp #4613 86K,Food,expense,1
nhận lương chạy grab kịch sàn vibe đỉnh #4487 4.4Tr,Salary,income,1
khoai lang mật gét gô #541 399K,Food,expense,1
mua sách tiếng anh mua slay 445K,Education,expense,1
decor lại phòng trọ flexing #2471 61k,Housing,expense,1
vitamin c trắng da cứu rỗi tâm hồn #7420 360k,Health,expense,1
bình giữ nhiệt stanley kiếp nạn thứ 82 #8779 377k,Shopping,expense,1
tiền chung cư mini slay 252 cành,Housing,expense,1
tiền mừng cưới bạn thân vô tri 319k,Social,expense,1
bánh tráng phơi sương chill chill #4045 395k,Food,expense,1
mua nước lau sàn thơm vibe đỉnh #323 399 cành,Housing,expense,1
highlands phindi đỉnh nóc kịch trần #3454 285 ngàn,Food,expense,1
mua giày sneaker mlem xịn xò 278k,Shopping,expense,1
tiền bonus từ khách hàng slay #4699 9747K,Bonus,income,1
bình giữ nhiệt stanley slay 282k,Shopping,expense,1
tokbokki phô mai ngon nhức nách 401k,Food,expense,1
rửa xe máy sạch bong slay 230k,Transport,expense,1
tiền phạt vi phạm giao thông chill chill #4779 268K,Transport,expense,1
mặt nạ đất sét ét ô ét 144k,Beauty,expense,1
lương cứng mỗi tháng mlem mlem 3.4tr,Salary,income,1
chốt đơn shopee live over hợp #2776 308 ngàn,Shopping,expense,1
chi phí đổi căn cước công dân ầm ầm 443 cành,Investment,expense,1
vé xem phim cgv slay #304 58K,Entertainment,expense,1
tiền lãi đầu tư coin ét ô ét 9.7củ,Business,income,1
chơi boardgame cùng hội bạn over hợp #1526 410k,Entertainment,expense,1
trứng gà so gét gô 194k,Food,expense,1
thưởng tết âm lịch ấm áp cứu rỗi tâm hồn #7857 8.7tr,Bonus,income,1
xin review quán này với,Housing,expense,0
thuốc nhỏ mũi xịt ngon nhức nách #5907 335k,Health,expense,1
nạp thẻ game liên quân vibe đỉnh #4966 275k,Entertainment,expense,1
mua khóa học udemy ầm ầm #833 299K,Education,expense,1
bán tài liệu học tập cũ vibe đỉnh #7650 7.1củ,Business,income,1
tiền mừng cưới bạn thân healing #1463 423k,Social,expense,1
bia chill cùng bạn vibe đỉnh #8161 44 cành,Food,expense,1
tiền đóng bảo hiểm y tế chill chill 315K,Health,expense,1
mua máy sấy tóc kiếp nạn thứ 82 #9103 344 ngàn,Housing,expense,1
gói khám sức khỏe tổng quát chill chill #3603 383k,Health,expense,1
tai nghe bluetooth chụp tai vô tri #2925 120k,Shopping,expense,1
học phí đại học khóc thét vibe đỉnh #2362 214k,Education,expense,1
ting ting lương công ty ầm ầm 4.2Tr,Salary,income,1
đi chill acoustic xu cà na 344k,Entertainment,expense,1
nhận lương chạy grab kịch sàn ầm ầm #4149 9775K,Salary,income,1
gói netflix xem phim vô tri 398.000 đồng,Entertainment,expense,1
lương làm mẫu ảnh kiếp nạn thứ 82 #5616 458k,Salary,income,1
mua máy sấy tóc ngon nhức nách #6060 52K,Housing,expense,1
sushi băng chuyền vô tri #6161 136K,Food,expense,1
nước ngọt coca zero mlem mlem #8384 339k,Food,expense,1
phở cuốn #4276 346k,Food,expense,1
nệm cao su non chill chill #2783 254k,Housing,expense,1
tiền lãi chứng khoán nổ hũ ét ô ét #5578 11034 cành,Business,income,1
tiền xăng xe tay ga gét gô 90 ngàn,Transport,expense,1
lệ phí thi lại môn cháy phố #7987 382 ngàn,Education,expense,1
mua đồ tiktok shop flexing #3363 336k,Shopping,expense,1
chơi boardgame cùng hội bạn ét ô ét #2906 351k,Entertainment,expense,1
chốt đơn shopee live cháy phố 121.000 đồng,Shopping,expense,1
tiền nhận từ booking quảng cáo flexing #1774 8067k,Business,income,1
cơm hộp tiện lợi ngon nhức nách #7267 368K,Food,expense,1
tiền quỹ nhóm chia đều đỉnh nóc kịch trần #2009 7384k,Business,income,1
lương làm mẫu ảnh xịn xò #9874 12051 cành,Salary,income,1
ơm tấm sườn bì chả xịn xò 91k,Food,expense,1
decor lại phòng trọ chill chill #9576 331k,Housing,expense,1
mua thuốc uống cảm cúm mlem mlem 265k,Health,expense,1
thịt bò ba chỉ slay #5676 97k,Food,expense,1
nước khoáng aquafina hết nấc #2553 287k,Food,expense,1
bia chill cùng bạn đỉnh nóc kịch trần 497 cành,Food,expense,1
lương designer freelance cứu rỗi tâm hồn #368 476.000 đồng,Salary,income,1
sửa vòi nước hỏng healing 18k,Housing,expense,1
mua khóa học udemy chill chill #7836 425 cành,Education,expense,1
gói netflix xem phim ét ô ét #6111 360K,Entertainment,expense,1
tiền cọc phòng trọ healing #8047 276 cành,Housing,expense,1
nước hoa mini ầm ầm #2034 462k,Beauty,expense,1
săn áo thun t-shirt vô tri #9632 369k,Shopping,expense,1
thay dầu nhớt castrol xịn xò 249 ngàn,Transport,expense,1
gét gô thôi anh em,Entertainment,expense,0
thưởng sinh nhật công ty xịn xò #8094 4045k,Bonus,income,1
sửa vòi nước hỏng healing #2219 397 cành,Housing,expense,1
đặt xe grabbike ầm ầm 32k,Transport,expense,1
chì kẻ mày phẩy sợi gét gô #1043 430k,Beauty,expense,1
lương làm trợ giảng cứu rỗi tâm hồn #998 8658 cành,Salary,income,1
tiền quỹ nhóm chia đều slay #9442 2.533.000 đồng,Business,income,1
tiền gửi xe hàng tháng ầm ầm #4299 56k,Investment,expense,1
bơ đậu phộng ngon nhức nách 325 ngàn,Food,expense,1
rong biển cuộn cơm chill chill 164.000 đồng,Food,expense,1
vé xem phim cgv đỉnh nóc kịch trần #7063 487K,Entertainment,expense,1
mua trà hoa cúc ngủ ngon kiếp nạn thứ 82 #7483 397k,Health,expense,1
học phí khóa học photoshop slay 284k,Education,expense,1
mì cay cấp độ 7 274k,Food,expense,1
tiền lãi đầu tư coin vibe đỉnh #6215 6738K,Business,income,1
xúc xích ăn liền cứu rỗi tâm hồn #5599 379k,Food,expense,1
trà đào cam sả cứu rỗi tâm hồn #1933 402 cành,Food,expense,1
tiền mua đồ thắp hương flexing 72 cành,Investment,expense,1
mua phụ kiện vòng tay flexing 399 cành,Shopping,expense,1
mua bút highlight healing #2210 208k,Education,expense,1
lương thực tập sinh bèo bọt gét gô #1255 7552 ngàn,Salary,income,1
tiền cà phê giao lưu đối tác kiếp nạn thứ 82 #6029 264K,Investment,expense,1
mua đồ tiktok shop slay #338 282K,Shopping,expense,1
bánh tráng trộn flexing 237k,Food,expense,1
mua quà tạ lỗi bồ cháy phố #5403 228 ngàn,Social,expense,1
mua nước lau sàn thơm gét gô 42k,Housing,expense,1
sổ tay bullet journal xu cà na #906 295K,Shopping,expense,1
nước hoa mini mlem mlem #1248 40K,Beauty,expense,1
trà đào cam sả đỉnh nóc kịch trần #3835 351 ngàn,Food,expense,1
nước tẩy trang bioderma cứu rỗi tâm hồn #4612 100k,Beauty,expense,1
đèn led hoàng hôn mlem mlem #8054 48k,Shopping,expense,1
bảo dưỡng xe máy chill chill #851 90k,Transport,expense,1
tiền khám bệnh phòng khám vibe đỉnh #3261 230k,Health,expense,1
tiền đóng bảo hiểm y tế ngon nhức nách #207 138k,Health,expense,1
ai đi cf không,Social,expense,0
thưởng nóng từ sếp over hợp #4394 12729K,Bonus,income,1
decor lại phòng trọ mlem mlem 139K,Housing,expense,1
sticker dán laptop ầm ầm #292 283K,Shopping,expense,1
học phí đại học khóc thét ngon nhức nách 222k,Education,expense,1
nước tẩy trang bioderma flexing 372k,Beauty,expense,1
bánh tráng phơi sương cháy phố #8796 461k,Food,expense,1
vibe hôm nay heal lắm,Social,expense,0
lãi gửi tiết kiệm ngân hàng 3978k,Business,income,1
ai đi cf không,Housing,expense,0
bún bò huế full topping #9015 45k,Food,expense,1
tiền quỹ nhóm chia đều ngon nhức nách #788 10789k,Business,income,1
mua thuốc uống cảm cúm vibe đỉnh 180 cành,Health,expense,1
thưởng chuyên cần cháy phố #5304 9.7Tr,Bonus,income,1
nhận lương viết content flexing #6175 13244K,Salary,income,1
tiền phạt vi phạm giao thông đỉnh nóc kịch trần #4398 307k,Transport,expense,1
rong biển cuộn cơm slay 64k,Food,expense,1
mua bút highlight ầm ầm 227 cành,Education,expense,1
mua khẩu trang 4d flexing 416.000 đồng,Health,expense,1
thuốc nhỏ mũi xịt đỉnh nóc kịch trần 349k,Health,expense,1
tai nghe bluetooth chụp tai ét ô ét 88k,Shopping,expense,1
mua sách tiếng anh mua vibe đỉnh #6458 472 ngàn,Education,expense,1
nước cốt xương vô tri #6557 20 ngàn,Food,expense,1
bảo dưỡng xe máy vibe đỉnh 31 ngàn,Transport,expense,1
chúc mừng sinh nhật nhé,Entertainment,expense,0
nước ép hoa quả healthy vibe đỉnh #2295 292k,Food,expense,1
tiền khám bệnh phòng khám hết nấc #2976 152.000 đồng,Health,expense,1
mua phụ kiện vòng tay healing #7553 368 ngàn,Shopping,expense,1
xin review quán này với,Entertainment,expense,0
tiền phạt vi phạm giao thông healing #6195 67k,Transport,expense,1
trứng gà so chill chill #5782 415k,Food,expense,1
highlands phindi kiếp nạn thứ 82 #9680 444k,Food,expense,1
mua quà tạ lỗi bồ hết nấc 420k,Social,expense,1
lương cứng mỗi tháng cháy phố 3732 cành,Salary,income,1
hủ tiếu gõ đỉnh nóc kịch trần #1736 243k,Food,expense,1
gói netflix xem phim cháy phố #3744 345K,Entertainment,expense,1
vitamin c trắng da cháy phố 239K,Health,expense,1
tiền cho bạn vay giờ đòi được hết nấc #576 14.5củ,Business,income,1
tiền xăng xe tay ga cứu rỗi tâm hồn 108k,Transport,expense,1
sticker dán laptop hết nấc #219 407 cành,Shopping,expense,1
đã chuyển khoản quỹ chưa nhỉ,Housing,expense,0
săn sale kẹp tóc gét gô 282.000 đồng,Shopping,expense,1
vitamin c trắng da over hợp #5277 439k,Health,expense,1
mua quần jean ống rộng slay #1724 267K,Shopping,expense,1
lương làm mẫu ảnh flexing #6101 8.6tr,Salary,income,1
hát karaoke cháy máy healing #3419 304k,Entertainment,expense,1
phí dịch vụ chung cư flexing 106k,Housing,expense,1
tiền lãi chứng khoán nổ hũ cháy phố 6.5Tr,Business,income,1
vào rạp chiếu phim lotte vô tri #1465 407K,Entertainment,expense,1
đu đỉnh chứng khoán vô tri 170.000 đồng,Investment,expense,1
mua nước lau sàn thơm chill chill #1678 379k,Housing,expense,1
thưởng nhân viên xuất sắc ét ô ét #5260 10214k,Bonus,income,1
ăn sập sình hết nấc 425K,Food,expense,1
vé đi triển lãm nghệ thuật đỉnh nóc kịch trần #8932 208k,Entertainment,expense,1
mì cay cấp độ 7 kiếp nạn thứ 82 #3336 399k,Food,expense,1
thưởng ngày lễ 30/4 ầm ầm #1219 2.2Tr,Bonus,income,1
bún đậu mắm tôm ngon nhức nách,Housing,expense,0
rau hữu cơ bách hóa xanh đỉnh nóc kịch trần 153 ngàn,Food,expense,1
gọi bebike đi học xu cà na 441K,Transport,expense,1
nhận lương viết content ét ô ét 9560 ngàn,Salary,income,1
tiền bonus từ khách hàng ngon nhức nách #7537 12.345.000 đồng,Bonus,income,1
mua giày sneaker mlem chill chill #8199 79k,Shopping,expense,1
trà sữa gongcha ét ô ét #718 33k,Food,expense,1
đi đu idol kpop vibe đỉnh #2775 375.000 đồng,Entertainment,expense,1
thưởng chuyên cần hết nấc #8226 12.7Tr,Bonus,income,1
tiền cho bạn vay giờ đòi được ầm ầm 6798K,Business,income,1
nước hoa mini chill chill 417 cành,Beauty,expense,1
chi phí đổi căn cước công dân gét gô #3825 450 cành,Investment,expense,1
rửa xe máy sạch bong gét gô #7228 296 cành,Transport,expense,1
đi chợ đầu mối xịn xò 100K,Shopping,expense,1
tiền mua đồ thắp hương gét gô #8983 326K,Investment,expense,1
matcha latte xịn sò xịn xò 216 ngàn,Food,expense,1
gấu bông labubu kiếp nạn thứ 82 161 ngàn,Shopping,expense,1
popmart blindbox đỉnh nóc kịch trần #4649 187k,Shopping,expense,1
lương làm trợ giảng chill chill #5690 4651k,Salary,income,1
vitamin c trắng da đỉnh nóc kịch trần 262k,Health,expense,1
serum trị mụn hết nấc #2043 120k,Beauty,expense,1
tiền thưởng kpi tháng #4814 810K,Bonus,income,1
thảm lau chân dễ thương đỉnh nóc kịch trần #2387 499K,Shopping,expense,1
khoai lang mật xịn xò #4043 147 ngàn,Food,expense,1
hạt granola vibe đỉnh #9935 58.000 đồng,Food,expense,1
ốp lưng iphone xịn xò ét ô ét 282k,Shopping,expense,1
hát karaoke cháy máy flexing 406.000 đồng,Entertainment,expense,1
tiền đóng bảo hiểm y tế xu cà na #5514 315 ngàn,Health,expense,1
tiền thưởng kpi tháng healing 11.414.000 đồng,Bonus,income,1
gửi xe trung tâm thương mại ét ô ét #8336 278k,Transport,expense,1
tủ quần áo lắp ráp cháy phố #6625 192k,Housing,expense,1
tiền thuê phòng trọ kiếp nạn thứ 82 #5640 496k,Housing,expense,1
củ sạc nhanh baseus mlem mlem #6254 43K,Shopping,expense,1
bán tài liệu học tập cũ vibe đỉnh #7352 6511 ngàn,Business,income,1
tiền bonus từ khách hàng #2312 883.000 đồng,Bonus,income,1
mua bông y tế tẩy trang healing #2487 436 ngàn,Health,expense,1
mua thuốc uống cảm cúm healing #1525 464k,Health,expense,1
tiền phạt vi phạm giao thông gét gô 172k,Transport,expense,1
nước tẩy trang bioderma chill chill #4159 263 ngàn,Beauty,expense,1
tiền bán hàng shopee over hợp #6528 14.6củ,Business,income,1
cà phê muối ầm ầm #9716 176k,Food,expense,1
lương part-time rủng rỉnh ầm ầm 9.008.000 đồng,Salary,income,1
túi sưởi mini hết nấc 28.000 đồng,Shopping,expense,1
tiền bao người yêu đi ăn xu cà na #9660 372k,Social,expense,1
nước cốt xương đỉnh nóc kịch trần 367k,Food,expense,1
thuê gia sư kèm 1-1 chill chill #2299 351k,Education,expense,1
hạt granola ét ô ét #4435 392K,Food,expense,1
tiền thanh lý đồ cũ pass đồ ét ô ét #1054 6.1củ,Business,income,1
chốt đơn hoodie oversize xịn xò 353k,Shopping,expense,1
tiền chung cư mini kiếp nạn thứ 82 46k,Housing,expense,1
thưởng nóng từ sếp ầm ầm #8014 1.9Tr,Bonus,income,1
bảng mắt màu khói đỉnh nóc kịch trần 442 ngàn,Beauty,expense,1
highlands phindi gét gô #167 433 ngàn,Food,expense,1
đi đu idol kpop xịn xò #2887 359k,Entertainment,expense,1
thưởng sinh nhật công ty ngon nhức nách #9270 12.9củ,Bonus,income,1
vé xem phim cgv đỉnh nóc kịch trần #4627 319 cành,Entertainment,expense,1
đăng ký test toeic ét ô ét #1766 462.000 đồng,Education,expense,1
lương admin fanpage ngon nhức nách 6.0củ,Salary,income,1
ức gà ăn kiêng flexing #7127 364 cành,Food,expense,1
đồ ăn vặt cổng trường ngon nhức nách #901 420.000 đồng,Food,expense,1
trà đào cam sả chill chill #1140 382 cành,Food,expense,1
trà sữa gongcha chill chill 349.000 đồng,Food,expense,1
lương cứng mỗi tháng healing 1.8Tr,Salary,income,1
mua phụ kiện vòng tay xịn xò #2666 414k,Shopping,expense,1
phí dịch vụ chung cư over hợp #1240 36k,Housing,expense,1
rửa xe máy sạch bong ét ô ét #5471 239k,Transport,expense,1
sơn móng tay gel chill chill #1770 210 ngàn,Beauty,expense,1
vitamin c trắng da ầm ầm 114.000 đồng,Health,expense,1
thưởng sinh nhật công ty xịn xò #5876 5.2Tr,Bonus,income,1
tiền mạng internet wifi healing 348k,Housing,expense,1
kệ để đồ mĩ phẩm #4793 159 ngàn,Shopping,expense,1
mua bao cao su durex xịn xò #2878 327k,Health,expense,1
tiền thuê phòng trọ kiếp nạn thứ 82 221k,Housing,expense,1
khóa học tiếng anh ielts ầm ầm 297.000 đồng,Education,expense,1
cà phê muối cháy phố #7410 178K,Food,expense,1
học phí học lái xe ô tô vibe đỉnh 438 ngàn,Education,expense,1
mua sách truyện manga healing 288k,Entertainment,expense,1
vào rạp chiếu phim lotte cháy phố 327K,Entertainment,expense,1
khóa học tiếng anh ielts đỉnh nóc kịch trần 206k,Education,expense,1
mì tôm hảo hảo đỉnh nóc kịch trần #4418 96 cành,Food,expense,1
lãi gửi tiết kiệm ngân hàng xu cà na 8914K,Business,income,1
thưởng vượt doanh số đỉnh nóc kịch trần #8024 4857k,Bonus,income,1
yến mạch giảm cân chill chill #6839 364 cành,Food,expense,1
tiền điện nước giá kinh hoàng slay #5732 443k,Housing,expense,1
trà sữa gongcha xịn xò 482k,Food,expense,1
thịt bò ba chỉ #1847 500 cành,Food,expense,1
thu nhập từ kênh youtube hết nấc 2475K,Business,income,1
trà đào cam sả flexing #3459 315k,Food,expense,1
mua khóa học tik tok master over hợp #1651 236k,Education,expense,1
củ sạc nhanh baseus healing #9391 384K,Shopping,expense,1
sổ tay bullet journal gét gô #2956 380k,Shopping,expense,1
vé đi triển lãm nghệ thuật ét ô ét #7605 277 ngàn,Entertainment,expense,1
nệm cao su non mlem mlem 307k,Housing,expense,1
mua phụ kiện vòng tay xu cà na 309k,Shopping,expense,1
đăng ký test toeic #8368 412.000 đồng,Education,expense,1
trứng gà so vô tri #2112 257.000 đồng,Food,expense,1
mua bao cao su durex chill chill #1699 128K,Health,expense,1
k buffet mlem mlem #3056 290k,Food,expense,1
đồ ăn vặt cổng trường slay #1569 224k,Food,expense,1
mua khẩu trang 4d hết nấc #2258 191k,Health,expense,1
bánh tráng trộn ngon nhức nách 463 cành,Food,expense,1
lợi nhuận bán quần áo secondhand xu cà na #1591 10.077.000 đồng,Business,income,1
thay dầu nhớt castrol flexing 109 cành,Transport,expense,1
đu đỉnh coin vibe đỉnh 412 cành,Investment,expense,1
rửa xe máy sạch bong kiếp nạn thứ 82 395k,Transport,expense,1
hạt granola vô tri #5873 280k,Food,expense,1
kệ để đồ mĩ phẩm mlem mlem #7951 22k,Shopping,expense,1
kem chống nắng nâng tông mlem mlem 437.000 đồng,Beauty,expense,1
mua mũ bảo hiểm có kính xịn xò #1689 44 cành,Transport,expense,1
ốp lưng iphone xịn xò gét gô #4010 370k,Shopping,expense,1
học phí khóa học photoshop ầm ầm #950 223 cành,Education,expense,1
kẹp bấm mi xịn vô tri 65 ngàn,Beauty,expense,1
mua máy sấy tóc healing #6137 34 ngàn,Housing,expense,1
trà chanh giã tay flexing #2646 145k,Food,expense,1
đu đỉnh chứng khoán chill chill 378.000 đồng,Investment,expense,1
bình giữ nhiệt stanley ầm ầm #4199 69k,Shopping,expense,1
mua quần áo local brand vibe đỉnh #5737 218.000 đồng,Shopping,expense,1
tiền bố mẹ tiếp tế xịn xò #2523 13.110.000 đồng,Business,income,1
đu đỉnh chứng khoán healing #3132 141 cành,Investment,expense,1
tiền cọc phòng trọ kiếp nạn thứ 82 #5812 102 cành,Housing,expense,1
bún bò huế full topping xịn xò 381.000 đồng,Food,expense,1
mua thuốc uống cảm cúm ầm ầm #9529 184 cành,Health,expense,1
mua quần jean ống rộng kiếp nạn thứ 82 #7770 486 cành,Shopping,expense,1
tiền gửi xe hàng tháng flexing #6671 260.000 đồng,Investment,expense,1
thu nhập từ kênh youtube gét gô #5108 5.727.000 đồng,Business,income,1
bánh tráng trộn slay #7951 14 ngàn,Food,expense,1
thẻ xe bus điện vinbus chill chill #8990 425K,Transport,expense,1
tủ quần áo lắp ráp ét ô ét #9325 407k,Housing,expense,1
đặt xe grabbike cứu rỗi tâm hồn #1164 136k,Transport,expense,1
nhận lương viết content hết nấc 5204 ngàn,Salary,income,1
đèn led hoàng hôn ầm ầm #334 22.000 đồng,Shopping,expense,1
mua bao cao su durex gét gô #4083 442K,Health,expense,1
lẩu haidilao chill chill 262k,Food,expense,1
highlands phindi vô tri #9767 265k,Food,expense,1
tiền bonus từ khách hàng xịn xò #8671 4.6Tr,Bonus,income,1
sticker dán laptop healing #4295 64k,Shopping,expense,1
thay dầu nhớt castrol cháy phố 449K,Transport,expense,1
son tint bóng ầm ầm #2566 100k,Beauty,expense,1
chốt đơn shopee live over hợp #8951 228 ngàn,Shopping,expense,1
đặt xe grabbike cứu rỗi tâm hồn 21 ngàn,Transport,expense,1
tiền thưởng dự án xuất sắc chill chill #3975 6.699.000 đồng,Bonus,income,1
tiền thưởng kpi tháng cứu rỗi tâm hồn #6012 13510 cành,Bonus,income,1
trứng gà so kiếp nạn thứ 82 #2493 215k,Food,expense,1
vé đi triển lãm nghệ thuật chill chill #9734 289.000 đồng,Entertainment,expense,1
đu đỉnh chứng khoán xịn xò #7290 193k,Investment,expense,1
lãi gửi tiết kiệm ngân hàng ngon nhức nách #818 562K,Business,income,1
nạp thẻ game liên quân ét ô ét #780 438 ngàn,Entertainment,expense,1
nước khoáng aquafina cháy phố #6453 17K,Food,expense,1
nước ép hoa quả healthy chill chill #136 53k,Food,expense,1
tiền mừng cưới bạn thân hết nấc #3951 30k,Social,expense,1
thuê gia sư kèm 1-1 đỉnh nóc kịch trần 306 cành,Education,expense,1
thưởng ngày lễ 30/4 vô tri 7634k,Bonus,income,1
mua khẩu trang 4d mlem mlem #7384 221K,Health,expense,1
mua cây decor phòng ngủ gét gô 25 ngàn,Housing,expense,1
tiền bonus từ khách hàng ầm ầm 1331K,Bonus,income,1
rửa xe máy sạch bong cứu rỗi tâm hồn #1336 105k,Transport,expense,1
mua đồ tiktok shop ngon nhức nách 455 cành,Shopping,expense,1
tiền cà phê giao lưu đối tác cứu rỗi tâm hồn 295k,Investment,expense,1
chì kẻ mày phẩy sợi mlem mlem #1413 289 ngàn,Beauty,expense,1
đi chill acoustic cứu rỗi tâm hồn 431k,Entertainment,expense,1
túi sưởi mini hết nấc #6493 244k,Shopping,expense,1
thay dầu nhớt castrol healing #4555 106k,Transport,expense,1
thưởng nóng từ sếp đỉnh nóc kịch trần #9842 14119 cành,Bonus,income,1
thưởng chuyên cần over hợp #6178 1.7tr,Bonus,income,1
mua khóa học udemy ét ô ét 67k,Education,expense,1
thưởng sinh nhật công ty #8971 8406 ngàn,Bonus,income,1
phở cuốn gét gô #2236 445.000 đồng,Food,expense,1
thu nhập từ kênh youtube healing #8217 11.793.000 đồng,Business,income,1
vé concert anh trai chill chill #5263 278k,Entertainment,expense,1
tiền trúng thưởng mini game xu cà na #9851 3.9Tr,Business,income,1
mua sách tiếng anh mua chill chill #5123 367k,Education,expense,1
mua khóa học udemy over hợp 57k,Education,expense,1
tiền thưởng dự án xuất sắc hết nấc #2032 14254k,Bonus,income,1
mua bông y tế tẩy trang over hợp #3316 62k,Health,expense,1
nhận lương viết content hết nấc #6233 954K,Salary,income,1
thu nhập affliate tiktok shop slay #9453 13.2củ,Business,income,1
đăng ký test toeic xu cà na #6449 67k,Education,expense,1
mua vàng tích trữ ầm ầm 226k,Investment,expense,1
lương làm trợ giảng #8178 2.862.000 đồng,Salary,income,1
tủ quần áo lắp ráp flexing #4668 246k,Housing,expense,1
thịt bò ba chỉ ét ô ét #4341 301 ngàn,Food,expense,1
tiền trúng thưởng mini game slay #8948 12.0củ,Business,income,1
kimbap siêu dài ét ô ét #9581 33k,Food,expense,1
thảm lau chân dễ thương đỉnh nóc kịch trần #7054 128k,Shopping,expense,1
chì kẻ mày phẩy sợi hết nấc #9317 347k,Beauty,expense,1
nạp thẻ game liên quân hết nấc #5511 467 cành,Entertainment,expense,1
mua khóa học tik tok master xu cà na 458K,Education,expense,1
tiền xăng xe tay ga 359k,Transport,expense,1
bảng mắt màu khói chill chill #3687 326k,Beauty,expense,1
trứng gà so cháy phố 158k,Food,expense,1
chơi boardgame cùng hội bạn xịn xò #4546 386k,Entertainment,expense,1
tiền cọc phòng trọ healing #5314 457 cành,Housing,expense,1
mua trà hoa cúc ngủ ngon vibe đỉnh 230K,Health,expense,1
mua nước lau sàn thơm xu cà na 243k,Housing,expense,1
lương thực tập sinh bèo bọt xịn xò #7629 13280k,Salary,income,1
tiền bố mẹ tiếp tế xịn xò #7708 1.4Tr,Business,income,1
nạp vip spotify kiếp nạn thứ 82 329.000 đồng,Entertainment,expense,1
đi bar pub quẩy ngon nhức nách #8233 313k,Entertainment,expense,1
góp quỹ từ thiện trường ét ô ét #6317 263k,Charity,expense,1
mua giày sneaker mlem ét ô ét 146K,Shopping,expense,1
nạp thẻ game liên quân cháy phố 187k,Entertainment,expense,1
tiền khám bệnh phòng khám đỉnh nóc kịch trần 381k,Health,expense,1
tiền mạng internet wifi ầm ầm #9282 375k,Housing,expense,1
đèn led hoàng hôn mlem mlem 359K,Shopping,expense,1
học phí học lái xe ô tô xịn xò 374.000 đồng,Education,expense,1
nước khoáng aquafina vibe đỉnh 401k,Food,expense,1
thu nhập từ kênh youtube vibe đỉnh 4.2tr,Business,income,1
in tài liệu tiểu luận xịn xò 249k,Education,expense,1
ức gà ăn kiêng cháy phố #8113 397k,Food,expense,1
tiền đóng bảo hiểm y tế xu cà na 274k,Health,expense,1
tokbokki phô mai xịn xò #3460 28.000 đồng,Food,expense,1
mua quần áo local brand flexing #9582 228.000 đồng,Shopping,expense,1
chì kẻ mày phẩy sợi slay #4827 192K,Beauty,expense,1
rau hữu cơ bách hóa xanh flexing #6852 210K,Food,expense,1
thưởng sinh nhật công ty hết nấc #3274 6.6Tr,Bonus,income,1
son tint bóng flexing #9051 106k,Beauty,expense,1
vé đi triển lãm nghệ thuật cháy phố #4532 351K,Entertainment,expense,1
gói khám sức khỏe tổng quát hết nấc 177k,Health,expense,1
thuê gia sư kèm 1-1 ầm ầm #4134 89 cành,Education,expense,1
chốt đơn túi xách đeo chéo ngon nhức nách #8422 285 cành,Shopping,expense,1
kem dưỡng phục hồi b5 hết nấc #4440 138k,Beauty,expense,1
tiền xăng xe tay ga ngon nhức nách 478k,Transport,expense,1
nhận lương chạy grab kịch sàn healing #9973 2729K,Salary,income,1
tiền nhổ răng khôn khóc thét đỉnh nóc kịch trần #1703 81k,Health,expense,1
mua khóa học udemy healing #9631 27K,Education,expense,1
gọi bebike đi học ét ô ét #2715 74.000 đồng,Transport,expense,1
mua phụ kiện vòng tay cứu rỗi tâm hồn 320k,Shopping,expense,1
vé máy bay vietjet xu cà na #4605 432 ngàn,Transport,expense,1
mua phụ kiện vòng tay xịn xò 30.000 đồng,Shopping,expense,1
thưởng sinh nhật công ty cứu rỗi tâm hồn #6564 3.1Tr,Bonus,income,1
thưởng vượt doanh số cứu rỗi tâm hồn 14.8củ,Bonus,income,1
bia chill cùng bạn flexing #7432 192.000 đồng,Food,expense,1
tiền nhổ răng khôn khóc thét hết nấc 118k,Health,expense,1
nước hoa mini cháy phố #5935 354K,Beauty,expense,1
tiền nhổ răng khôn khóc thét chill chill #2019 222.000 đồng,Health,expense,1
vé xe limousine về quê over hợp 398 cành,Transport,expense,1
mua đồ về làm mukbang mlem mlem #9483 26 ngàn,Food,expense,1
thay dầu nhớt castrol vibe đỉnh #3890 357k,Transport,expense,1
lương làm mẫu ảnh healing #8300 4.7Tr,Salary,income,1
tiền thưởng kpi tháng cứu rỗi tâm hồn #710 11.137.000 đồng,Bonus,income,1
đi chill acoustic healing #7269 406k,Entertainment,expense,1
tiền mạng internet wifi ét ô ét #4610 436 ngàn,Housing,expense,1
túi sưởi mini xịn xò 417 ngàn,Shopping,expense,1
phí dịch vụ chung cư xu cà na 241k,Housing,expense,1
thuốc nhỏ mũi xịt hết nấc #9747 16k,Health,expense,1
book phòng homestay đà lạt over hợp #1929 290K,Transport,expense,1
mua trà hoa cúc ngủ ngon xu cà na 136K,Health,expense,1
thưởng chuyên cần xịn xò #1940 14261K,Bonus,income,1
đi siêu thị go sắm đồ kiếp nạn thứ 82 #7875 333k,Shopping,expense,1
góp quỹ từ thiện trường xịn xò 134.000 đồng,Charity,expense,1
matcha latte xịn sò ầm ầm #6995 102k,Food,expense,1
ức gà ăn kiêng đỉnh nóc kịch trần 489 ngàn,Food,expense,1
xúc xích ăn liền cứu rỗi tâm hồn #3155 94k,Food,expense,1
nạp vip spotify ầm ầm 201 cành,Entertainment,expense,1
mua trà hoa cúc ngủ ngon over hợp #1974 101k,Health,expense,1
tẩy tế bào chết cocoon ét ô ét #4870 174k,Beauty,expense,1
chốt đơn hoodie oversize kiếp nạn thứ 82 #9425 275.000 đồng,Shopping,expense,1
tiền lãi đầu tư coin vibe đỉnh 962k,Business,income,1
đi chợ đầu mối cứu rỗi tâm hồn #3699 346k,Shopping,expense,1
highlands phindi xịn xò #6982 164k,Food,expense,1
thuê gia sư kèm 1-1 ét ô ét #2230 460k,Education,expense,1
vào rạp chiếu phim lotte ét ô ét 14K,Entertainment,expense,1
đu đỉnh chứng khoán healing #4261 390k,Investment,expense,1
sửa vòi nước hỏng over hợp 65 ngàn,Housing,expense,1
tiền lãi đầu tư coin flexing #7232 8.8Tr,Business,income,1
rau hữu cơ bách hóa xanh hết nấc #8922 208 cành,Food,expense,1
tiền lãi chứng khoán nổ hũ mlem mlem 6244k,Business,income,1
tiền mừng cưới bạn thân slay #1745 193k,Social,expense,1
ức gà ăn kiêng mlem mlem #943 394k,Food,expense,1
lương làm trợ giảng vô tri #8146 2984 cành,Salary,income,1
gấu bông labubu mlem mlem #7790 30k,Shopping,expense,1
bánh tráng trộn xu cà na #5948 317k,Food,expense,1
vé xe limousine về quê đỉnh nóc kịch trần #2652 239k,Transport,expense,1
mixue kem cây vô tri #7979 73k,Food,expense,1
gọi bebike đi học #4887 456 ngàn,Transport,expense,1
mua khẩu trang 4d healing 407k,Health,expense,1
đăng ký test toeic kiếp nạn thứ 82 #3949 445k,Education,expense,1
mua sách truyện manga slay #5696 216 ngàn,Entertainment,expense,1
thưởng tết âm lịch ấm áp chill chill 7.0tr,Bonus,income,1
tiền quỹ nhóm chia đều hết nấc #3125 6430k,Business,income,1
gọi bebike đi học cứu rỗi tâm hồn 394K,Transport,expense,1
tiền mạng internet wifi hết nấc 45k,Housing,expense,1
nệm cao su non vibe đỉnh #6558 492 ngàn,Housing,expense,1
mặt nạ đất sét gét gô 25k,Beauty,expense,1
trà sữa phê la chill chill #7431 100k,Food,expense,1
thưởng chuyên cần đỉnh nóc kịch trần #2014 1847k,Bonus,income,1
thịt bò ba chỉ flexing 314 ngàn,Food,expense,1
tiền thanh lý đồ cũ pass đồ cháy phố #9054 14.7củ,Business,income,1
highlands phindi flexing 78k,Food,expense,1
ting ting lương công ty vibe đỉnh 1688 cành,Salary,income,1
thảm lau chân dễ thương xu cà na #2744 38k,Shopping,expense,1
hát karaoke cháy máy xịn xò 16k,Entertainment,expense,1
quạt tích điện để bàn cứu rỗi tâm hồn #4963 49k,Shopping,expense,1
đu đỉnh coin gét gô #3754 81k,Investment,expense,1
ức gà ăn kiêng xịn xò 235K,Food,expense,1
đi bar pub quẩy flexing 411.000 đồng,Entertainment,expense,1
chơi boardgame cùng hội bạn cứu rỗi tâm hồn 377.000 đồng,Entertainment,expense,1
mua bút highlight xịn xò #9437 396k,Education,expense,1
mua nước súc miệng listerine kiếp nạn thứ 82 332k,Health,expense,1
nước khoáng aquafina kiếp nạn thứ 82 #754 365K,Food,expense,1
chốt đơn chưa bồ ơi,Housing,expense,0
mua trà hoa cúc ngủ ngon vô tri #5895 334k,Health,expense,1
khoai lang mật slay 106k,Food,expense,1
mì tôm hảo hảo over hợp #775 27k,Food,expense,1
tiền mạng internet wifi ét ô ét #6626 229 cành,Housing,expense,1
mua vàng tích trữ slay 263 ngàn,Investment,expense,1
mua máy sấy tóc chill chill #313 397k,Housing,expense,1
mua khẩu trang 4d hết nấc #8124 401k,Health,expense,1
mua cây decor phòng ngủ chill chill #2247 160 cành,Housing,expense,1
thưởng vượt doanh số đỉnh nóc kịch trần #6582 10.2củ,Bonus,income,1
mua sách truyện manga vô tri #8859 334k,Entertainment,expense,1
vé xe limousine về quê xu cà na #5735 90.000 đồng,Transport,expense,1
vé xe limousine về quê mlem mlem #488 229 ngàn,Transport,expense,1
mặt nạ đất sét vibe đỉnh 457 ngàn,Beauty,expense,1
củ sạc nhanh baseus cháy phố #9884 107 cành,Shopping,expense,1
tiền thuê phòng trọ ầm ầm #1682 239k,Housing,expense,1
tiền xăng xe tay ga xịn xò #4057 402k,Transport,expense,1
mặt nạ đất sét ầm ầm #7978 107 ngàn,Beauty,expense,1
hát karaoke cháy máy ngon nhức nách 428k,Entertainment,expense,1
thưởng tết âm lịch ấm áp đỉnh nóc kịch trần #7143 1487 cành,Bonus,income,1
tiền bán hàng shopee over hợp 2.3tr,Business,income,1
nem chua rán cháy phố #6531 145k,Food,expense,1
yến mạch giảm cân hết nấc #9433 228k,Food,expense,1
trà sữa gongcha kiếp nạn thứ 82 276.000 đồng,Food,expense,1
phòng lướt net net cỏ đỉnh nóc kịch trần 445k,Entertainment,expense,1
lẩu haidilao slay #6143 417K,Food,expense,1
mua quà tạ lỗi bồ #8022 279k,Social,expense,1
ốp lưng iphone xịn xò đỉnh nóc kịch trần 389.000 đồng,Shopping,expense,1
thưởng nhân viên xuất sắc cứu rỗi tâm hồn #6772 14.6củ,Bonus,income,1
săn sale kẹp tóc vô tri #934 166 ngàn,Shopping,expense,1
thịt bò ba chỉ gét gô 349 ngàn,Food,expense,1
nước tẩy trang bioderma vô tri #2408 256 cành,Beauty,expense,1
sinh tố bơ ngon ngậy vibe đỉnh #9103 441.000 đồng,Food,expense,1
tẩy tế bào chết cocoon over hợp #4061 184.000 đồng,Beauty,expense,1
đi bar pub quẩy gét gô 353 cành,Entertainment,expense,1
tiền thưởng kpi tháng cứu rỗi tâm hồn #9207 11.9tr,Bonus,income,1
rửa xe máy sạch bong mlem mlem #1261 64 ngàn,Transport,expense,1
mua đồ về làm mukbang ét ô ét 381 cành,Food,expense,1
thay dầu nhớt castrol ét ô ét 202K,Transport,expense,1
gà tắm sốt healing #6954 253K,Food,expense,1
đã chuyển khoản quỹ chưa nhỉ,Housing,expense,0
tủ quần áo lắp ráp chill chill 28K,Housing,expense,1
mixue kem cây vô tri 248k,Food,expense,1
tiền khám bệnh phòng khám healing #8521 214k,Health,expense,1
chi phí đổi căn cước công dân healing #8218 165k,Investment,expense,1
trứng gà so đỉnh nóc kịch trần #405 356 ngàn,Food,expense,1
tẩy tế bào chết cocoon xu cà na #7167 128k,Beauty,expense,1
ting ting lương công ty đỉnh nóc kịch trần 8235K,Salary,income,1
mua nước súc miệng listerine vibe đỉnh #9066 357.000 đồng,Health,expense,1
bán tài liệu học tập cũ #5813 5688K,Business,income,1
thuê xe máy đi phượt gét gô #5854 46K,Transport,expense,1
nước hoa mini xịn xò #3098 283 cành,Beauty,expense,1
tiền mua đồ thắp hương flexing #2201 395k,Investment,expense,1
nạp thẻ game liên quân healing 113 ngàn,Entertainment,expense,1
tiền bonus từ khách hàng chill chill #1116 13610k,Bonus,income,1
tiền mạng internet wifi hết nấc #5018 164k,Housing,expense,1
yến mạch giảm cân ét ô ét #3144 286 ngàn,Food,expense,1
đu đỉnh coin flexing 95k,Investment,expense,1
serum trị mụn hết nấc 59k,Beauty,expense,1
vào rạp chiếu phim lotte #9460 407k,Entertainment,expense,1
mua khóa học udemy xu cà na #2764 284k,Education,expense,1
đi chợ đầu mối healing #8376 198k,Shopping,expense,1
tẩy tế bào chết cocoon kiếp nạn thứ 82 79 cành,Beauty,expense,1
mixue kem cây vô tri #4594 25k,Food,expense,1
sticker dán laptop hết nấc 345k,Shopping,expense,1
tiền mừng cưới bạn thân healing 236K,Social,expense,1
tiền cà phê giao lưu đối tác đỉnh nóc kịch trần #3526 484K,Investment,expense,1
nước khoáng aquafina cứu rỗi tâm hồn 104k,Food,expense,1
lương làm trợ giảng vô tri #6740 1.4Tr,Salary,income,1
tiền chung cư mini ét ô ét 65k,Housing,expense,1
mua khóa học tik tok master kiếp nạn thứ 82 #3293 148.000 đồng,Education,expense,1
tai nghe bluetooth chụp tai đỉnh nóc kịch trần #9099 499k,Shopping,expense,1
trà sữa phúc long vibe đỉnh #8331 489k,Food,expense,1
lợi nhuận bán quần áo secondhand over hợp 4.011.000 đồng,Business,income,1
tiền donate livestream đỉnh nóc kịch trần #652 11.861.000 đồng,Business,income,1
rau hữu cơ bách hóa xanh mlem mlem #2897 240k,Food,expense,1
mì cay cấp độ 7 flexing #1567 362k,Food,expense,1
tiền mạng internet wifi cháy phố 145 cành,Housing,expense,1
ét ô ét cứu cái phòng trọ này,Housing,expense,0
highlands phindi vibe đỉnh #6861 382 ngàn,Food,expense,1
tiền quỹ lớp mlem mlem #7520 350 ngàn,Education,expense,1
popmart blindbox slay 206K,Shopping,expense,1
mua quần áo local brand cháy phố #5747 98k,Shopping,expense,1
tiền bonus từ khách hàng vibe đỉnh 12203k,Bonus,income,1
tiền nhận từ booking quảng cáo mlem mlem #3096 10941k,Business,income,1
bảng mắt màu khói hết nấc #5738 29.000 đồng,Beauty,expense,1
thu nhập affliate tiktok shop vô tri #5463 13.0Tr,Business,income,1
hát karaoke cháy máy cháy phố 486.000 đồng,Entertainment,expense,1
tiền bao người yêu đi ăn xu cà na #2042 144k,Social,expense,1
popmart blindbox ầm ầm #3983 61k,Shopping,expense,1
chúc mừng sinh nhật nhé,Entertainment,expense,0
thay dầu nhớt castrol đỉnh nóc kịch trần #9307 32k,Transport,expense,1
nhận lương viết content flexing 5532 ngàn,Salary,income,1
mua đồ về làm mukbang mlem mlem #6176 22.000 đồng,Food,expense,1
trứng gà so vô tri #2713 23k,Food,expense,1
tiền thưởng dự án xuất sắc ngon nhức nách #5896 9612 cành,Bonus,income,1
nước hoa mini kiếp nạn thứ 82 #3930 415.000 đồng,Beauty,expense,1
đèn led hoàng hôn mlem mlem #266 347 ngàn,Shopping,expense,1
đăng ký lớp yoga mlem mlem #6309 100.000 đồng,Education,expense,1
tiền cọc phòng trọ ét ô ét 46.000 đồng,Housing,expense,1
nạp vip spotify #5397 231K,Entertainment,expense,1
thưởng nóng từ sếp vibe đỉnh #4619 10093 cành,Bonus,income,1
túi sưởi mini xịn xò #1869 108k,Shopping,expense,1
mua khóa học tik tok master over hợp 480K,Education,expense,1
ting ting lương công ty vô tri #5010 3651 ngàn,Salary,income,1
nước cốt xương slay #8475 413 ngàn,Food,expense,1
mì tôm hảo hảo vô tri #2987 475k,Food,expense,1
nệm cao su non over hợp #4796 131k,Housing,expense,1
mua giày sneaker mlem cháy phố #8047 287 ngàn,Shopping,expense,1
thưởng chuyên cần ét ô ét #6152 9.5củ,Bonus,income,1
vitamin c trắng da vibe đỉnh #7007 247k,Health,expense,1
tiền lãi đầu tư coin xu cà na 9.542.000 đồng,Business,income,1
túi sưởi mini kiếp nạn thứ 82 #8026 191k,Shopping,expense,1
bánh tráng phơi sương cháy phố #1275 158k,Food,expense,1
chơi boardgame cùng hội bạn ngon nhức nách #8097 255 ngàn,Entertainment,expense,1
bút calligraphy ầm ầm 249 ngàn,Shopping,expense,1
tiền đóng bảo hiểm y tế xịn xò #1683 370k,Health,expense,1
mua sách tiếng anh mua cứu rỗi tâm hồn 478k,Education,expense,1
thẻ xe bus điện vinbus cháy phố #7361 417k,Transport,expense,1
đèn led hoàng hôn ầm ầm #3520 52K,Shopping,expense,1
mua quần jean ống rộng mlem mlem 73 cành,Shopping,expense,1
đi bar pub quẩy healing #5402 77 ngàn,Entertainment,expense,1
phòng lướt net net cỏ hết nấc #5071 157k,Entertainment,expense,1
thưởng tết âm lịch ấm áp #1770 2.7tr,Bonus,income,1
tiền gửi xe hàng tháng vibe đỉnh 452.000 đồng,Investment,expense,1
học phí khóa học photoshop ngon nhức nách #5386 49k,Education,expense,1
tiền thưởng dự án xuất sắc ầm ầm 8.4củ,Bonus,income,1
gà rán jollibee ngon nhức nách #4765 351 ngàn,Food,expense,1
mua khóa học udemy ầm ầm #4141 169k,Education,expense,1
sữa rửa mặt cetaphil chill chill #9835 74 cành,Beauty,expense,1
tiền thanh lý đồ cũ pass đồ kiếp nạn thứ 82 #8732 2.9Tr,Business,income,1
thẻ xe bus điện vinbus hết nấc #596 234.000 đồng,Transport,expense,1
thưởng ngày lễ 30/4 kiếp nạn thứ 82 #7983 10886 cành,Bonus,income,1
vé đi triển lãm nghệ thuật vô tri #2744 133k,Entertainment,expense,1
đã chuyển khoản quỹ chưa nhỉ,Housing,expense,0
đồ ăn vặt cổng trường hết nấc #2880 325k,Food,expense,1
nạp vip spotify đỉnh nóc kịch trần 336 cành,Entertainment,expense,1
mua quà tạ lỗi bồ hết nấc #2896 151k,Social,expense,1
bia chill cùng bạn vô tri 277.000 đồng,Food,expense,1
đăng ký lớp yoga mlem mlem #2103 164.000 đồng,Education,expense,1
mua khóa cửa vân tay kiếp nạn thứ 82 #6470 267k,Housing,expense,1
nạp vip spotify vibe đỉnh #6184 24k,Entertainment,expense,1
serum trị mụn chill chill #2977 49k,Beauty,expense,1
trà sữa phê la flexing #2348 39k,Food,expense,1
sushi băng chuyền đỉnh nóc kịch trần #2557 108 cành,Food,expense,1
túi sưởi mini #7057 247k,Shopping,expense,1
thuê gia sư kèm 1-1 vibe đỉnh #9187 171 ngàn,Education,expense,1
vé đi triển lãm nghệ thuật cháy phố 102 cành,Entertainment,expense,1
bút calligraphy gét gô #6341 202k,Shopping,expense,1
thuê gia sư kèm 1-1 mlem mlem #4574 95k,Education,expense,1
serum trị mụn đỉnh nóc kịch trần 355k,Beauty,expense,1
lương admin fanpage xu cà na #6358 7.1củ,Salary,income,1
lương thực tập sinh bèo bọt cứu rỗi tâm hồn #4680 10776 cành,Salary,income,1
quạt tích điện để bàn xu cà na #7054 25k,Shopping,expense,1
lợi nhuận bán quần áo secondhand đỉnh nóc kịch trần 11284K,Business,income,1
đồ ăn vặt cổng trường vô tri #2947 490.000 đồng,Food,expense,1
thưởng tết âm lịch ấm áp cháy phố 4.9tr,Bonus,income,1
mì tôm hảo hảo mlem mlem 473k,Food,expense,1
nước hoa mini over hợp #2574 54K,Beauty,expense,1
gói netflix xem phim cứu rỗi tâm hồn 164k,Entertainment,expense,1
nước cốt xương kiếp nạn thứ 82 #3340 422k,Food,expense,1
sửa vòi nước hỏng kiếp nạn thứ 82 #1652 154 cành,Housing,expense,1
kẹp bấm mi xịn kiếp nạn thứ 82 #8108 164 ngàn,Beauty,expense,1
thay dầu nhớt castrol vô tri #7149 204 cành,Transport,expense,1
mua bông y tế tẩy trang 243k,Health,expense,1
lương cứng mỗi tháng xu cà na 14085K,Salary,income,1
tiền thanh lý đồ cũ pass đồ healing #3905 7.5tr,Business,income,1
mặt nạ đất sét mlem mlem 54 ngàn,Beauty,expense,1
tiền mừng cưới bạn thân over hợp #5063 496 cành,Social,expense,1
tiền bố mẹ tiếp tế over hợp #1504 225k,Business,income,1
mua thuốc nhỏ mắt len flexing #6649 152k,Health,expense,1
mì cay cấp độ 7 đỉnh nóc kịch trần #3689 279k,Food,expense,1
đu đỉnh chứng khoán ngon nhức nách 473 cành,Investment,expense,1
trứng gà so cứu rỗi tâm hồn #2720 53k,Food,expense,1
mua thuốc nhỏ mắt len slay #8188 92k,Health,expense,1
đóng tiền phạt muộn healing #1615 36 cành,Investment,expense,1
xiên bẩn đỉnh nóc kịch trần #5736 276k,Food,expense,1
sushi băng chuyền slay #9665 263K,Food,expense,1
chơi boardgame cùng hội bạn cứu rỗi tâm hồn #3723 359k,Entertainment,expense,1
tiền sinh nhật đứa bạn ét ô ét #1125 127 ngàn,Social,expense,1
mua quà tạ lỗi bồ kiếp nạn thứ 82 #8691 261k,Social,expense,1
tiền chung cư mini hết nấc #5363 168k,Housing,expense,1
chốt đơn hoodie oversize kiếp nạn thứ 82 87.000 đồng,Shopping,expense,1
thu nhập từ kênh youtube ngon nhức nách 5496 ngàn,Business,income,1
tiền thanh lý đồ cũ pass đồ flexing 4058K,Business,income,1
trà chanh giã tay hết nấc #8106 245k,Food,expense,1
quạt tích điện để bàn đỉnh nóc kịch trần 38K,Shopping,expense,1
cà phê muối 325k,Food,expense,1
bơ đậu phộng chill chill 451 cành,Food,expense,1
tiền nhổ răng khôn khóc thét ầm ầm 372K,Health,expense,1
rong biển cuộn cơm flexing #8709 496K,Food,expense,1
vé xem phim cgv flexing 157 cành,Entertainment,expense,1
tiền trúng thưởng mini game đỉnh nóc kịch trần #2716 3879k,Business,income,1
nước cốt xương over hợp #4078 213.000 đồng,Food,expense,1
trà chanh giã tay vô tri #4996 292 cành,Food,expense,1
mua khẩu trang 4d vibe đỉnh #2706 247 ngàn,Health,expense,1
đi siêu thị go sắm đồ healing 174k,Shopping,expense,1
đặt xe grabbike hết nấc #5516 77k,Transport,expense,1
mua phụ kiện vòng tay ầm ầm #3208 170k,Shopping,expense,1
tiền vệ sinh rác thải gét gô #5261 44.000 đồng,Housing,expense,1
nước hoa mini ngon nhức nách #9729 221k,Beauty,expense,1
mua kính râm thời trang kiếp nạn thứ 82 #4754 409k,Shopping,expense,1
bảng mắt màu khói slay #808 205 cành,Beauty,expense,1
thưởng ngày lễ 30/4 ngon nhức nách #9894 3263 cành,Bonus,income,1
tiền bao người yêu đi ăn gét gô #3081 413 cành,Social,expense,1
mua nước súc miệng listerine cứu rỗi tâm hồn #8744 109k,Health,expense,1
tiền thanh lý đồ cũ pass đồ kiếp nạn thứ 82 7.713.000 đồng,Business,income,1
vé concert anh trai hết nấc 494k,Entertainment,expense,1
lương designer freelance vô tri #165 12263 cành,Salary,income,1
đế đỡ điện thoại #7804 213k,Shopping,expense,1
lương làm mẫu ảnh slay #7788 13862 cành,Salary,income,1
mua sách tiếng anh mua hết nấc #679 396k,Education,expense,1
mua sách truyện manga ngon nhức nách #857 48k,Entertainment,expense,1
đu đỉnh coin xu cà na 484k,Investment,expense,1
sticker dán laptop đỉnh nóc kịch trần 476 ngàn,Shopping,expense,1
săn áo thun t-shirt mlem mlem 141k,Shopping,expense,1
mua bông y tế tẩy trang kiếp nạn thứ 82 256k,Health,expense,1
mua cây decor phòng ngủ flexing #1192 428 cành,Housing,expense,1
thưởng sinh nhật công ty ầm ầm #3467 12174 cành,Bonus,income,1
tiền nhổ răng khôn khóc thét gét gô 141K,Health,expense,1
săn áo thun t-shirt slay #592 439 ngàn,Shopping,expense,1
nhận lương viết content slay 4121 cành,Salary,income,1
mua mũ bảo hiểm có kính đỉnh nóc kịch trần #6371 154.000 đồng,Transport,expense,1
thuê gia sư kèm 1-1 vibe đỉnh #5692 318k,Education,expense,1
nạp thẻ game liên quân vô tri #1815 118k,Entertainment,expense,1
mặt nạ đất sét 450k,Beauty,expense,1
rong biển cuộn cơm gét gô 99k,Food,expense,1
tiền lãi đầu tư coin xịn xò 12.529.000 đồng,Business,income,1
săn áo thun t-shirt flexing #3873 48k,Shopping,expense,1
mua bao cao su durex gét gô #3800 482 ngàn,Health,expense,1
mua thuốc nhỏ mắt len over hợp #483 263 cành,Health,expense,1
lệ phí thi lại môn chill chill #6499 376 ngàn,Education,expense,1
thưởng vượt doanh số ngon nhức nách #1020 13.6Tr,Bonus,income,1
đi siêu thị go sắm đồ slay #7865 56k,Shopping,expense,1
lương làm trợ giảng ngon nhức nách #1643 6327k,Salary,income,1
rong biển cuộn cơm mlem mlem 238 ngàn,Food,expense,1
gói netflix xem phim flexing 212 cành,Entertainment,expense,1
kẹp bấm mi xịn flexing 347k,Beauty,expense,1
bạc sỉu đá ét ô ét #457 31k,Food,expense,1
tiền trúng thưởng mini game đỉnh nóc kịch trần #1341 13826 cành,Business,income,1
đi chợ đầu mối cứu rỗi tâm hồn #4073 468k,Shopping,expense,1
tiền điện nước giá kinh hoàng mlem mlem 217K,Housing,expense,1
nhận lương viết content flexing #5471 9.1Tr,Salary,income,1
săn sale lazada 11.11 flexing #8609 258 ngàn,Shopping,expense,1
tiền nhổ răng khôn khóc thét cháy phố #1446 30k,Health,expense,1
củ sạc nhanh baseus hết nấc 166K,Shopping,expense,1
xiên bẩn ầm ầm #3090 473.000 đồng,Food,expense,1
dầu gió xanh cứu cánh cháy phố #641 187k,Health,expense,1
sữa chua hy lạp chill chill #7697 266k,Food,expense,1
mua sách truyện manga over hợp #9522 256K,Entertainment,expense,1
kẹp bấm mi xịn kiếp nạn thứ 82 #260 370k,Beauty,expense,1
tiền đóng bảo hiểm y tế ét ô ét #867 112k,Health,expense,1
vé máy bay vietjet cứu rỗi tâm hồn #8032 414k,Transport,expense,1
cushion che khuyết điểm xịn xò 324.000 đồng,Beauty,expense,1
đu đỉnh chứng khoán cứu rỗi tâm hồn #3728 362k,Investment,expense,1
vào rạp chiếu phim lotte vibe đỉnh #845 51k,Entertainment,expense,1
tiền bonus từ khách hàng ầm ầm #1286 11.282.000 đồng,Bonus,income,1
mua trà hoa cúc ngủ ngon flexing 40.000 đồng,Health,expense,1
túi sưởi mini ét ô ét #602 377 cành,Shopping,expense,1
tai nghe bluetooth chụp tai đỉnh nóc kịch trần 10k,Shopping,expense,1
mua đồ về làm mukbang slay #135 100 cành,Food,expense,1
ốp lưng iphone xịn xò gét gô 499k,Shopping,expense,1
bán tài liệu học tập cũ ngon nhức nách 13412 cành,Business,income,1
chi phí đổi căn cước công dân chill chill #8564 430 ngàn,Investment,expense,1
đi siêu thị go sắm đồ hết nấc #9148 99k,Shopping,expense,1
mua thực phẩm chức năng omega3 flexing #369 295.000 đồng,Health,expense,1
bình giữ nhiệt stanley over hợp 343k,Shopping,expense,1
k buffet vô tri 305k,Food,expense,1
thưởng sinh nhật công ty over hợp #1752 493k,Bonus,income,1
mua đồ về làm mukbang xịn xò #703 88K,Food,expense,1
nạp thẻ game liên quân đỉnh nóc kịch trần #8296 376 ngàn,Entertainment,expense,1
chốt đơn túi xách đeo chéo 330 ngàn,Shopping,expense,1
hạt granola flexing 274k,Food,expense,1
tiền sinh nhật đứa bạn gét gô 158.000 đồng,Social,expense,1
lương admin fanpage ngon nhức nách #7948 8035k,Salary,income,1
mua khóa cửa vân tay mlem mlem #8657 500K,Housing,expense,1
mua khẩu trang 4d mlem mlem #4948 406k,Health,expense,1
vé xem phim cgv over hợp 62 ngàn,Entertainment,expense,1
matcha latte xịn sò ét ô ét 255k,Food,expense,1
tiền điện nước giá kinh hoàng hết nấc #2530 248k,Housing,expense,1
sữa chua hy lạp cứu rỗi tâm hồn #1249 499K,Food,expense,1
bút calligraphy cứu rỗi tâm hồn #3698 110k,Shopping,expense,1
tiền mạng internet wifi ầm ầm 249k,Housing,expense,1
lương làm trợ giảng ét ô ét #6275 14440 cành,Salary,income,1
hủ tiếu gõ gét gô 60k,Food,expense,1
sticker dán laptop cứu rỗi tâm hồn #1745 384k,Shopping,expense,1
mua bút highlight đỉnh nóc kịch trần #7402 293.000 đồng,Education,expense,1
tiền bán hàng shopee gét gô 7.716.000 đồng,Business,income,1
trứng gà so hết nấc 125K,Food,expense,1
học phí đại học khóc thét hết nấc #2534 50k,Education,expense,1
hát karaoke cháy máy mlem mlem 128k,Entertainment,expense,1
rau hữu cơ bách hóa xanh vibe đỉnh #9601 208K,Food,expense,1
đăng ký test toeic ét ô ét 141k,Education,expense,1
học phí học lái xe ô tô flexing #6752 365k,Education,expense,1
xúc xích ăn liền xịn xò #3336 345.000 đồng,Food,expense,1
tiền nhổ răng khôn khóc thét đỉnh nóc kịch trần #9962 319k,Health,expense,1
tokbokki phô mai flexing #6025 258 cành,Food,expense,1
cushion che khuyết điểm ét ô ét 189K,Beauty,expense,1
lương làm trợ giảng chill chill #9749 12909K,Salary,income,1
trà chanh giã tay đỉnh nóc kịch trần #5006 156k,Food,expense,1
decor lại phòng trọ flexing #2038 253K,Housing,expense,1
tiền xăng xe tay ga healing #4257 353k,Transport,expense,1
nhận lương chạy grab kịch sàn over hợp #1611 9462 cành,Salary,income,1
sổ tay bullet journal đỉnh nóc kịch trần #882 28 cành,Shopping,expense,1
túi sưởi mini cứu rỗi tâm hồn #5703 178k,Shopping,expense,1
củ sạc nhanh baseus mlem mlem 364k,Shopping,expense,1
đăng ký lớp yoga #9874 194 ngàn,Education,expense,1
tiền cho bạn vay giờ đòi được cứu rỗi tâm hồn 5321K,Business,income,1
mua quà tạ lỗi bồ chill chill #9690 97 ngàn,Social,expense,1
thưởng chuyên cần xịn xò #8166 2.4Tr,Bonus,income,1
đi chợ đầu mối cứu rỗi tâm hồn #5587 456K,Shopping,expense,1
tiền cà phê giao lưu đối tác mlem mlem #287 299.000 đồng,Investment,expense,1
rong biển cuộn cơm over hợp 447k,Food,expense,1
bút calligraphy xu cà na 424k,Shopping,expense,1
gà rán jollibee healing #6373 232K,Food,expense,1
thưởng sinh nhật công ty #2569 6.4củ,Bonus,income,1
lương làm trợ giảng mlem mlem #6822 7.0củ,Salary,income,1
đế đỡ điện thoại ét ô ét #9358 158k,Shopping,expense,1
đi chợ đầu mối #3315 135k,Shopping,expense,1
học phí đại học khóc thét ét ô ét #9397 49K,Education,expense,1
mua khẩu trang 4d healing #9623 286.000 đồng,Health,expense,1
gà rán jollibee xịn xò 272 cành,Food,expense,1
học phí học lái xe ô tô flexing 372.000 đồng,Education,expense,1
bắt grabcar đi tiệc ét ô ét #696 386K,Transport,expense,1
gà tắm sốt ầm ầm #2398 42k,Food,expense,1
gà rán jollibee xu cà na 208K,Food,expense,1
tiền bonus từ khách hàng gét gô #5198 12.2củ,Bonus,income,1
phòng lướt net net cỏ gét gô 96 cành,Entertainment,expense,1
lương thực tập sinh bèo bọt đỉnh nóc kịch trần 13531K,Salary,income,1
cơm hộp tiện lợi #2177 122k,Food,expense,1
chì kẻ mày phẩy sợi chill chill #5067 106 cành,Beauty,expense,1
trà đào cam sả ét ô ét #2031 227k,Food,expense,1
thưởng nóng từ sếp healing #6852 12.5tr,Bonus,income,1
hạt granola ngon nhức nách 319k,Food,expense,1
gọi bebike đi học flexing #3750 34.000 đồng,Transport,expense,1
mua sách tiếng anh mua slay #1019 396 ngàn,Education,expense,1
mua quần jean ống rộng cứu rỗi tâm hồn #648 244k,Shopping,expense,1
lương làm mẫu ảnh ét ô ét #9890 14092k,Salary,income,1
tủ quần áo lắp ráp ét ô ét #459 495k,Housing,expense,1
mua thuốc uống cảm cúm đỉnh nóc kịch trần #7673 312k,Health,expense,1
ăn sập sình hết nấc #6236 249 ngàn,Food,expense,1
lương làm trợ giảng hết nấc #3613 5.8tr,Salary,income,1
decor lại phòng trọ vibe đỉnh 340k,Housing,expense,1
thảm lau chân dễ thương đỉnh nóc kịch trần #1067 58.000 đồng,Shopping,expense,1
thảm lau chân dễ thương xu cà na 363 cành,Shopping,expense,1
tiền mừng cưới bạn thân xịn xò 341.000 đồng,Social,expense,1
thịt bò ba chỉ healing #9651 349k,Food,expense,1
thưởng nhân viên xuất sắc vô tri #7547 8.3tr,Bonus,income,1
mua sách truyện manga gét gô #5550 438k,Entertainment,expense,1
gói khám sức khỏe tổng quát gét gô #5776 246k,Health,expense,1
mì tôm hảo hảo ét ô ét 222 cành,Food,expense,1
tiền bonus từ khách hàng đỉnh nóc kịch trần #8881 5.5tr,Bonus,income,1
tiền gửi xe hàng tháng kiếp nạn thứ 82 115 cành,Investment,expense,1
đi chợ đầu mối ầm ầm 285k,Shopping,expense,1
ăn sập sình ầm ầm #5652 47k,Food,expense,1
bánh tráng trộn hết nấc 239 ngàn,Food,expense,1
đèn led hoàng hôn đỉnh nóc kịch trần #1837 437k,Shopping,expense,1
gà rán jollibee chill chill 296K,Food,expense,1
vibe hôm nay heal lắm,Food,expense,0
tiền lì xì tết tốn kém xu cà na #7129 397.000 đồng,Investment,expense,1
nước tẩy trang bioderma gét gô #5687 117K,Beauty,expense,1
tiền lãi chứng khoán nổ hũ vô tri #1837 12.9củ,Business,income,1
chì kẻ mày phẩy sợi gét gô #2807 453k,Beauty,expense,1
sửa vòi nước hỏng kiếp nạn thứ 82 93k,Housing,expense,1
tiền bố mẹ tiếp tế gét gô 10590 ngàn,Business,income,1
nhận lương viết content vibe đỉnh #8644 5.461.000 đồng,Salary,income,1
đăng ký lớp yoga flexing #9302 82k,Education,expense,1
trà chanh giã tay vibe đỉnh #1753 178k,Food,expense,1
tiền nhận từ booking quảng cáo flexing #3875 11.2củ,Business,income,1
sticker dán laptop healing 436 cành,Shopping,expense,1
vé đi triển lãm nghệ thuật mlem mlem 483.000 đồng,Entertainment,expense,1
lương làm trợ giảng đỉnh nóc kịch trần 13158 cành,Salary,income,1
thảm lau chân dễ thương ét ô ét #1870 492k,Shopping,expense,1
tiền lãi chứng khoán nổ hũ #7149 1222 ngàn,Business,income,1
popmart blindbox xu cà na #7911 386 cành,Shopping,expense,1
tiền thuê phòng trọ 493k,Housing,expense,1
mua tài liệu ôn thi #3069 284K,Education,expense,1
tiền bố mẹ tiếp tế vô tri 6.8củ,Business,income,1
đã chuyển khoản quỹ chưa nhỉ,Food,expense,0
tokbokki phô mai cứu rỗi tâm hồn 335 cành,Food,expense,1
lương thực tập sinh bèo bọt healing #5809 11376k,Salary,income,1
nước hoa mini xu cà na #6224 499k,Beauty,expense,1
khóa học tiếng anh ielts flexing #2619 500K,Education,expense,1
mua khóa học udemy cứu rỗi tâm hồn #9501 73k,Education,expense,1
đế đỡ điện thoại gét gô #4213 104 ngàn,Shopping,expense,1
thu nhập từ kênh youtube flexing #4279 3.1tr,Business,income,1
trà chanh giã tay healing #5192 233.000 đồng,Food,expense,1
kệ để đồ mĩ phẩm kiếp nạn thứ 82 #377 436 cành,Shopping,expense,1
trà sữa phúc long mlem mlem 92.000 đồng,Food,expense,1
bình giữ nhiệt stanley chill chill 348k,Shopping,expense,1
vé xem phim cgv slay 235 cành,Entertainment,expense,1
cà phê muối ngon nhức nách #8396 423.000 đồng,Food,expense,1
tiền lãi chứng khoán nổ hũ xịn xò #6172 6839k,Business,income,1
rửa xe máy sạch bong gét gô #9264 71 ngàn,Transport,expense,1
ức gà ăn kiêng flexing #9604 421k,Food,expense,1
bia chill cùng bạn xịn xò #1177 10 ngàn,Food,expense,1
bơ đậu phộng cứu rỗi tâm hồn #3723 210 cành,Food,expense,1
lương làm mẫu ảnh flexing #4196 14.4Tr,Salary,income,1
đi đu idol kpop vibe đỉnh #1366 315 ngàn,Entertainment,expense,1
lãi gửi tiết kiệm ngân hàng mlem mlem #9785 2.0củ,Business,income,1
tiền sinh nhật đứa bạn ét ô ét 399 cành,Social,expense,1
mua quà tạ lỗi bồ healing #4364 363K,Social,expense,1
cơm hộp tiện lợi 443.000 đồng,Food,expense,1
gọi bebike đi học ét ô ét 99.000 đồng,Transport,expense,1
tiền phạt vi phạm giao thông vô tri #4278 493k,Transport,expense,1
tiền thưởng kpi tháng xu cà na 11.6Tr,Bonus,income,1
nệm cao su non mlem mlem #9210 288K,Housing,expense,1
rau hữu cơ bách hóa xanh healing #6118 437 ngàn,Food,expense,1
bắt grabcar đi tiệc vô tri 427k,Transport,expense,1
bánh tráng phơi sương ầm ầm #8142 151.000 đồng,Food,expense,1
tokbokki phô mai gét gô 243k,Food,expense,1
đu đỉnh chứng khoán cháy phố #3376 195.000 đồng,Investment,expense,1
đi chill acoustic 304K,Entertainment,expense,1
mua thuốc uống cảm cúm cháy phố #655 282k,Health,expense,1
nạp vip spotify #8925 260k,Entertainment,expense,1
mua quần jean ống rộng 233 cành,Shopping,expense,1
lương thực tập sinh bèo bọt vô tri 13851 cành,Salary,income,1
nạp vip spotify hết nấc #7184 22k,Entertainment,expense,1
mua đồ về làm mukbang flexing #9925 121k,Food,expense,1
tiền cho bạn vay giờ đòi được xu cà na 14.5củ,Business,income,1
mua thuốc nhỏ mắt len đỉnh nóc kịch trần #5008 226k,Health,expense,1
thuê gia sư kèm 1-1 xu cà na #5623 281k,Education,expense,1
ốp lưng iphone xịn xò ngon nhức nách #8984 429k,Shopping,expense,1
nạp vip spotify slay 393k,Entertainment,expense,1
bình giữ nhiệt stanley mlem mlem #1483 204k,Shopping,expense,1
thưởng ngày lễ 30/4 gét gô #859 7635 ngàn,Bonus,income,1
tiền đóng bảo hiểm y tế đỉnh nóc kịch trần 187k,Health,expense,1
gấu bông labubu chill chill #4884 433 cành,Shopping,expense,1
rửa xe máy sạch bong đỉnh nóc kịch trần #9733 232k,Transport,expense,1
vé xem phim cgv xu cà na #1555 230 ngàn,Entertainment,expense,1
đế đỡ điện thoại xu cà na #3693 277k,Shopping,expense,1
mua bút highlight xu cà na #2943 384 ngàn,Education,expense,1
chi phí đổi căn cước công dân cháy phố #6207 11 cành,Investment,expense,1
nệm cao su non ét ô ét 191k,Housing,expense,1
tiền vệ sinh rác thải slay #7494 482k,Housing,expense,1
đặt xe grabbike over hợp 43K,Transport,expense,1
sơn móng tay gel cứu rỗi tâm hồn #8225 245 cành,Beauty,expense,1
tiền bao người yêu đi ăn vibe đỉnh #8452 284k,Social,expense,1
bánh tráng phơi sương ầm ầm #9030 388 cành,Food,expense,1
nhận lương viết content xu cà na #5071 14.7củ,Salary,income,1
chì kẻ mày phẩy sợi hết nấc #1941 475k,Beauty,expense,1
mua bút highlight cứu rỗi tâm hồn #5955 168k,Education,expense,1
tiền thưởng kpi tháng #2758 8206K,Bonus,income,1
lương cứng mỗi tháng xịn xò #8806 3.704.000 đồng,Salary,income,1
tiền lãi đầu tư coin flexing #4201 11092 ngàn,Business,income,1
kem chống nắng nâng tông hết nấc 206k,Beauty,expense,1
tiền donate livestream slay #4263 4.6Tr,Business,income,1
yến mạch giảm cân 468 cành,Food,expense,1
chi phí đổi căn cước công dân ngon nhức nách #1026 132 cành,Investment,expense,1
mua thuốc uống cảm cúm cứu rỗi tâm hồn 191.000 đồng,Health,expense,1
quạt tích điện để bàn healing #353 102k,Shopping,expense,1
nước ngọt coca zero healing #120 49 cành,Food,expense,1
mua quà tạ lỗi bồ vibe đỉnh 449 ngàn,Social,expense,1
lương admin fanpage over hợp 8.497.000 đồng,Salary,income,1
tiền thanh lý đồ cũ pass đồ healing 2.5củ,Business,income,1
nạp thẻ game liên quân slay #2742 266k,Entertainment,expense,1
mua kính râm thời trang ầm ầm 343 ngàn,Shopping,expense,1
son tint bóng cứu rỗi tâm hồn #2648 328 cành,Beauty,expense,1
mua kính râm thời trang xu cà na 286K,Shopping,expense,1
túi sưởi mini chill chill 201k,Shopping,expense,1
thưởng tết âm lịch ấm áp cháy phố #585 9.0củ,Bonus,income,1
highlands phindi kiếp nạn thứ 82 333k,Food,expense,1
popmart blindbox #877 468k,Shopping,expense,1
tiền vệ sinh rác thải chill chill 281 cành,Housing,expense,1
nạp thẻ game liên quân ét ô ét #9982 362k,Entertainment,expense,1
lương thực tập sinh bèo bọt #2559 6933 ngàn,Salary,income,1
nước khoáng aquafina chill chill 350 cành,Food,expense,1
vé máy bay vietjet xu cà na #5253 436k,Transport,expense,1
nhận lương chạy grab kịch sàn mlem mlem #8770 5652 ngàn,Salary,income,1
lương làm mẫu ảnh #8773 938 cành,Salary,income,1
nước hoa mini ầm ầm #3753 294.000 đồng,Beauty,expense,1
chi phí đổi căn cước công dân ét ô ét #4376 81k,Investment,expense,1
thảm lau chân dễ thương vô tri #9318 128k,Shopping,expense,1
mua đồ tiktok shop #6595 331k,Shopping,expense,1
sticker dán laptop gét gô #7750 387k,Shopping,expense,1
thu nhập từ kênh youtube ét ô ét #5538 6.556.000 đồng,Business,income,1
mua đồ về làm mukbang hết nấc #798 275 cành,Food,expense,1
lương designer freelance vibe đỉnh 9746 cành,Salary,income,1
tiền thanh lý đồ cũ pass đồ mlem mlem #2097 4.8củ,Business,income,1
mua cây decor phòng ngủ #3059 237k,Housing,expense,1
mua tài liệu ôn thi vibe đỉnh #1226 41 cành,Education,expense,1
mua sách truyện manga mlem mlem 181 ngàn,Entertainment,expense,1
tiền trúng thưởng mini game ầm ầm #4569 8.5tr,Business,income,1
nước cốt xương ầm ầm #1260 397K,Food,expense,1
thảm lau chân dễ thương ầm ầm 371 cành,Shopping,expense,1
nước khoáng aquafina ầm ầm #7395 189 ngàn,Food,expense,1
mua quần jean ống rộng hết nấc 134 ngàn,Shopping,expense,1
dầu gió xanh cứu cánh cháy phố #4240 208 ngàn,Health,expense,1
thưởng chuyên cần xu cà na #3652 3447 ngàn,Bonus,income,1
vé máy bay vietjet ngon nhức nách #9508 250k,Transport,expense,1
lương làm trợ giảng ầm ầm #7423 347k,Salary,income,1
xin review quán này với,Food,expense,0
nước ép hoa quả healthy vibe đỉnh #7338 180 ngàn,Food,expense,1
vitamin c trắng da xu cà na #6905 481 cành,Health,expense,1
yến mạch giảm cân slay #351 74 cành,Food,expense,1
thưởng ngày lễ 30/4 mlem mlem 2.3tr,Bonus,income,1
mua sách tiếng anh mua vô tri #802 406k,Education,expense,1
tiền cọc phòng trọ đỉnh nóc kịch trần #8210 479k,Housing,expense,1
tiền cho bạn vay giờ đòi được vibe đỉnh #2097 10808 cành,Business,income,1
bảng mắt màu khói #8098 454k,Beauty,expense,1
tiền chung cư mini vibe đỉnh 22 cành,Housing,expense,1
sinh tố bơ ngon ngậy 285.000 đồng,Food,expense,1
nạp thẻ game liên quân ầm ầm #2802 411 cành,Entertainment,expense,1
cơm hộp tiện lợi ầm ầm 365k,Food,expense,1
decor lại phòng trọ slay #6379 12K,Housing,expense,1
tiền cọc phòng trọ cháy phố #3505 363k,Housing,expense,1
mua nước súc miệng listerine flexing 383k,Health,expense,1
hủ tiếu gõ xu cà na 277k,Food,expense,1
tiền cọc phòng trọ ầm ầm #4900 62k,Housing,expense,1
bún đậu mắm tôm ngon nhức nách,Food,expense,0
bơ đậu phộng over hợp #8119 265.000 đồng,Food,expense,1
bia chill cùng bạn ầm ầm #7092 29k,Food,expense,1
trứng gà so ét ô ét #6480 423k,Food,expense,1
mua quần jean ống rộng kiếp nạn thứ 82 #2829 343k,Shopping,expense,1
mua tài liệu ôn thi vô tri #1283 333k,Education,expense,1
lương cứng mỗi tháng vô tri 14500k,Salary,income,1
mua quần áo local brand flexing #6909 179k,Shopping,expense,1
tiền gửi xe hàng tháng cháy phố 348k,Investment,expense,1
thảm lau chân dễ thương flexing #9876 480K,Shopping,expense,1
mua bút highlight flexing #9318 95k,Education,expense,1
chốt đơn hoodie oversize hết nấc 303k,Shopping,expense,1
mua bút highlight xịn xò #3315 123k,Education,expense,1
lương part-time rủng rỉnh gét gô 4.7Tr,Salary,income,1
đu đỉnh chứng khoán slay #5289 408 cành,Investment,expense,1
chi phí đổi căn cước công dân cứu rỗi tâm hồn #8555 223 ngàn,Investment,expense,1
góp quỹ từ thiện trường ngon nhức nách #6717 453 ngàn,Charity,expense,1
dầu gió xanh cứu cánh ầm ầm #7329 81k,Health,expense,1
son tint bóng healing #7295 171 cành,Beauty,expense,1
mua vàng tích trữ healing #9232 189.000 đồng,Investment,expense,1
mua khóa học udemy vibe đỉnh 290k,Education,expense,1
lương làm trợ giảng ầm ầm #7639 660 cành,Salary,income,1
đế đỡ điện thoại ầm ầm #4688 371k,Shopping,expense,1
tiền thưởng dự án xuất sắc ngon nhức nách 201k,Bonus,income,1
thu nhập affliate tiktok shop flexing #5184 1696K,Business,income,1
tiền mạng internet wifi ét ô ét 80k,Housing,expense,1
lương designer freelance healing #9552 511k,Salary,income,1
tiền phạt vi phạm giao thông đỉnh nóc kịch trần #7201 402 cành,Transport,expense,1
bánh tráng phơi sương xu cà na #8559 492k,Food,expense,1
trà sữa phúc long xịn xò #7697 259k,Food,expense,1
túi sưởi mini #7467 289K,Shopping,expense,1
lệ phí thi lại môn ầm ầm #8919 99.000 đồng,Education,expense,1
đã chuyển khoản quỹ chưa nhỉ,Housing,expense,0
săn sale lazada 11.11 slay #251 241.000 đồng,Shopping,expense,1
ơm tấm sườn bì chả ét ô ét #9529 214k,Food,expense,1
mì tôm hảo hảo hết nấc #4274 485 cành,Food,expense,1
vé xem phim cgv hết nấc 409k,Entertainment,expense,1
nước cốt xương kiếp nạn thứ 82 #8655 319.000 đồng,Food,expense,1
tiền donate livestream ét ô ét 5.0củ,Business,income,1
gói khám sức khỏe tổng quát gét gô 438 ngàn,Health,expense,1
sinh tố bơ ngon ngậy flexing 474k,Food,expense,1
lương designer freelance chill chill 2.1tr,Salary,income,1
ức gà ăn kiêng cứu rỗi tâm hồn #1979 324k,Food,expense,1
tiền lãi chứng khoán nổ hũ slay #993 1819k,Business,income,1
gói netflix xem phim 381K,Entertainment,expense,1
đu đỉnh chứng khoán ngon nhức nách #7311 220 ngàn,Investment,expense,1
thưởng nhân viên xuất sắc xu cà na 8.7củ,Bonus,income,1
thuê gia sư kèm 1-1 hết nấc #3240 356k,Education,expense,1
tiền quỹ nhóm chia đều ầm ầm #4000 7.4Tr,Business,income,1
tiền khám bệnh phòng khám vibe đỉnh #9366 182K,Health,expense,1
đi chợ đầu mối gét gô 339 cành,Shopping,expense,1
đu đỉnh chứng khoán xu cà na #550 235k,Investment,expense,1
đế đỡ điện thoại đỉnh nóc kịch trần 153k,Shopping,expense,1
mua quần áo local brand đỉnh nóc kịch trần 139k,Shopping,expense,1
hủ tiếu gõ vô tri #713 466.000 đồng,Food,expense,1
lương part-time rủng rỉnh vibe đỉnh #8376 1.769.000 đồng,Salary,income,1
tiền vệ sinh rác thải cháy phố 219k,Housing,expense,1
yến mạch giảm cân cứu rỗi tâm hồn #9317 47K,Food,expense,1
hát karaoke cháy máy xịn xò #8076 441k,Entertainment,expense,1
bún đậu mắm tôm ngon nhức nách 235K,Food,expense,1
bánh tráng trộn ầm ầm 152 ngàn,Food,expense,1
dầu gió xanh cứu cánh ét ô ét #8437 255K,Health,expense,1
mua bao cao su durex vibe đỉnh #2386 341k,Health,expense,1
lương designer freelance kiếp nạn thứ 82 4.2tr,Salary,income,1
vé máy bay vietjet slay #6628 416k,Transport,expense,1
nem chua rán over hợp #1276 20k,Food,expense,1
đặt xe grabbike cứu rỗi tâm hồn #3474 476 cành,Transport,expense,1
nạp vip spotify slay #2474 385K,Entertainment,expense,1
mua sách tiếng anh mua slay #4218 427.000 đồng,Education,expense,1
mua đồ tiktok shop vô tri #5138 24.000 đồng,Shopping,expense,1
vé concert anh trai slay #7051 212k,Entertainment,expense,1
thảm lau chân dễ thương gét gô 124 cành,Shopping,expense,1
son tint bóng ngon nhức nách 402.000 đồng,Beauty,expense,1
dầu gió xanh cứu cánh ét ô ét 240k,Health,expense,1
nước tẩy trang bioderma ầm ầm 93k,Beauty,expense,1
kem chống nắng nâng tông ầm ầm #4720 80 ngàn,Beauty,expense,1
chì kẻ mày phẩy sợi ngon nhức nách #3978 391K,Beauty,expense,1
mixue kem cây kiếp nạn thứ 82 301 cành,Food,expense,1
thu nhập affliate tiktok shop vô tri #1097 3.9tr,Business,income,1
thưởng sinh nhật công ty #2604 14072k,Bonus,income,1
vé concert anh trai kiếp nạn thứ 82 72.000 đồng,Entertainment,expense,1
quạt tích điện để bàn ngon nhức nách 191 cành,Shopping,expense,1
bình giữ nhiệt stanley ét ô ét #9611 41 ngàn,Shopping,expense,1
lương admin fanpage gét gô 14666 cành,Salary,income,1
đi bar pub quẩy kiếp nạn thứ 82 #9248 13 ngàn,Entertainment,expense,1
đi bar pub quẩy đỉnh nóc kịch trần #4656 55K,Entertainment,expense,1
khóa học tiếng anh ielts over hợp #2986 368.000 đồng,Education,expense,1
mua bao cao su durex ầm ầm 287.000 đồng,Health,expense,1
mì trộn indomie mlem mlem #1847 344 ngàn,Food,expense,1
tiền lì xì tết tốn kém slay #2838 226 cành,Investment,expense,1
gấu bông labubu xịn xò #5015 53 cành,Shopping,expense,1
yến mạch giảm cân ngon nhức nách 79k,Food,expense,1
tiền nhổ răng khôn khóc thét xu cà na #5354 210k,Health,expense,1
bảo dưỡng xe máy #8171 452.000 đồng,Transport,expense,1
lương cứng mỗi tháng ngon nhức nách #8079 8588 ngàn,Salary,income,1
phí dịch vụ chung cư #563 178.000 đồng,Housing,expense,1
dầu gội bưởi mọc tóc vô tri #1451 299k,Beauty,expense,1
nem chua rán hết nấc #7766 44 cành,Food,expense,1
nệm cao su non cứu rỗi tâm hồn 63k,Housing,expense,1
khoai lang mật 43 cành,Food,expense,1
k buffet flexing 306.000 đồng,Food,expense,1
thưởng nhân viên xuất sắc ngon nhức nách #7771 8.1Tr,Bonus,income,1
bạc sỉu đá xu cà na #8601 324.000 đồng,Food,expense,1
lương thực tập sinh bèo bọt mlem mlem #8803 518K,Salary,income,1
nước cốt xương ầm ầm 208K,Food,expense,1
dầu gió xanh cứu cánh healing #2641 260.000 đồng,Health,expense,1
xúc xích ăn liền gét gô #1658 172.000 đồng,Food,expense,1
dầu gội bưởi mọc tóc cháy phố 184k,Beauty,expense,1
chi phí đổi căn cước công dân ét ô ét #3247 415k,Investment,expense,1
thưởng nhân viên xuất sắc xu cà na #498 11.6tr,Bonus,income,1
mua mũ bảo hiểm có kính ầm ầm #4590 444 ngàn,Transport,expense,1
hủ tiếu gõ đỉnh nóc kịch trần #8713 202 ngàn,Food,expense,1
lợi nhuận bán quần áo secondhand ngon nhức nách #5946 4433 cành,Business,income,1
popmart blindbox cứu rỗi tâm hồn #2246 63 ngàn,Shopping,expense,1
vé concert anh trai gét gô #5897 310k,Entertainment,expense,1
tiền nhận từ booking quảng cáo flexing #923 14.3tr,Business,income,1
kẹp bấm mi xịn đỉnh nóc kịch trần #9778 55k,Beauty,expense,1
mua mũ bảo hiểm có kính ầm ầm #1709 172k,Transport,expense,1
thưởng ngày lễ 30/4 ét ô ét #7187 848 ngàn,Bonus,income,1
phí dịch vụ chung cư healing 193k,Housing,expense,1
popmart blindbox healing 287 ngàn,Shopping,expense,1
tiền khám bệnh phòng khám ầm ầm #1748 382.000 đồng,Health,expense,1
sinh tố bơ ngon ngậy đỉnh nóc kịch trần #1107 396k,Food,expense,1
tai nghe bluetooth chụp tai slay 53 cành,Shopping,expense,1
tiền đóng bảo hiểm y tế #5070 363k,Health,expense,1
mua bút highlight slay #3174 183 ngàn,Education,expense,1
sữa chua hy lạp vibe đỉnh #4440 167 ngàn,Food,expense,1
nhận lương viết content cứu rỗi tâm hồn #3465 13313K,Salary,income,1
lương admin fanpage cháy phố 10420 ngàn,Salary,income,1
nước cốt xương #1086 289 ngàn,Food,expense,1
mua đồ về làm mukbang slay #8779 230k,Food,expense,1
trứng gà so flexing #9866 489k,Food,expense,1
lương thực tập sinh bèo bọt gét gô 5816k,Salary,income,1
thưởng nóng từ sếp ngon nhức nách #7622 11813k,Bonus,income,1
lương làm mẫu ảnh vô tri #2450 397k,Salary,income,1
khóa học tiếng anh ielts cháy phố #9789 405K,Education,expense,1
tiền cà phê giao lưu đối tác gét gô 367k,Investment,expense,1
ức gà ăn kiêng cứu rỗi tâm hồn #5205 215k,Food,expense,1
tẩy tế bào chết cocoon xu cà na 383k,Beauty,expense,1
đi chill acoustic mlem mlem 326k,Entertainment,expense,1
đi bar pub quẩy over hợp 76k,Entertainment,expense,1
bút calligraphy vô tri #7875 419k,Shopping,expense,1
gà tắm sốt mlem mlem #3435 267k,Food,expense,1
tiền trúng thưởng mini game mlem mlem 13.7củ,Business,income,1
dầu gió xanh cứu cánh đỉnh nóc kịch trần 36K,Health,expense,1
nạp vip spotify #2747 356k,Entertainment,expense,1
tiền bonus từ khách hàng ngon nhức nách 7.0tr,Bonus,income,1
nước khoáng aquafina xịn xò 186k,Food,expense,1
đăng ký test toeic flexing 403k,Education,expense,1
chơi boardgame cùng hội bạn xịn xò #6264 431 ngàn,Entertainment,expense,1
sushi băng chuyền healing #5366 146 ngàn,Food,expense,1
khóa học tiếng anh ielts gét gô #3357 189 ngàn,Education,expense,1
mua phụ kiện vòng tay ét ô ét #6806 350k,Shopping,expense,1
mua thuốc nhỏ mắt len slay 485 ngàn,Health,expense,1
mixue kem cây mlem mlem #7947 453k,Food,expense,1
thưởng vượt doanh số đỉnh nóc kịch trần 6.1Tr,Bonus,income,1
trà sữa phê la cứu rỗi tâm hồn #3924 314k,Food,expense,1
thuê gia sư kèm 1-1 over hợp 68.000 đồng,Education,expense,1
tiền donate livestream mlem mlem #6226 891 cành,Business,income,1
thẻ xe bus điện vinbus ầm ầm 283k,Transport,expense,1
nhận lương chạy grab kịch sàn cháy phố #6485 13977K,Salary,income,1
vé đi triển lãm nghệ thuật slay 344 cành,Entertainment,expense,1
quyên góp từ thiện chống lũ xu cà na #221 475 cành,Charity,expense,1
sữa rửa mặt cetaphil healing #4782 337 ngàn,Beauty,expense,1
gà tắm sốt cháy phố #4450 418k,Food,expense,1
kẹp bấm mi xịn đỉnh nóc kịch trần #7566 57.000 đồng,Beauty,expense,1
tiền thưởng kpi tháng healing #6985 5.2Tr,Bonus,income,1
đăng ký test toeic xu cà na #2908 205K,Education,expense,1
thưởng ngày lễ 30/4 hết nấc #5627 12669K,Bonus,income,1
phở cuốn gét gô 192 ngàn,Food,expense,1
tiền nhổ răng khôn khóc thét flexing #3615 273.000 đồng,Health,expense,1
chốt đơn túi xách đeo chéo hết nấc #9343 105 cành,Shopping,expense,1
lương làm mẫu ảnh over hợp 8.5tr,Salary,income,1
mua khóa học tik tok master flexing 52k,Education,expense,1
mua khóa học udemy vibe đỉnh #356 432k,Education,expense,1
kem chống nắng nâng tông vô tri #674 302 cành,Beauty,expense,1
tủ quần áo lắp ráp xịn xò 322 cành,Housing,expense,1
mua máy sấy tóc over hợp 297k,Housing,expense,1
khoai lang mật ét ô ét 248k,Food,expense,1
đi đu idol kpop chill chill #3945 272k,Entertainment,expense,1
gọi bebike đi học #768 83k,Transport,expense,1
túi sưởi mini 31k,Shopping,expense,1
mua khóa học tik tok master ngon nhức nách #2525 69.000 đồng,Education,expense,1
đu đỉnh coin xịn xò #1324 277k,Investment,expense,1
nệm cao su non over hợp #3412 338k,Housing,expense,1
củ sạc nhanh baseus ngon nhức nách #986 212.000 đồng,Shopping,expense,1
tiền bán hàng shopee flexing #1001 5.8Tr,Business,income,1
vào rạp chiếu phim lotte mlem mlem 379.000 đồng,Entertainment,expense,1
đi chill acoustic flexing #5446 246 ngàn,Entertainment,expense,1
thưởng sinh nhật công ty cháy phố #9268 7748 ngàn,Bonus,income,1
thưởng chuyên cần chill chill #3124 10.1củ,Bonus,income,1
học phí học lái xe ô tô ngon nhức nách 460k,Education,expense,1
xiên bẩn 239k,Food,expense,1
mua sách tiếng anh mua chill chill #3093 243K,Education,expense,1
chi phí đổi căn cước công dân kiếp nạn thứ 82 53.000 đồng,Investment,expense,1
lương thực tập sinh bèo bọt xu cà na #6385 7.3tr,Salary,income,1
mua quần áo local brand over hợp 434.000 đồng,Shopping,expense,1
thuốc nhỏ mũi xịt flexing #2012 203K,Health,expense,1
thuốc nhỏ mũi xịt vibe đỉnh #5952 25.000 đồng,Health,expense,1
lệ phí thi lại môn healing 329 ngàn,Education,expense,1
tiền sinh nhật đứa bạn 141K,Social,expense,1
phở cuốn #8374 197k,Food,expense,1
xin review quán này với,Social,expense,0
bảo dưỡng xe máy vô tri 233 cành,Transport,expense,1
sữa chua hy lạp healing #1334 421.000 đồng,Food,expense,1
lãi gửi tiết kiệm ngân hàng xịn xò 4853k,Business,income,1
thuốc nhỏ mũi xịt xu cà na 175k,Health,expense,1
ăn sập sình #6624 214 cành,Food,expense,1
mixue kem cây #1744 328k,Food,expense,1
mua trà hoa cúc ngủ ngon gét gô 408k,Health,expense,1
lương part-time rủng rỉnh chill chill #3160 13069 cành,Salary,income,1
mua thuốc uống cảm cúm #8364 497k,Health,expense,1
tiền điện nước giá kinh hoàng gét gô 85k,Housing,expense,1
mua thuốc uống cảm cúm xịn xò 496k,Health,expense,1
quyên góp từ thiện chống lũ xu cà na #4080 85k,Charity,expense,1
tiền chung cư mini cháy phố #7937 321 cành,Housing,expense,1
mua game trên steam đỉnh nóc kịch trần #220 342k,Entertainment,expense,1
mua khẩu trang 4d over hợp #6722 144k,Health,expense,1
kem chống nắng nâng tông healing 466k,Beauty,expense,1
sushi băng chuyền ngon nhức nách #4389 416K,Food,expense,1
sơn móng tay gel chill chill #9145 433k,Beauty,expense,1
sửa vòi nước hỏng chill chill 96k,Housing,expense,1
mixue kem cây hết nấc #9622 101k,Food,expense,1
lệ phí thi lại môn gét gô 489.000 đồng,Education,expense,1
đi siêu thị go sắm đồ flexing #2969 201k,Shopping,expense,1
thưởng chuyên cần flexing #3702 5.2Tr,Bonus,income,1
đi chợ đầu mối xịn xò #3277 96 cành,Shopping,expense,1
mua đồ về làm mukbang gét gô #447 249k,Food,expense,1
thưởng tết âm lịch ấm áp mlem mlem #6792 3784 ngàn,Bonus,income,1
vớ tất cao cổ vô tri 269K,Shopping,expense,1
tiền cho bạn vay giờ đòi được mlem mlem 4363 cành,Business,income,1
chốt đơn túi xách đeo chéo #1591 461 ngàn,Shopping,expense,1
bánh tráng phơi sương xu cà na 309 cành,Food,expense,1
mua máy sấy tóc healing 20k,Housing,expense,1
nạp thẻ game liên quân gét gô 241k,Entertainment,expense,1
gói netflix xem phim mlem mlem #7761 343 ngàn,Entertainment,expense,1
nệm cao su non đỉnh nóc kịch trần 215.000 đồng,Housing,expense,1
thưởng nóng từ sếp cháy phố 9.722.000 đồng,Bonus,income,1
thưởng chuyên cần gét gô #8118 4345 cành,Bonus,income,1
góp quỹ từ thiện trường đỉnh nóc kịch trần #8133 204 cành,Charity,expense,1
lệ phí thi lại môn ầm ầm 419k,Education,expense,1
đu đỉnh chứng khoán đỉnh nóc kịch trần #7998 280k,Investment,expense,1
kem chống nắng nâng tông #705 85 ngàn,Beauty,expense,1
mua khóa cửa vân tay ét ô ét #506 424K,Housing,expense,1
sơn móng tay gel xu cà na 346k,Beauty,expense,1
bún đậu mắm tôm ngon nhức nách ầm ầm 412k,Food,expense,1
thưởng nhân viên xuất sắc vibe đỉnh #6706 14921 cành,Bonus,income,1
mua khóa học udemy đỉnh nóc kịch trần 175k,Education,expense,1
trà đào cam sả slay #5371 203k,Food,expense,1
nhận lương chạy grab kịch sàn 3423K,Salary,income,1
mua thuốc uống cảm cúm cháy phố #2162 76K,Health,expense,1
gọi bebike đi học ầm ầm 279k,Transport,expense,1
đăng ký lớp yoga ầm ầm 483k,Education,expense,1
bạc sỉu đá ầm ầm 318k,Food,expense,1
tiền bao người yêu đi ăn cứu rỗi tâm hồn #7691 201k,Social,expense,1
ting ting lương công ty mlem mlem 11031 cành,Salary,income,1
thưởng tết âm lịch ấm áp chill chill #305 10157 ngàn,Bonus,income,1
chốt đơn túi xách đeo chéo cứu rỗi tâm hồn #6107 408k,Shopping,expense,1
tiền lãi chứng khoán nổ hũ cứu rỗi tâm hồn #1751 5.093.000 đồng,Business,income,1
đóng tiền phạt muộn cứu rỗi tâm hồn #6495 255k,Investment,expense,1
mua quần jean ống rộng hết nấc #3451 239k,Shopping,expense,1
mua khóa học udemy mlem mlem 420K,Education,expense,1
túi sưởi mini slay #6685 62k,Shopping,expense,1
son tint bóng cháy phố #3173 492k,Beauty,expense,1
nem chua rán cháy phố #8629 272k,Food,expense,1
tiền sinh nhật đứa bạn ngon nhức nách #2735 197 ngàn,Social,expense,1
tẩy tế bào chết cocoon healing #1340 200 ngàn,Beauty,expense,1
khóa học tiếng anh ielts xu cà na #9236 486 cành,Education,expense,1
yến mạch giảm cân ngon nhức nách #2484 40K,Food,expense,1
thuê gia sư kèm 1-1 cứu rỗi tâm hồn #5125 35k,Education,expense,1
matcha latte xịn sò cứu rỗi tâm hồn #2421 383k,Food,expense,1
tiền thanh lý đồ cũ pass đồ xu cà na #339 12.9củ,Business,income,1
mua khóa học udemy chill chill #6321 39.000 đồng,Education,expense,1
trà sữa phê la mlem mlem #2092 224k,Food,expense,1
chốt đơn hoodie oversize flexing 208 ngàn,Shopping,expense,1
bạc sỉu đá vibe đỉnh 277k,Food,expense,1
ức gà ăn kiêng flexing #3916 406.000 đồng,Food,expense,1
mua quà tạ lỗi bồ gét gô 132k,Social,expense,1
tiền khám bệnh phòng khám kiếp nạn thứ 82 #8299 17K,Health,expense,1
học phí khóa học photoshop vibe đỉnh #9201 36k,Education,expense,1
sổ tay bullet journal over hợp 21K,Shopping,expense,1
thịt bò ba chỉ kiếp nạn thứ 82 124k,Food,expense,1
lương thực tập sinh bèo bọt xu cà na #3652 6.639.000 đồng,Salary,income,1
mua phụ kiện vòng tay đỉnh nóc kịch trần #7275 408.000 đồng,Shopping,expense,1
mua khóa học tik tok master chill chill 183k,Education,expense,1
góp quỹ từ thiện trường gét gô 280k,Charity,expense,1
lương admin fanpage chill chill #2134 9.262.000 đồng,Salary,income,1
mua bao cao su durex slay #6117 312K,Health,expense,1
tiền mừng cưới bạn thân kiếp nạn thứ 82 #3563 254K,Social,expense,1
chì kẻ mày phẩy sợi vô tri #7902 217k,Beauty,expense,1
gét gô thôi anh em,Food,expense,0
tiền quỹ lớp ét ô ét #2969 10k,Education,expense,1
nước ép hoa quả healthy hết nấc #2030 13k,Food,expense,1
serum trị mụn ầm ầm 275 cành,Beauty,expense,1
xiên bẩn chill chill #1777 149 cành,Food,expense,1
quạt tích điện để bàn ầm ầm #4112 17 ngàn,Shopping,expense,1
mua khẩu trang 4d kiếp nạn thứ 82 84 cành,Health,expense,1
lương làm mẫu ảnh vibe đỉnh #9434 13263k,Salary,income,1
đi chợ đầu mối chill chill #6473 250k,Shopping,expense,1
mua thực phẩm chức năng omega3 ầm ầm #9916 485k,Health,expense,1
tiền lãi đầu tư coin mlem mlem 12.8tr,Business,income,1
sushi băng chuyền cứu rỗi tâm hồn #6500 376K,Food,expense,1
phở cuốn xịn xò 129k,Food,expense,1
ơm tấm sườn bì chả mlem mlem #1167 413k,Food,expense,1
nạp vip spotify flexing #7380 430k,Entertainment,expense,1
mặt nạ đất sét ầm ầm #5426 60.000 đồng,Beauty,expense,1
lương thực tập sinh bèo bọt vibe đỉnh #2349 755K,Salary,income,1
lương cứng mỗi tháng gét gô #4041 1.331.000 đồng,Salary,income,1
gọi bebike đi học healing #4430 259k,Transport,expense,1
chơi boardgame cùng hội bạn đỉnh nóc kịch trần #2943 67.000 đồng,Entertainment,expense,1
sổ tay bullet journal healing 81k,Shopping,expense,1
góp quỹ từ thiện trường ngon nhức nách 266k,Charity,expense,1
thưởng ngày lễ 30/4 flexing #391 14.6củ,Bonus,income,1
đi chợ đầu mối vibe đỉnh #3620 468 cành,Shopping,expense,1
tiền chung cư mini hết nấc 213k,Housing,expense,1
tiền chung cư mini mlem mlem #8588 436 cành,Housing,expense,1
nạp vip spotify ngon nhức nách #2273 475k,Entertainment,expense,1
k buffet ngon nhức nách #2603 91K,Food,expense,1
khóa học tiếng anh ielts kiếp nạn thứ 82 #5541 496 cành,Education,expense,1
tiền mạng internet wifi ét ô ét #6681 64 cành,Housing,expense,1
tiền mạng internet wifi ầm ầm #2193 370K,Housing,expense,1
tiền cọc phòng trọ ngon nhức nách #2516 284.000 đồng,Housing,expense,1
thưởng sinh nhật công ty xu cà na #8664 6789 ngàn,Bonus,income,1
xúc xích ăn liền vibe đỉnh #3852 395k,Food,expense,1
thịt bò ba chỉ ét ô ét #3075 88 ngàn,Food,expense,1
đu đỉnh chứng khoán kiếp nạn thứ 82 #3533 268K,Investment,expense,1
nước ép hoa quả healthy healing 330k,Food,expense,1
chốt đơn túi xách đeo chéo vibe đỉnh #2763 43k,Shopping,expense,1
trứng gà so chill chill 138k,Food,expense,1
tiền nhận từ booking quảng cáo xịn xò #8640 14063 cành,Business,income,1
lương làm trợ giảng chill chill #6182 487 cành,Salary,income,1
mua nước súc miệng listerine ầm ầm 247k,Health,expense,1
tiền cho bạn vay giờ đòi được đỉnh nóc kịch trần #2147 13.8Tr,Business,income,1
hạt granola cháy phố #8897 137k,Food,expense,1
thuốc nhỏ mũi xịt cháy phố #6851 388.000 đồng,Health,expense,1
đèn led hoàng hôn cháy phố #1142 80 ngàn,Shopping,expense,1
bún bò huế full topping ngon nhức nách #7206 388 cành,Food,expense,1
thưởng ngày lễ 30/4 ầm ầm 1648 cành,Bonus,income,1
tiền thưởng kpi tháng hết nấc #8015 1.1củ,Bonus,income,1
gấu bông labubu ầm ầm 444k,Shopping,expense,1
trà chanh giã tay cháy phố #8502 331 ngàn,Food,expense,1
thưởng nhân viên xuất sắc vibe đỉnh #5365 4.095.000 đồng,Bonus,income,1
bảo dưỡng xe máy cứu rỗi tâm hồn #5736 181k,Transport,expense,1
săn áo thun t-shirt ầm ầm #2398 470k,Shopping,expense,1
nhận lương viết content healing #5423 4.6Tr,Salary,income,1
lương designer freelance gét gô 343K,Salary,income,1
ting ting lương công ty đỉnh nóc kịch trần #7324 8.272.000 đồng,Salary,income,1
vitamin c trắng da kiếp nạn thứ 82 316k,Health,expense,1
tiền lãi chứng khoán nổ hũ over hợp #8012 1.3củ,Business,income,1
gấu bông labubu cứu rỗi tâm hồn #4476 383k,Shopping,expense,1
săn áo thun t-shirt xu cà na #6188 499k,Shopping,expense,1
sushi băng chuyền flexing #2653 351k,Food,expense,1
mua quà tạ lỗi bồ ầm ầm #7988 353K,Social,expense,1
mua máy sấy tóc xịn xò #3073 347.000 đồng,Housing,expense,1
săn sale lazada 11.11 chill chill #1982 35k,Shopping,expense,1
rong biển cuộn cơm ngon nhức nách #5834 132k,Food,expense,1
thẻ xe bus điện vinbus over hợp #7210 355 cành,Transport,expense,1
vitamin c trắng da cứu rỗi tâm hồn #7073 493 ngàn,Health,expense,1
chơi boardgame cùng hội bạn đỉnh nóc kịch trần #1400 201k,Entertainment,expense,1
tiền xăng xe tay ga mlem mlem #3340 398 ngàn,Transport,expense,1
mua khẩu trang 4d xu cà na 275.000 đồng,Health,expense,1
rong biển cuộn cơm kiếp nạn thứ 82 #1955 153 cành,Food,expense,1
trà sữa phê la xịn xò #9862 38K,Food,expense,1
kem chống nắng nâng tông xịn xò #6821 187k,Beauty,expense,1
tiền thanh lý đồ cũ pass đồ vô tri #9139 7082K,Business,income,1
mua giày sneaker mlem cứu rỗi tâm hồn #3222 468k,Shopping,expense,1
thuê gia sư kèm 1-1 kiếp nạn thứ 82 40k,Education,expense,1
gói khám sức khỏe tổng quát hết nấc #9674 147 ngàn,Health,expense,1
mua khóa học udemy cháy phố #7100 469K,Education,expense,1
tiền bao người yêu đi ăn gét gô #5185 143k,Social,expense,1
bơ đậu phộng xu cà na #5034 373K,Food,expense,1
khóa học tiếng anh ielts cứu rỗi tâm hồn 438k,Education,expense,1
gọi bebike đi học kiếp nạn thứ 82 #3250 353K,Transport,expense,1
xiên bẩn xịn xò #7517 343 ngàn,Food,expense,1
gói netflix xem phim #8603 151 cành,Entertainment,expense,1
tiền xăng xe tay ga flexing #3140 24 ngàn,Transport,expense,1
chì kẻ mày phẩy sợi vô tri 78.000 đồng,Beauty,expense,1
sinh tố bơ ngon ngậy ầm ầm 326k,Food,expense,1
vé xem phim cgv xu cà na #7545 421.000 đồng,Entertainment,expense,1
lẩu haidilao over hợp #9181 463K,Food,expense,1
tiền quỹ nhóm chia đều flexing #1932 5465 cành,Business,income,1
nạp thẻ game liên quân slay #6010 378k,Entertainment,expense,1
dầu gió xanh cứu cánh flexing #8467 318k,Health,expense,1
mì trộn indomie ầm ầm #7047 171k,Food,expense,1
hôm nay trời đẹp ghê,Housing,expense,0
thuê gia sư kèm 1-1 vibe đỉnh #6755 262 cành,Education,expense,1
bình giữ nhiệt stanley vô tri 305K,Shopping,expense,1
thu nhập từ kênh youtube healing 7064 cành,Business,income,1
cơm hộp tiện lợi mlem mlem 284k,Food,expense,1
bảng mắt màu khói ét ô ét #7942 347 ngàn,Beauty,expense,1
trứng gà so mlem mlem #2891 114k,Food,expense,1
nước ngọt coca zero chill chill 208k,Food,expense,1
tiền lãi chứng khoán nổ hũ vô tri 14097K,Business,income,1
tiền xăng xe tay ga mlem mlem #8463 258k,Transport,expense,1
mua khóa học tik tok master hết nấc 100k,Education,expense,1
cà phê muối xịn xò 53k,Food,expense,1
rửa xe máy sạch bong flexing #9496 395k,Transport,expense,1
kem dưỡng phục hồi b5 xịn xò #2037 153k,Beauty,expense,1
cơm hộp tiện lợi xịn xò #8962 103 cành,Food,expense,1
mua giày sneaker mlem xu cà na 184K,Shopping,expense,1
tiền vệ sinh rác thải mlem mlem #4847 45 cành,Housing,expense,1
lợi nhuận bán quần áo secondhand flexing #285 10.415.000 đồng,Business,income,1
mua thuốc nhỏ mắt len cháy phố 464k,Health,expense,1
son tint bóng xịn xò #4327 282k,Beauty,expense,1
chi phí đổi căn cước công dân vô tri #346 323k,Investment,expense,1
tiền gửi xe hàng tháng đỉnh nóc kịch trần #5844 17k,Investment,expense,1
mặt nạ đất sét #1258 107 cành,Beauty,expense,1
tiền điện nước giá kinh hoàng over hợp #3930 456K,Housing,expense,1
đi đu idol kpop ngon nhức nách 460k,Entertainment,expense,1
cà phê muối over hợp #1201 275k,Food,expense,1
nhận lương viết content gét gô #9047 14.6tr,Salary,income,1
kẹp bấm mi xịn xịn xò #8576 36 cành,Beauty,expense,1
tiền nhổ răng khôn khóc thét kiếp nạn thứ 82 337 cành,Health,expense,1
ốp lưng iphone xịn xò mlem mlem 386k,Shopping,expense,1
thuê xe máy đi phượt ầm ầm 390.000 đồng,Transport,expense,1
mì trộn indomie xịn xò #2899 11 cành,Food,expense,1
vitamin c trắng da gét gô #8808 290 cành,Health,expense,1
sữa chua hy lạp xu cà na 343k,Food,expense,1
chì kẻ mày phẩy sợi mlem mlem 149k,Beauty,expense,1
mua nước lau sàn thơm cứu rỗi tâm hồn 383k,Housing,expense,1
tiền khám bệnh phòng khám over hợp #9583 377 cành,Health,expense,1
nước ngọt coca zero gét gô #9557 55.000 đồng,Food,expense,1
lương part-time rủng rỉnh gét gô #503 13.7củ,Salary,income,1
rửa xe máy sạch bong ét ô ét #8202 447 cành,Transport,expense,1
thưởng nhân viên xuất sắc healing 4.3tr,Bonus,income,1
bán tài liệu học tập cũ ngon nhức nách #8477 12842 cành,Business,income,1
đi bar pub quẩy over hợp #3113 420k,Entertainment,expense,1
cà phê muối gét gô #4800 407 cành,Food,expense,1
đăng ký test toeic chill chill #8169 225.000 đồng,Education,expense,1
mua khóa học tik tok master đỉnh nóc kịch trần 390 cành,Education,expense,1
bánh tráng trộn vô tri #4414 457k,Food,expense,1
đu đỉnh coin vibe đỉnh #8339 422k,Investment,expense,1
trà sữa phê la xu cà na 288k,Food,expense,1
mua khóa học udemy ầm ầm 185k,Education,expense,1
thưởng tết âm lịch ấm áp over hợp #8477 9.7củ,Bonus,income,1
ức gà ăn kiêng hết nấc 56 ngàn,Food,expense,1
sticker dán laptop slay 359k,Shopping,expense,1
phí dịch vụ chung cư xu cà na #8526 132.000 đồng,Housing,expense,1
tiền bao người yêu đi ăn 159 cành,Social,expense,1
thuê xe máy đi phượt cháy phố #1262 387K,Transport,expense,1
tiền thưởng dự án xuất sắc slay 10926K,Bonus,income,1
son tint bóng ét ô ét #9392 313k,Beauty,expense,1
nhận lương chạy grab kịch sàn xịn xò #8156 1851 cành,Salary,income,1
yến mạch giảm cân healing #2467 476k,Food,expense,1
sushi băng chuyền ét ô ét #8459 141.000 đồng,Food,expense,1
lương admin fanpage xu cà na #2511 6.8Tr,Salary,income,1
lương designer freelance cháy phố 1.048.000 đồng,Salary,income,1
củ sạc nhanh baseus mlem mlem #1762 324 cành,Shopping,expense,1
đăng ký test toeic hết nấc #5930 56k,Education,expense,1
tiền bố mẹ tiếp tế cứu rỗi tâm hồn #8458 9789 cành,Business,income,1
thưởng vượt doanh số healing #8924 5.357.000 đồng,Bonus,income,1
chì kẻ mày phẩy sợi hết nấc #9952 203k,Beauty,expense,1
tiền thưởng dự án xuất sắc xịn xò #469 1116K,Bonus,income,1
đèn led hoàng hôn healing 439k,Shopping,expense,1
tiền thanh lý đồ cũ pass đồ #9764 2596 cành,Business,income,1
bánh tráng trộn ngon nhức nách #8892 440k,Food,expense,1
tiền mừng cưới bạn thân chill chill #9857 27 cành,Social,expense,1
popmart blindbox cứu rỗi tâm hồn #236 111 cành,Shopping,expense,1
lương designer freelance healing #5609 7858 cành,Salary,income,1
vibe hôm nay heal lắm,Housing,expense,0
nạp vip spotify slay #2197 424K,Entertainment,expense,1
mua giày sneaker mlem cứu rỗi tâm hồn 412k,Shopping,expense,1
thưởng chuyên cần flexing 5757k,Bonus,income,1
mua mũ bảo hiểm có kính đỉnh nóc kịch trần #2431 277k,Transport,expense,1
mua nước súc miệng listerine ét ô ét 222 ngàn,Health,expense,1
popmart blindbox xu cà na 361k,Shopping,expense,1
mua quần áo local brand over hợp #9860 490k,Shopping,expense,1
tiền mạng internet wifi chill chill 313 ngàn,Housing,expense,1
ting ting lương công ty xịn xò #7051 10121K,Salary,income,1
phòng lướt net net cỏ flexing #8650 109k,Entertainment,expense,1
xin review quán này với,Food,expense,0
quạt tích điện để bàn kiếp nạn thứ 82 #5715 336K,Shopping,expense,1
lãi gửi tiết kiệm ngân hàng chill chill #4522 6380 cành,Business,income,1
sổ tay bullet journal cháy phố #4997 441.000 đồng,Shopping,expense,1
sữa chua hy lạp slay #8646 82.000 đồng,Food,expense,1
mua cây decor phòng ngủ over hợp #9239 464k,Housing,expense,1
vào rạp chiếu phim lotte flexing #8629 43K,Entertainment,expense,1
tiền mạng internet wifi gét gô #5836 303k,Housing,expense,1
chốt đơn chưa bồ ơi,Social,expense,0
bún bò huế full topping flexing #471 381 ngàn,Food,expense,1
vớ tất cao cổ slay 412k,Shopping,expense,1
thảm lau chân dễ thương xịn xò #9299 36k,Shopping,expense,1
hạt granola xu cà na 90.000 đồng,Food,expense,1
vibe hôm nay heal lắm,Entertainment,expense,0
lương designer freelance mlem mlem #1441 3866k,Salary,income,1
đi chill acoustic over hợp 98 cành,Entertainment,expense,1
tiền quỹ lớp flexing 332k,Education,expense,1
serum trị mụn vô tri #6784 136k,Beauty,expense,1
đi siêu thị go sắm đồ over hợp #3018 224k,Shopping,expense,1
quạt tích điện để bàn slay #3933 389 ngàn,Shopping,expense,1
nạp thẻ game liên quân gét gô #1963 445k,Entertainment,expense,1
tiền quỹ nhóm chia đều healing #8291 4287 ngàn,Business,income,1
phở cuốn đỉnh nóc kịch trần #8474 136k,Food,expense,1
mua phụ kiện vòng tay vô tri 173.000 đồng,Shopping,expense,1
tiền mua đồ thắp hương đỉnh nóc kịch trần #2346 127k,Investment,expense,1
mì cay cấp độ 7 xịn xò 188k,Food,expense,1
đi bar pub quẩy xu cà na #2551 422 cành,Entertainment,expense,1
mua phụ kiện vòng tay đỉnh nóc kịch trần #6046 247k,Shopping,expense,1
nước tẩy trang bioderma hết nấc #7113 210k,Beauty,expense,1
rửa xe máy sạch bong over hợp #1529 320 ngàn,Transport,expense,1
mua bao cao su durex kiếp nạn thứ 82 18k,Health,expense,1
thưởng ngày lễ 30/4 slay #412 11.2củ,Bonus,income,1
tiền thưởng kpi tháng kiếp nạn thứ 82 #4259 2.7Tr,Bonus,income,1
vé máy bay vietjet hết nấc 432k,Transport,expense,1
bánh tráng phơi sương vibe đỉnh 103.000 đồng,Food,expense,1
thay dầu nhớt castrol đỉnh nóc kịch trần #1121 380.000 đồng,Transport,expense,1
thuốc nhỏ mũi xịt mlem mlem #8290 353.000 đồng,Health,expense,1
xiên bẩn cứu rỗi tâm hồn 358k,Food,expense,1
in tài liệu tiểu luận hết nấc 220k,Education,expense,1
mua nước súc miệng listerine slay #1099 181k,Health,expense,1
mua nước súc miệng listerine hết nấc #6829 333K,Health,expense,1
lương làm mẫu ảnh slay #911 12044K,Salary,income,1
matcha latte xịn sò slay 172.000 đồng,Food,expense,1
in tài liệu tiểu luận healing #9568 378K,Education,expense,1
quyên góp từ thiện chống lũ xu cà na #5424 205k,Charity,expense,1
trà sữa phúc long đỉnh nóc kịch trần #9311 96 ngàn,Food,expense,1
sữa rửa mặt cetaphil slay 288 ngàn,Beauty,expense,1
mua giày sneaker mlem chill chill #8688 219k,Shopping,expense,1
bảng mắt màu khói xịn xò #6884 340 ngàn,Beauty,expense,1
trà chanh giã tay chill chill #3842 137K,Food,expense,1
vé xe limousine về quê đỉnh nóc kịch trần #7574 141k,Transport,expense,1
sữa chua hy lạp xịn xò 115.000 đồng,Food,expense,1
rong biển cuộn cơm kiếp nạn thứ 82 #2431 367 cành,Food,expense,1
ơm tấm sườn bì chả cứu rỗi tâm hồn 474k,Food,expense,1
tiền vệ sinh rác thải đỉnh nóc kịch trần 131k,Housing,expense,1
săn sale lazada 11.11 ngon nhức nách 21K,Shopping,expense,1
lãi gửi tiết kiệm ngân hàng mlem mlem 2689K,Business,income,1
vé đi triển lãm nghệ thuật flexing 259k,Entertainment,expense,1
lợi nhuận bán quần áo secondhand #2620 2098 cành,Business,income,1
mua vàng tích trữ over hợp #2541 246 ngàn,Investment,expense,1
mua bao cao su durex slay 305 ngàn,Health,expense,1
mua cây decor phòng ngủ ầm ầm 338k,Housing,expense,1
dầu gió xanh cứu cánh kiếp nạn thứ 82 84k,Health,expense,1
mua máy sấy tóc xu cà na #5316 307k,Housing,expense,1
đi đu idol kpop xịn xò #4931 381k,Entertainment,expense,1
lệ phí thi lại môn gét gô #7278 396K,Education,expense,1
dầu gió xanh cứu cánh ét ô ét #1303 293k,Health,expense,1
tiền thuê phòng trọ xu cà na #5373 256 cành,Housing,expense,1
tiền bố mẹ tiếp tế chill chill #9702 8.899.000 đồng,Business,income,1
thưởng tết âm lịch ấm áp kiếp nạn thứ 82 #3849 11058k,Bonus,income,1
đu đỉnh coin chill chill 226k,Investment,expense,1
mua khóa học udemy xu cà na #3012 304.000 đồng,Education,expense,1
mua máy sấy tóc ầm ầm 425 ngàn,Housing,expense,1
tiền bonus từ khách hàng hết nấc #1918 10.0Tr,Bonus,income,1
cà phê muối ngon nhức nách 133K,Food,expense,1
vé concert anh trai flexing #2175 459K,Entertainment,expense,1
tiền quỹ nhóm chia đều cứu rỗi tâm hồn #7521 9803 cành,Business,income,1
kem chống nắng nâng tông over hợp #4429 259k,Beauty,expense,1
lương làm mẫu ảnh xịn xò #445 11794 cành,Salary,income,1
rau hữu cơ bách hóa xanh gét gô 489k,Food,expense,1
tiền xăng xe tay ga chill chill #1120 379k,Transport,expense,1
highlands phindi hết nấc #7080 23k,Food,expense,1
chúc mừng sinh nhật nhé,Food,expense,0
ting ting lương công ty slay #6767 1.953.000 đồng,Salary,income,1
ting ting lương công ty #321 11619K,Salary,income,1
tiền nhận từ booking quảng cáo ngon nhức nách 12.7tr,Business,income,1
tiền khám bệnh phòng khám mlem mlem #4799 72.000 đồng,Health,expense,1
popmart blindbox cháy phố #8412 288 ngàn,Shopping,expense,1
gói netflix xem phim chill chill #2550 63 ngàn,Entertainment,expense,1
nhận lương chạy grab kịch sàn hết nấc #8490 4281 cành,Salary,income,1
thưởng sinh nhật công ty ét ô ét #1472 9.963.000 đồng,Bonus,income,1
nước cốt xương flexing #3882 398.000 đồng,Food,expense,1
khóa học tiếng anh ielts ngon nhức nách #8860 292 ngàn,Education,expense,1
đèn led hoàng hôn cháy phố 434 ngàn,Shopping,expense,1
gửi xe trung tâm thương mại gét gô #7891 414.000 đồng,Transport,expense,1
tiền cho bạn vay giờ đòi được #1855 3.2tr,Business,income,1
bút calligraphy xu cà na #3074 217k,Shopping,expense,1
đi siêu thị go sắm đồ cháy phố 21K,Shopping,expense,1
bán tài liệu học tập cũ chill chill #6008 7857K,Business,income,1
đi bar pub quẩy chill chill 418K,Entertainment,expense,1
vé concert anh trai slay #2995 50k,Entertainment,expense,1
tiền chung cư mini vibe đỉnh #1227 69k,Housing,expense,1
tiền lãi đầu tư coin vibe đỉnh #886 9707K,Business,income,1
tẩy tế bào chết cocoon hết nấc 112k,Beauty,expense,1
popmart blindbox xu cà na #5896 107 ngàn,Shopping,expense,1
vibe hôm nay heal lắm,Entertainment,expense,0
học phí khóa học photoshop healing 188k,Education,expense,1
bảo dưỡng xe máy vô tri #8133 138k,Transport,expense,1
trà đào cam sả vô tri #4272 52K,Food,expense,1
thuốc nhỏ mũi xịt vibe đỉnh #9242 477 cành,Health,expense,1
tiền trúng thưởng mini game healing #7740 6.5củ,Business,income,1
kimbap siêu dài ngon nhức nách #3915 236.000 đồng,Food,expense,1
đã chuyển khoản quỹ chưa nhỉ,Social,expense,0
bia chill cùng bạn vô tri #8116 319 ngàn,Food,expense,1
mua khóa học udemy vô tri #4345 493 ngàn,Education,expense,1
phí dịch vụ chung cư ngon nhức nách #6648 201K,Housing,expense,1
tai nghe bluetooth chụp tai flexing #6616 18.000 đồng,Shopping,expense,1
vớ tất cao cổ chill chill #1077 211k,Shopping,expense,1
sửa vòi nước hỏng vibe đỉnh 384k,Housing,expense,1
tiền mạng internet wifi gét gô 164K,Housing,expense,1
vé máy bay vietjet xu cà na 93.000 đồng,Transport,expense,1
củ sạc nhanh baseus vô tri 324 ngàn,Shopping,expense,1
đu đỉnh coin cháy phố 199k,Investment,expense,1
thay dầu nhớt castrol mlem mlem #5621 182k,Transport,expense,1
đu đỉnh coin #7044 237K,Investment,expense,1
in tài liệu tiểu luận cháy phố 102 ngàn,Education,expense,1
thẻ xe bus điện vinbus ầm ầm #6701 463K,Transport,expense,1
mua đồ về làm mukbang over hợp #891 195k,Food,expense,1
nem chua rán kiếp nạn thứ 82 171k,Food,expense,1
mua giày sneaker mlem đỉnh nóc kịch trần 10 cành,Shopping,expense,1
kem chống nắng nâng tông slay #5314 393 ngàn,Beauty,expense,1
tiền quỹ nhóm chia đều hết nấc 13.6Tr,Business,income,1
mua tài liệu ôn thi healing #6305 281k,Education,expense,1
kem dưỡng phục hồi b5 over hợp 136k,Beauty,expense,1
tiền cọc phòng trọ xu cà na 289.000 đồng,Housing,expense,1
tiền đóng bảo hiểm y tế đỉnh nóc kịch trần #2686 270k,Health,expense,1
mua sách tiếng anh mua flexing #356 342k,Education,expense,1
decor lại phòng trọ đỉnh nóc kịch trần 140k,Housing,expense,1
lương designer freelance gét gô #2122 1215 ngàn,Salary,income,1
sửa vòi nước hỏng mlem mlem #4259 449k,Housing,expense,1
ting ting lương công ty mlem mlem #739 1093k,Salary,income,1
thưởng nhân viên xuất sắc over hợp 2553k,Bonus,income,1
tiền gửi xe hàng tháng over hợp #9667 250k,Investment,expense,1
tai nghe bluetooth chụp tai ngon nhức nách 445 cành,Shopping,expense,1
cushion che khuyết điểm ầm ầm 166k,Beauty,expense,1
gói netflix xem phim chill chill 235k,Entertainment,expense,1
gửi xe trung tâm thương mại cứu rỗi tâm hồn #3714 243 ngàn,Transport,expense,1
lương thực tập sinh bèo bọt kiếp nạn thứ 82 6.110.000 đồng,Salary,income,1
sữa rửa mặt cetaphil healing #8670 432k,Beauty,expense,1
cà phê muối hết nấc 287 ngàn,Food,expense,1
khóa học tiếng anh ielts ầm ầm #9984 373k,Education,expense,1
tiền thưởng kpi tháng cứu rỗi tâm hồn 5805K,Bonus,income,1
đóng tiền phạt muộn cứu rỗi tâm hồn #6577 293 ngàn,Investment,expense,1
thẻ xe bus điện vinbus kiếp nạn thứ 82 181 ngàn,Transport,expense,1
gọi bebike đi học flexing #5292 22k,Transport,expense,1
tiền thanh lý đồ cũ pass đồ hết nấc #2027 3501K,Business,income,1
túi sưởi mini flexing 158k,Shopping,expense,1
học phí khóa học photoshop xịn xò #508 79 cành,Education,expense,1
ức gà ăn kiêng ầm ầm 467 cành,Food,expense,1
nạp thẻ game liên quân xu cà na 390.000 đồng,Entertainment,expense,1
khóa học tiếng anh ielts cháy phố #2858 18K,Education,expense,1
thưởng sinh nhật công ty xu cà na #8288 8.163.000 đồng,Bonus,income,1
nước cốt xương slay 272k,Food,expense,1
đi đu idol kpop ầm ầm 316k,Entertainment,expense,1
tiền quỹ nhóm chia đều cháy phố 13.5củ,Business,income,1
tiền trúng thưởng mini game hết nấc 14297K,Business,income,1
trà sữa gongcha ngon nhức nách 282k,Food,expense,1
mua tài liệu ôn thi vô tri 226 ngàn,Education,expense,1
ăn sập sình cứu rỗi tâm hồn 286 ngàn,Food,expense,1
bút calligraphy ngon nhức nách 145 cành,Shopping,expense,1
đi siêu thị go sắm đồ ầm ầm #3127 454k,Shopping,expense,1
gọi bebike đi học vibe đỉnh #5328 104K,Transport,expense,1
lương thực tập sinh bèo bọt ngon nhức nách 3.6Tr,Salary,income,1
sữa rửa mặt cetaphil kiếp nạn thứ 82 42 ngàn,Beauty,expense,1
gửi xe trung tâm thương mại cháy phố 283k,Transport,expense,1
tiền điện nước giá kinh hoàng slay 60.000 đồng,Housing,expense,1
phở cuốn vibe đỉnh #8625 195k,Food,expense,1
tiền mừng cưới bạn thân flexing #6664 344k,Social,expense,1
mua mũ bảo hiểm có kính gét gô 297k,Transport,expense,1
tiền mừng cưới bạn thân ầm ầm 101k,Social,expense,1
tiền mừng cưới bạn thân đỉnh nóc kịch trần #7435 390k,Social,expense,1
đã chuyển khoản quỹ chưa nhỉ,Entertainment,expense,0
tiền thưởng kpi tháng ngon nhức nách #7740 14.6củ,Bonus,income,1
kem dưỡng phục hồi b5 hết nấc 415k,Beauty,expense,1
tiền nhận từ booking quảng cáo hết nấc 5837K,Business,income,1
bán tài liệu học tập cũ ầm ầm #1282 3557 ngàn,Business,income,1
sữa rửa mặt cetaphil flexing #6526 174 ngàn,Beauty,expense,1
gấu bông labubu ầm ầm #6449 374K,Shopping,expense,1
nước cốt xương xịn xò #3443 257k,Food,expense,1
sinh tố bơ ngon ngậy cháy phố #4619 342K,Food,expense,1
lương cứng mỗi tháng đỉnh nóc kịch trần #8074 9.394.000 đồng,Salary,income,1
nước ngọt coca zero vô tri #5747 21k,Food,expense,1
thu nhập affliate tiktok shop flexing #994 8161K,Business,income,1
lương admin fanpage gét gô #8868 8.130.000 đồng,Salary,income,1
tiền quỹ nhóm chia đều over hợp #5948 10.0tr,Business,income,1
lẩu haidilao hết nấc 193k,Food,expense,1
tiền bố mẹ tiếp tế gét gô #2280 4137K,Business,income,1
thưởng vượt doanh số mlem mlem #592 8185K,Bonus,income,1
popmart blindbox cứu rỗi tâm hồn #1111 470k,Shopping,expense,1
mua máy sấy tóc đỉnh nóc kịch trần 23k,Housing,expense,1
son tint bóng cháy phố #5576 218k,Beauty,expense,1
thưởng tết âm lịch ấm áp ngon nhức nách #4881 3706k,Bonus,income,1
trà chanh giã tay ầm ầm #7845 120k,Food,expense,1
tiền donate livestream hết nấc 9.595.000 đồng,Business,income,1
học phí đại học khóc thét cứu rỗi tâm hồn 217k,Education,expense,1
cà phê muối flexing #8853 185k,Food,expense,1
học phí khóa học photoshop xịn xò #4605 142.000 đồng,Education,expense,1
mua tài liệu ôn thi cháy phố 341k,Education,expense,1
lương part-time rủng rỉnh kiếp nạn thứ 82 #7959 6881K,Salary,income,1
thẻ xe bus điện vinbus flexing #3427 133K,Transport,expense,1
thuê gia sư kèm 1-1 cháy phố #5734 14.000 đồng,Education,expense,1
mua giày sneaker mlem gét gô #3423 492.000 đồng,Shopping,expense,1
thuê xe máy đi phượt xu cà na #7953 240 ngàn,Transport,expense,1
nước hoa mini cứu rỗi tâm hồn 234k,Beauty,expense,1
tiền thưởng kpi tháng chill chill #5168 12123 cành,Bonus,income,1
thưởng nhân viên xuất sắc mlem mlem 13.7củ,Bonus,income,1
tiền thanh lý đồ cũ pass đồ 5561 ngàn,Business,income,1
thưởng sinh nhật công ty hết nấc #4600 9.0Tr,Bonus,income,1
tiền mua đồ thắp hương flexing #7202 285.000 đồng,Investment,expense,1
thuốc nhỏ mũi xịt xịn xò #8928 340K,Health,expense,1
bình giữ nhiệt stanley gét gô #5914 122k,Shopping,expense,1
thưởng nóng từ sếp kiếp nạn thứ 82 #7231 4689 ngàn,Bonus,income,1
hủ tiếu gõ healing #6425 265 cành,Food,expense,1
tiền nhổ răng khôn khóc thét xịn xò #5661 14k,Health,expense,1
tiền điện nước giá kinh hoàng cháy phố #1979 20k,Housing,expense,1
đu đỉnh coin slay 278k,Investment,expense,1
mua bao cao su durex cứu rỗi tâm hồn #3648 316 ngàn,Health,expense,1
chốt đơn túi xách đeo chéo ngon nhức nách #8213 478 ngàn,Shopping,expense,1
thuốc nhỏ mũi xịt ét ô ét 302k,Health,expense,1
chốt đơn chưa bồ ơi,Social,expense,0
bút calligraphy hết nấc 268k,Shopping,expense,1
lợi nhuận bán quần áo secondhand #819 1835K,Business,income,1
củ sạc nhanh baseus vibe đỉnh #5549 142K,Shopping,expense,1
chốt đơn chưa bồ ơi,Housing,expense,0
nệm cao su non cháy phố #1635 312 cành,Housing,expense,1
rong biển cuộn cơm vibe đỉnh #3018 398k,Food,expense,1
kẹp bấm mi xịn cứu rỗi tâm hồn #8249 46K,Beauty,expense,1
cơm hộp tiện lợi vô tri 352.000 đồng,Food,expense,1
tiền lãi đầu tư coin kiếp nạn thứ 82 #8912 2.880.000 đồng,Business,income,1
lương thực tập sinh bèo bọt ngon nhức nách #6961 8463 ngàn,Salary,income,1
tiền cho bạn vay giờ đòi được flexing #1711 8024k,Business,income,1
mua cây decor phòng ngủ gét gô #2953 123k,Housing,expense,1
tiền thưởng kpi tháng healing #4541 11.6Tr,Bonus,income,1
học phí học lái xe ô tô cháy phố #8861 28k,Education,expense,1
lẩu haidilao vibe đỉnh #4332 242 cành,Food,expense,1
tiền thưởng dự án xuất sắc mlem mlem #1797 3.7tr,Bonus,income,1
gói netflix xem phim mlem mlem 98K,Entertainment,expense,1
mua quà tạ lỗi bồ xịn xò #289 415 cành,Social,expense,1
mua vàng tích trữ gét gô #6062 195k,Investment,expense,1
mua thuốc uống cảm cúm cứu rỗi tâm hồn #4229 321k,Health,expense,1
gà rán jollibee xu cà na #6195 325k,Food,expense,1
tiền thưởng dự án xuất sắc hết nấc #5719 7682 cành,Bonus,income,1
vào rạp chiếu phim lotte vibe đỉnh #5345 103K,Entertainment,expense,1
chốt đơn túi xách đeo chéo ầm ầm #9266 227 cành,Shopping,expense,1
đi bar pub quẩy ầm ầm #6268 456 cành,Entertainment,expense,1
nhận lương viết content flexing #8417 10741k,Salary,income,1
thưởng sinh nhật công ty healing 2.8củ,Bonus,income,1
mua trà hoa cúc ngủ ngon flexing #1279 204k,Health,expense,1
ting ting lương công ty gét gô 11.8củ,Salary,income,1
ơm tấm sườn bì chả mlem mlem 21k,Food,expense,1
mì cay cấp độ 7 flexing 224 cành,Food,expense,1
thu nhập affliate tiktok shop cứu rỗi tâm hồn #246 5707K,Business,income,1
thay dầu nhớt castrol mlem mlem 313k,Transport,expense,1
tiền chung cư mini xu cà na #7122 350k,Housing,expense,1
gấu bông labubu mlem mlem 436k,Shopping,expense,1
chốt đơn chưa bồ ơi,Housing,expense,0
lương part-time rủng rỉnh xu cà na 10.157.000 đồng,Salary,income,1
vớ tất cao cổ chill chill #445 243 ngàn,Shopping,expense,1
tiền cọc phòng trọ ét ô ét #2957 336k,Housing,expense,1
chi phí đổi căn cước công dân ngon nhức nách #3880 308k,Investment,expense,1
tiền quỹ nhóm chia đều cứu rỗi tâm hồn 3.927.000 đồng,Business,income,1
ăn sập sình 176k,Food,expense,1
tiền quỹ lớp flexing #8973 389k,Education,expense,1
rau hữu cơ bách hóa xanh vô tri 321.000 đồng,Food,expense,1
chốt đơn shopee live ngon nhức nách 372k,Shopping,expense,1
thưởng chuyên cần xu cà na 9.6Tr,Bonus,income,1
cà phê muối cứu rỗi tâm hồn #4912 457.000 đồng,Food,expense,1
đèn led hoàng hôn mlem mlem #5095 105K,Shopping,expense,1
thảm lau chân dễ thương ầm ầm #5856 395k,Shopping,expense,1
đi chill acoustic đỉnh nóc kịch trần #1824 195 ngàn,Entertainment,expense,1
trà đào cam sả healing #4050 201k,Food,expense,1
tiền cho bạn vay giờ đòi được chill chill #6311 376k,Business,income,1
tiền quỹ nhóm chia đều mlem mlem #5662 13.9Tr,Business,income,1
nước cốt xương kiếp nạn thứ 82 #3483 267k,Food,expense,1
matcha latte xịn sò ầm ầm #5598 196k,Food,expense,1
sinh tố bơ ngon ngậy ét ô ét #5940 126 ngàn,Food,expense,1
mua thuốc uống cảm cúm cháy phố 105 cành,Health,expense,1
mua bút highlight ét ô ét 55.000 đồng,Education,expense,1
nạp vip spotify #7142 129 ngàn,Entertainment,expense,1
tiền lãi đầu tư coin ầm ầm #195 1134 ngàn,Business,income,1
tiền thanh lý đồ cũ pass đồ flexing #4637 11081K,Business,income,1
mua quần jean ống rộng gét gô #8002 398k,Shopping,expense,1
mua mũ bảo hiểm có kính #3370 491k,Transport,expense,1
lương thực tập sinh bèo bọt vibe đỉnh 9.7củ,Salary,income,1
cơm hộp tiện lợi gét gô #2303 244k,Food,expense,1
thuê xe máy đi phượt chill chill #1975 242 ngàn,Transport,expense,1
thuê gia sư kèm 1-1 hết nấc #5146 347.000 đồng,Education,expense,1
vé concert anh trai xu cà na 71 cành,Entertainment,expense,1
mua kính râm thời trang kiếp nạn thứ 82 #6428 411.000 đồng,Shopping,expense,1
học phí đại học khóc thét đỉnh nóc kịch trần #9705 201 cành,Education,expense,1
thưởng ngày lễ 30/4 flexing 11548 ngàn,Bonus,income,1
hát karaoke cháy máy healing 15.000 đồng,Entertainment,expense,1
mua vàng tích trữ xu cà na #3234 340k,Investment,expense,1
thu nhập affliate tiktok shop kiếp nạn thứ 82 #4870 12555K,Business,income,1
mua bút highlight mlem mlem #5256 424k,Education,expense,1
mixue kem cây vô tri #8786 105k,Food,expense,1
tiền thưởng dự án xuất sắc xu cà na 2163 cành,Bonus,income,1
chốt đơn chưa bồ ơi,Food,expense,0
tiền quỹ nhóm chia đều kiếp nạn thứ 82 4.4Tr,Business,income,1
thu nhập từ kênh youtube ét ô ét #5661 12.265.000 đồng,Business,income,1
thưởng ngày lễ 30/4 vô tri #3981 10.1củ,Bonus,income,1
hát karaoke cháy máy vô tri #2421 255.000 đồng,Entertainment,expense,1
mì cay cấp độ 7 vibe đỉnh #7440 118k,Food,expense,1
chốt đơn hoodie oversize ét ô ét #5963 486k,Shopping,expense,1
mua sách truyện manga vibe đỉnh #4310 98k,Entertainment,expense,1
thưởng tết âm lịch ấm áp đỉnh nóc kịch trần #5985 12.407.000 đồng,Bonus,income,1
bánh tráng phơi sương 423k,Food,expense,1
lương thực tập sinh bèo bọt xu cà na #6761 1.016.000 đồng,Salary,income,1
mua quần áo local brand healing #167 432.000 đồng,Shopping,expense,1
săn sale kẹp tóc đỉnh nóc kịch trần 73.000 đồng,Shopping,expense,1
tiền điện nước giá kinh hoàng kiếp nạn thứ 82 #5555 73k,Housing,expense,1
thu nhập từ kênh youtube hết nấc #6306 8662 cành,Business,income,1
tiền lãi đầu tư coin healing #5882 14549K,Business,income,1
lãi gửi tiết kiệm ngân hàng over hợp #6032 8.5Tr,Business,income,1
tiền bonus từ khách hàng gét gô #1038 8.5tr,Bonus,income,1
tiền donate livestream slay #3477 4906 ngàn,Business,income,1
thưởng nhân viên xuất sắc gét gô #5487 8.999.000 đồng,Bonus,income,1
cushion che khuyết điểm vibe đỉnh #9098 299k,Beauty,expense,1
bún đậu mắm tôm ngon nhức nách cháy phố 271k,Food,expense,1
mua máy sấy tóc ét ô ét #7153 186k,Housing,expense,1
mua máy sấy tóc hết nấc #1019 435 ngàn,Housing,expense,1
decor lại phòng trọ healing #8805 95k,Housing,expense,1
mua khóa học udemy hết nấc 141.000 đồng,Education,expense,1
kem dưỡng phục hồi b5 chill chill #6556 148 ngàn,Beauty,expense,1
mì tôm hảo hảo đỉnh nóc kịch trần 478k,Food,expense,1
bút calligraphy xu cà na #5728 126K,Shopping,expense,1
son tint bóng cháy phố #4357 10 cành,Beauty,expense,1
tẩy tế bào chết cocoon mlem mlem 310 ngàn,Beauty,expense,1
trà sữa phê la #1938 255k,Food,expense,1
khóa học tiếng anh ielts ngon nhức nách #8505 444k,Education,expense,1
củ sạc nhanh baseus ngon nhức nách #1343 143 ngàn,Shopping,expense,1
son tint bóng healing 138 ngàn,Beauty,expense,1
chốt đơn túi xách đeo chéo vibe đỉnh #1186 73 cành,Shopping,expense,1
lương designer freelance chill chill #6000 12190 cành,Salary,income,1
tiền thưởng kpi tháng healing #1903 2131 ngàn,Bonus,income,1
bánh tráng phơi sương ét ô ét #4865 281k,Food,expense,1
sinh tố bơ ngon ngậy cháy phố 425.000 đồng,Food,expense,1
vào rạp chiếu phim lotte chill chill #3584 47 ngàn,Entertainment,expense,1
củ sạc nhanh baseus kiếp nạn thứ 82 135.000 đồng,Shopping,expense,1
mua mũ bảo hiểm có kính hết nấc #6165 210k,Transport,expense,1
bảo dưỡng xe máy gét gô 155k,Transport,expense,1
vitamin c trắng da gét gô 332k,Health,expense,1
kệ để đồ mĩ phẩm ầm ầm #3785 33.000 đồng,Shopping,expense,1
tiền cà phê giao lưu đối tác vibe đỉnh #7845 474k,Investment,expense,1
nước tẩy trang bioderma ầm ầm #2611 484k,Beauty,expense,1
son tint bóng gét gô 303 ngàn,Beauty,expense,1
gấu bông labubu ngon nhức nách #291 479 cành,Shopping,expense,1
ức gà ăn kiêng chill chill 325K,Food,expense,1
gà tắm sốt đỉnh nóc kịch trần #7904 497K,Food,expense,1
lương admin fanpage ngon nhức nách #1446 12.0củ,Salary,income,1
đặt xe grabbike healing #2147 52K,Transport,expense,1
mặt nạ đất sét kiếp nạn thứ 82 #8988 489k,Beauty,expense,1
tiền lì xì tết tốn kém xu cà na #5591 70k,Investment,expense,1
ốp lưng iphone xịn xò xu cà na 338.000 đồng,Shopping,expense,1
sổ tay bullet journal xịn xò #3102 139k,Shopping,expense,1
mì cay cấp độ 7 xu cà na #4294 205k,Food,expense,1
mua khóa học udemy flexing 133k,Education,expense,1
nước ngọt coca zero đỉnh nóc kịch trần 318.000 đồng,Food,expense,1
nước ngọt coca zero vibe đỉnh #8726 474k,Food,expense,1
tiền điện nước giá kinh hoàng healing 127 cành,Housing,expense,1
thay dầu nhớt castrol 401 cành,Transport,expense,1
vé xe limousine về quê #9252 398K,Transport,expense,1
thu nhập từ kênh youtube cứu rỗi tâm hồn #9691 2249 cành,Business,income,1
mua khóa học udemy kiếp nạn thứ 82 #2175 58 cành,Education,expense,1
thu nhập affliate tiktok shop mlem mlem 4336 ngàn,Business,income,1
bút calligraphy vibe đỉnh 486 ngàn,Shopping,expense,1
cushion che khuyết điểm vô tri #8062 60.000 đồng,Beauty,expense,1
vitamin c trắng da hết nấc #1890 249k,Health,expense,1
bảo dưỡng xe máy đỉnh nóc kịch trần 106k,Transport,expense,1
tiền trúng thưởng mini game cháy phố #4681 7.783.000 đồng,Business,income,1
mua khóa học udemy ét ô ét #6357 360K,Education,expense,1
highlands phindi xu cà na #7185 225k,Food,expense,1
thưởng nóng từ sếp đỉnh nóc kịch trần #2140 7864K,Bonus,income,1
mua đồ về làm mukbang mlem mlem 202k,Food,expense,1
học phí học lái xe ô tô vibe đỉnh #7911 274k,Education,expense,1
kệ để đồ mĩ phẩm flexing #948 350k,Shopping,expense,1
cơm hộp tiện lợi flexing 496 cành,Food,expense,1
son tint bóng healing #3257 203k,Beauty,expense,1
mua phụ kiện vòng tay vibe đỉnh #2690 165K,Shopping,expense,1
nệm cao su non ngon nhức nách #4744 49K,Housing,expense,1
tiền cọc phòng trọ healing 356.000 đồng,Housing,expense,1
mua quần áo local brand vô tri 359k,Shopping,expense,1
tiền thanh lý đồ cũ pass đồ cứu rỗi tâm hồn #9344 9921K,Business,income,1
thịt bò ba chỉ over hợp #8697 65k,Food,expense,1
vào rạp chiếu phim lotte flexing #8151 412k,Entertainment,expense,1
sticker dán laptop gét gô #6203 245k,Shopping,expense,1
trà đào cam sả ngon nhức nách 381.000 đồng,Food,expense,1
chốt đơn túi xách đeo chéo ét ô ét #3185 435 cành,Shopping,expense,1
rong biển cuộn cơm gét gô #1135 163k,Food,expense,1
xúc xích ăn liền đỉnh nóc kịch trần #148 12k,Food,expense,1
bia chill cùng bạn ngon nhức nách #2323 85.000 đồng,Food,expense,1
tiền gửi xe hàng tháng #9308 72k,Investment,expense,1
chi phí đổi căn cước công dân xịn xò #5590 197k,Investment,expense,1
chốt đơn shopee live cứu rỗi tâm hồn 439k,Shopping,expense,1
tiền phạt vi phạm giao thông hết nấc #2191 441K,Transport,expense,1
trà đào cam sả flexing #7778 212k,Food,expense,1
mua máy sấy tóc ngon nhức nách #9436 339k,Housing,expense,1
bảo dưỡng xe máy flexing #1728 127k,Transport,expense,1
bia chill cùng bạn healing #9506 281k,Food,expense,1
thưởng tết âm lịch ấm áp vô tri 9294 cành,Bonus,income,1
chốt đơn shopee live xịn xò 316k,Shopping,expense,1
nạp thẻ game liên quân cứu rỗi tâm hồn 56 ngàn,Entertainment,expense,1
tiền bán hàng shopee đỉnh nóc kịch trần 13188k,Business,income,1
đi chill acoustic hết nấc #5227 419 cành,Entertainment,expense,1
mua giày sneaker mlem ầm ầm 218k,Shopping,expense,1
bánh tráng phơi sương #5017 235.000 đồng,Food,expense,1
gói khám sức khỏe tổng quát slay 358K,Health,expense,1
nệm cao su non xu cà na 292 ngàn,Housing,expense,1
mua sách truyện manga vô tri #9475 77.000 đồng,Entertainment,expense,1
bún đậu mắm tôm ngon nhức nách,Entertainment,expense,0
tiền bao người yêu đi ăn slay 200 cành,Social,expense,1
mua sách tiếng anh mua #8129 162 ngàn,Education,expense,1
tiền trúng thưởng mini game kiếp nạn thứ 82 7.3tr,Business,income,1
lợi nhuận bán quần áo secondhand hết nấc 10.114.000 đồng,Business,income,1
đi đu idol kpop vibe đỉnh #506 414k,Entertainment,expense,1
mua thuốc nhỏ mắt len mlem mlem 356K,Health,expense,1
bia chill cùng bạn flexing #9031 245 ngàn,Food,expense,1
tiền khám bệnh phòng khám healing #7381 323k,Health,expense,1
cushion che khuyết điểm kiếp nạn thứ 82 #2243 36 ngàn,Beauty,expense,1
mixue kem cây gét gô #1371 312k,Food,expense,1
đi đu idol kpop mlem mlem 237K,Entertainment,expense,1
yến mạch giảm cân slay 91k,Food,expense,1
vé xem phim cgv healing 36k,Entertainment,expense,1
mua vàng tích trữ slay #4898 125 cành,Investment,expense,1
tiền gửi xe hàng tháng chill chill 75 cành,Investment,expense,1
tiền thưởng kpi tháng đỉnh nóc kịch trần #305 11.465.000 đồng,Bonus,income,1
mua thực phẩm chức năng omega3 healing #5904 189k,Health,expense,1
mua khóa học udemy xu cà na 216k,Education,expense,1
mua phụ kiện vòng tay hết nấc 25k,Shopping,expense,1
sticker dán laptop xịn xò #6917 58k,Shopping,expense,1
nước ngọt coca zero #3983 186k,Food,expense,1
tiền vệ sinh rác thải ngon nhức nách #9855 302 ngàn,Housing,expense,1
ting ting lương công ty cháy phố #6070 13399k,Salary,income,1
lương thực tập sinh bèo bọt vibe đỉnh #4254 4.8củ,Salary,income,1
lương designer freelance cháy phố #5994 6.0Tr,Salary,income,1
mì tôm hảo hảo #3952 324k,Food,expense,1
thuốc nhỏ mũi xịt ầm ầm 492 ngàn,Health,expense,1
tai nghe bluetooth chụp tai flexing #8734 280k,Shopping,expense,1
trứng gà so ét ô ét #5270 486k,Food,expense,1
trà sữa gongcha gét gô #8706 35k,Food,expense,1
chốt đơn hoodie oversize healing #4204 97k,Shopping,expense,1
gà tắm sốt gét gô #8925 482k,Food,expense,1
thuê xe máy đi phượt ngon nhức nách 359.000 đồng,Transport,expense,1
tiền thưởng dự án xuất sắc ầm ầm #5556 348k,Bonus,income,1
mua thuốc uống cảm cúm hết nấc #3703 482k,Health,expense,1
mua thực phẩm chức năng omega3 ngon nhức nách #8029 166k,Health,expense,1
yến mạch giảm cân cháy phố #1225 306k,Food,expense,1
kem dưỡng phục hồi b5 cháy phố #5517 277k,Beauty,expense,1
bảng mắt màu khói hết nấc #6688 421k,Beauty,expense,1
in tài liệu tiểu luận hết nấc #5838 36k,Education,expense,1
mua thuốc uống cảm cúm flexing #2503 319 cành,Health,expense,1
đăng ký test toeic ầm ầm #3980 144k,Education,expense,1
gói khám sức khỏe tổng quát over hợp #6528 146K,Health,expense,1
thu nhập affliate tiktok shop kiếp nạn thứ 82 #6841 7998K,Business,income,1
nem chua rán chill chill #8269 412k,Food,expense,1
thưởng chuyên cần đỉnh nóc kịch trần #235 9.4Tr,Bonus,income,1
lương làm mẫu ảnh 7285 ngàn,Salary,income,1
thu nhập affliate tiktok shop healing #4188 11.7Tr,Business,income,1
đi chill acoustic gét gô 44K,Entertainment,expense,1
lương cứng mỗi tháng ét ô ét #6977 852K,Salary,income,1
vớ tất cao cổ cháy phố #5600 340k,Shopping,expense,1
củ sạc nhanh baseus cứu rỗi tâm hồn #5869 122k,Shopping,expense,1
thu nhập từ kênh youtube slay #7910 10286 ngàn,Business,income,1
tẩy tế bào chết cocoon slay #6436 104k,Beauty,expense,1
kem dưỡng phục hồi b5 #7953 164.000 đồng,Beauty,expense,1
vé đi triển lãm nghệ thuật kiếp nạn thứ 82 #5619 448k,Entertainment,expense,1
tiền nhận từ booking quảng cáo ngon nhức nách #8840 14.499.000 đồng,Business,income,1
thưởng chuyên cần kiếp nạn thứ 82 #3002 8.2củ,Bonus,income,1
gọi bebike đi học mlem mlem 454k,Transport,expense,1
mua kính râm thời trang ét ô ét #478 306k,Shopping,expense,1
xúc xích ăn liền flexing 234k,Food,expense,1
nước cốt xương healing #692 233K,Food,expense,1
nạp vip spotify 224k,Entertainment,expense,1
lương designer freelance over hợp #7448 6.6Tr,Salary,income,1
bia chill cùng bạn slay 349 ngàn,Food,expense,1
mua thuốc nhỏ mắt len gét gô 322k,Health,expense,1
mì cay cấp độ 7 kiếp nạn thứ 82 122k,Food,expense,1
bảo dưỡng xe máy xịn xò #8470 290k,Transport,expense,1
mua tài liệu ôn thi vibe đỉnh 181.000 đồng,Education,expense,1
mua khẩu trang 4d slay #4282 447 cành,Health,expense,1
lương thực tập sinh bèo bọt cháy phố #1943 12.3Tr,Salary,income,1
highlands phindi gét gô #7370 101K,Food,expense,1
lương admin fanpage ầm ầm 11666 ngàn,Salary,income,1
gói netflix xem phim xịn xò #5132 32k,Entertainment,expense,1
săn sale kẹp tóc ngon nhức nách 63.000 đồng,Shopping,expense,1
mua đồ về làm mukbang đỉnh nóc kịch trần 259 ngàn,Food,expense,1
góp quỹ từ thiện trường ngon nhức nách #7168 182k,Charity,expense,1
học phí đại học khóc thét xịn xò #5219 223 cành,Education,expense,1
tiền sinh nhật đứa bạn cháy phố #1376 385k,Social,expense,1
vé concert anh trai ngon nhức nách #5965 43 ngàn,Entertainment,expense,1
yến mạch giảm cân gét gô #1652 458.000 đồng,Food,expense,1
bút calligraphy ét ô ét 470k,Shopping,expense,1
ăn sập sình over hợp 408K,Food,expense,1
mua phụ kiện vòng tay healing 344k,Shopping,expense,1
góp quỹ từ thiện trường đỉnh nóc kịch trần 424k,Charity,expense,1
thu nhập affliate tiktok shop slay #8556 13168K,Business,income,1
mua giày sneaker mlem #5584 300K,Shopping,expense,1
mua nước súc miệng listerine healing 21K,Health,expense,1
gét gô thôi anh em,Food,expense,0
in tài liệu tiểu luận chill chill #5619 158 cành,Education,expense,1
đi chill acoustic hết nấc 414K,Entertainment,expense,1
khoai lang mật xịn xò 316K,Food,expense,1
ting ting lương công ty cứu rỗi tâm hồn #697 5719k,Salary,income,1
gói netflix xem phim ét ô ét #7819 390 cành,Entertainment,expense,1
mua sách tiếng anh mua ầm ầm 129k,Education,expense,1
kimbap siêu dài đỉnh nóc kịch trần #740 441k,Food,expense,1
mua máy sấy tóc chill chill 46k,Housing,expense,1
tiền quỹ lớp chill chill #1025 189k,Education,expense,1
lương làm trợ giảng hết nấc #7839 6.9Tr,Salary,income,1
nước tẩy trang bioderma mlem mlem #4589 391k,Beauty,expense,1
tiền bonus từ khách hàng ngon nhức nách #9911 7572 ngàn,Bonus,income,1
bánh tráng trộn healing #1569 11k,Food,expense,1
tiền thưởng dự án xuất sắc gét gô #3118 13169k,Bonus,income,1
thu nhập từ kênh youtube cháy phố #2472 11544 cành,Business,income,1
trà đào cam sả vô tri 290k,Food,expense,1
lương cứng mỗi tháng kiếp nạn thứ 82 #9361 6356k,Salary,income,1
tiền donate livestream mlem mlem 8.7củ,Business,income,1
mua khóa cửa vân tay #7019 130k,Housing,expense,1
đu đỉnh chứng khoán hết nấc #2822 372k,Investment,expense,1
tiền cho bạn vay giờ đòi được chill chill #1430 11.159.000 đồng,Business,income,1
chì kẻ mày phẩy sợi cứu rỗi tâm hồn #8565 156 cành,Beauty,expense,1
lương thực tập sinh bèo bọt flexing #9370 10.6tr,Salary,income,1
thưởng tết âm lịch ấm áp vibe đỉnh #8592 241 cành,Bonus,income,1
tiền mừng cưới bạn thân đỉnh nóc kịch trần #4121 230k,Social,expense,1
mua nước lau sàn thơm ầm ầm 46k,Housing,expense,1
lương làm mẫu ảnh ầm ầm 5.692.000 đồng,Salary,income,1
sổ tay bullet journal xịn xò 449k,Shopping,expense,1
học phí khóa học photoshop gét gô #3929 276 ngàn,Education,expense,1
trà đào cam sả ầm ầm 218k,Food,expense,1
bún bò huế full topping healing 52 cành,Food,expense,1
nhận lương chạy grab kịch sàn mlem mlem 6128 ngàn,Salary,income,1
bình giữ nhiệt stanley healing #9312 208K,Shopping,expense,1
thưởng sinh nhật công ty cháy phố #3664 10777 ngàn,Bonus,income,1
học phí đại học khóc thét 287 cành,Education,expense,1
săn áo thun t-shirt ầm ầm #9263 201k,Shopping,expense,1
thuốc nhỏ mũi xịt #570 14k,Health,expense,1
trà sữa phê la chill chill #6794 199k,Food,expense,1
mì cay cấp độ 7 ét ô ét #4043 252k,Food,expense,1
k buffet xu cà na 306 cành,Food,expense,1
đi chợ đầu mối cứu rỗi tâm hồn 240 ngàn,Shopping,expense,1
thưởng nóng từ sếp slay #6789 12590k,Bonus,income,1
quyên góp từ thiện chống lũ 175k,Charity,expense,1
ai đi cf không,Entertainment,expense,0
lệ phí thi lại môn cháy phố #6992 282 cành,Education,expense,1
mua phụ kiện vòng tay ầm ầm #1711 84k,Shopping,expense,1
tiền mừng cưới bạn thân gét gô #6109 455k,Social,expense,1
khoai lang mật over hợp #2623 457 cành,Food,expense,1
quyên góp từ thiện chống lũ cháy phố #1912 94k,Charity,expense,1
trà sữa phê la chill chill #2409 290k,Food,expense,1
tiền phạt vi phạm giao thông ầm ầm #8265 485k,Transport,expense,1
mua khóa cửa vân tay ét ô ét 180k,Housing,expense,1
mì tôm hảo hảo #1359 333.000 đồng,Food,expense,1
rau hữu cơ bách hóa xanh xịn xò #9047 95k,Food,expense,1
ức gà ăn kiêng đỉnh nóc kịch trần #9627 430k,Food,expense,1
chốt đơn hoodie oversize slay #2279 397.000 đồng,Shopping,expense,1
mì tôm hảo hảo vô tri #3273 467k,Food,expense,1
ting ting lương công ty ét ô ét 5742k,Salary,income,1
tiền bố mẹ tiếp tế đỉnh nóc kịch trần 5935 cành,Business,income,1
góp quỹ từ thiện trường ét ô ét #9722 355.000 đồng,Charity,expense,1
tiền đóng bảo hiểm y tế vô tri #3884 436k,Health,expense,1
tiền donate livestream healing #8444 5.9củ,Business,income,1
trà sữa phúc long xịn xò #8876 138.000 đồng,Food,expense,1
hát karaoke cháy máy ngon nhức nách #8113 47 ngàn,Entertainment,expense,1
mixue kem cây 325 cành,Food,expense,1
tiền thanh lý đồ cũ pass đồ slay 13910 cành,Business,income,1
đu đỉnh chứng khoán cứu rỗi tâm hồn #7736 114k,Investment,expense,1
bia chill cùng bạn hết nấc #3083 444.000 đồng,Food,expense,1
bình giữ nhiệt stanley xịn xò #4147 334.000 đồng,Shopping,expense,1
đèn led hoàng hôn ầm ầm #8781 274 ngàn,Shopping,expense,1
tai nghe bluetooth chụp tai gét gô #860 167k,Shopping,expense,1
phòng lướt net net cỏ slay 344K,Entertainment,expense,1
mua giày sneaker mlem chill chill #561 125 ngàn,Shopping,expense,1
tiền gửi xe hàng tháng ầm ầm 157k,Investment,expense,1
mua máy sấy tóc ét ô ét 338k,Housing,expense,1
bánh tráng phơi sương vibe đỉnh #9307 17k,Food,expense,1
sổ tay bullet journal flexing #5781 172.000 đồng,Shopping,expense,1
tiền khám bệnh phòng khám mlem mlem #2803 235.000 đồng,Health,expense,1
lợi nhuận bán quần áo secondhand over hợp #3602 4660 cành,Business,income,1
mua đồ tiktok shop xu cà na 498k,Shopping,expense,1
mua vàng tích trữ over hợp 154 ngàn,Investment,expense,1
mua khóa học udemy hết nấc #1619 107k,Education,expense,1
thu nhập affliate tiktok shop xu cà na #3372 6.0củ,Business,income,1
thưởng ngày lễ 30/4 vô tri #4476 13.1Tr,Bonus,income,1
tiền điện nước giá kinh hoàng xu cà na #2622 188.000 đồng,Housing,expense,1
rong biển cuộn cơm slay #4167 399k,Food,expense,1
ức gà ăn kiêng vibe đỉnh 130k,Food,expense,1
mua khóa học udemy cháy phố 200k,Education,expense,1
nhận lương chạy grab kịch sàn hết nấc #7367 13994k,Salary,income,1
thưởng vượt doanh số xu cà na #5670 9886k,Bonus,income,1
sơn móng tay gel ét ô ét 186.000 đồng,Beauty,expense,1
gọi bebike đi học cứu rỗi tâm hồn #1391 51k,Transport,expense,1
thưởng tết âm lịch ấm áp xu cà na 5.632.000 đồng,Bonus,income,1
đã chuyển khoản quỹ chưa nhỉ,Social,expense,0
mua sách truyện manga ầm ầm #6260 321k,Entertainment,expense,1
ting ting lương công ty ầm ầm #226 2.9Tr,Salary,income,1
highlands phindi ngon nhức nách #7654 229k,Food,expense,1
sửa vòi nước hỏng slay 466 cành,Housing,expense,1
trà chanh giã tay vibe đỉnh 202k,Food,expense,1
in tài liệu tiểu luận ét ô ét #5758 450 cành,Education,expense,1
ốp lưng iphone xịn xò vibe đỉnh #4218 101k,Shopping,expense,1
tiền lãi chứng khoán nổ hũ hết nấc #2515 1606 ngàn,Business,income,1
bánh tráng trộn vô tri #3515 190k,Food,expense,1
bút calligraphy vô tri 391k,Shopping,expense,1
quạt tích điện để bàn đỉnh nóc kịch trần #7462 474K,Shopping,expense,1
mì cay cấp độ 7 #8601 269.000 đồng,Food,expense,1
trứng gà so ét ô ét #9577 89k,Food,expense,1
đu đỉnh chứng khoán ngon nhức nách #9886 446k,Investment,expense,1
thưởng chuyên cần xu cà na #8645 6878K,Bonus,income,1
thịt bò ba chỉ ầm ầm #3373 343.000 đồng,Food,expense,1
săn áo thun t-shirt cháy phố #572 482 ngàn,Shopping,expense,1
mua quà tạ lỗi bồ hết nấc #3316 310k,Social,expense,1
dầu gội bưởi mọc tóc cháy phố #6105 494k,Beauty,expense,1
tiền cho bạn vay giờ đòi được ét ô ét 677k,Business,income,1
tiền lãi chứng khoán nổ hũ kiếp nạn thứ 82 12354 ngàn,Business,income,1
tai nghe bluetooth chụp tai over hợp 219K,Shopping,expense,1
nệm cao su non vibe đỉnh #6143 453 cành,Housing,expense,1
cà phê muối chill chill 231.000 đồng,Food,expense,1
sinh tố bơ ngon ngậy kiếp nạn thứ 82 #2522 112k,Food,expense,1
cà phê muối xịn xò #8575 234k,Food,expense,1
bánh tráng trộn mlem mlem #732 183k,Food,expense,1
củ sạc nhanh baseus chill chill #3035 69 ngàn,Shopping,expense,1
nhận lương viết content mlem mlem #6018 3.5tr,Salary,income,1
mua thuốc uống cảm cúm ét ô ét 24.000 đồng,Health,expense,1
khoai lang mật #7754 491K,Food,expense,1
mua khóa cửa vân tay cứu rỗi tâm hồn #6335 73k,Housing,expense,1
lương part-time rủng rỉnh healing #1712 5.5củ,Salary,income,1
trà sữa phê la hết nấc #4495 411k,Food,expense,1
đi chợ đầu mối #847 479.000 đồng,Shopping,expense,1
tiền vệ sinh rác thải vibe đỉnh #9825 122k,Housing,expense,1
nước cốt xương flexing #5876 255k,Food,expense,1
mua khẩu trang 4d ầm ầm #1820 439.000 đồng,Health,expense,1
mua bút highlight flexing #2245 194k,Education,expense,1
lương làm mẫu ảnh mlem mlem #4006 4661 ngàn,Salary,income,1
nhận lương chạy grab kịch sàn over hợp 8665k,Salary,income,1
mì trộn indomie gét gô #2692 363k,Food,expense,1
thưởng vượt doanh số ngon nhức nách 10.6tr,Bonus,income,1
sữa rửa mặt cetaphil ngon nhức nách #5259 231k,Beauty,expense,1
bảng mắt màu khói ầm ầm #5722 490 ngàn,Beauty,expense,1
bắt grabcar đi tiệc ngon nhức nách 186k,Transport,expense,1
book phòng homestay đà lạt slay #1638 323 ngàn,Transport,expense,1
mua nước lau sàn thơm cứu rỗi tâm hồn #2544 23.000 đồng,Housing,expense,1
mua đồ về làm mukbang healing 20k,Food,expense,1
ốp lưng iphone xịn xò flexing #383 62k,Shopping,expense,1
mua bút highlight kiếp nạn thứ 82 #8045 79 cành,Education,expense,1
lương thực tập sinh bèo bọt hết nấc 9.207.000 đồng,Salary,income,1
yến mạch giảm cân đỉnh nóc kịch trần #4896 233.000 đồng,Food,expense,1
săn áo thun t-shirt ầm ầm 17k,Shopping,expense,1
bắt grabcar đi tiệc flexing 377K,Transport,expense,1
bút calligraphy kiếp nạn thứ 82 #754 448 ngàn,Shopping,expense,1
túi sưởi mini healing #8571 445 cành,Shopping,expense,1
mua tài liệu ôn thi flexing #5196 297k,Education,expense,1
lương part-time rủng rỉnh cứu rỗi tâm hồn 3252 cành,Salary,income,1
mua nước súc miệng listerine ngon nhức nách 194k,Health,expense,1
nem chua rán chill chill 348.000 đồng,Food,expense,1
kem dưỡng phục hồi b5 cháy phố 224k,Beauty,expense,1
đi chill acoustic chill chill 10k,Entertainment,expense,1
mua sách tiếng anh mua vô tri 340k,Education,expense,1
tai nghe bluetooth chụp tai hết nấc 141k,Shopping,expense,1
đã chuyển khoản quỹ chưa nhỉ,Entertainment,expense,0
mua vàng tích trữ xịn xò 221k,Investment,expense,1
nhận lương chạy grab kịch sàn slay 11576K,Salary,income,1
tiền quỹ nhóm chia đều flexing 4.494.000 đồng,Business,income,1
vé đi triển lãm nghệ thuật vibe đỉnh 442 cành,Entertainment,expense,1
túi sưởi mini mlem mlem #4695 275k,Shopping,expense,1
mua khóa cửa vân tay cháy phố #2022 184k,Housing,expense,1
thưởng nhân viên xuất sắc xu cà na #2590 3.9tr,Bonus,income,1
nhận lương chạy grab kịch sàn hết nấc #2097 1627 ngàn,Salary,income,1
tiền cà phê giao lưu đối tác cháy phố 462.000 đồng,Investment,expense,1
nhận lương viết content chill chill #7652 9.3Tr,Salary,income,1
nệm cao su non ngon nhức nách #1027 71 cành,Housing,expense,1
son tint bóng slay #5738 254K,Beauty,expense,1
mua vàng tích trữ mlem mlem #7604 280.000 đồng,Investment,expense,1
khóa học tiếng anh ielts cháy phố #3328 416K,Education,expense,1
ăn sập sình #9972 64k,Food,expense,1
thuê xe máy đi phượt ầm ầm #1631 280 ngàn,Transport,expense,1
vé xe limousine về quê vibe đỉnh 357k,Transport,expense,1
tiền gửi xe hàng tháng kiếp nạn thứ 82 #7813 236k,Investment,expense,1
đóng tiền phạt muộn ét ô ét #2042 318.000 đồng,Investment,expense,1
tiền quỹ lớp xu cà na #3090 304k,Education,expense,1
thưởng nhân viên xuất sắc flexing #6614 13.6củ,Bonus,income,1
dầu gội bưởi mọc tóc chill chill #727 93k,Beauty,expense,1
mua trà hoa cúc ngủ ngon xịn xò 358 cành,Health,expense,1
lương làm mẫu ảnh mlem mlem 7.6tr,Salary,income,1
lương làm mẫu ảnh over hợp #3930 1.8Tr,Salary,income,1
bia chill cùng bạn gét gô #4950 333k,Food,expense,1
in tài liệu tiểu luận mlem mlem #5660 300 cành,Education,expense,1
nước ép hoa quả healthy healing #3498 398k,Food,expense,1
mua khóa cửa vân tay mlem mlem 221.000 đồng,Housing,expense,1
kem dưỡng phục hồi b5 vô tri #9647 275 ngàn,Beauty,expense,1
thưởng sinh nhật công ty chill chill #6702 5.5Tr,Bonus,income,1
nhận lương viết content #9663 5.9tr,Salary,income,1
đóng tiền phạt muộn ầm ầm 295 cành,Investment,expense,1
ốp lưng iphone xịn xò over hợp #2172 299k,Shopping,expense,1
mua game trên steam cứu rỗi tâm hồn #4452 403.000 đồng,Entertainment,expense,1
chốt đơn túi xách đeo chéo cháy phố 79 cành,Shopping,expense,1
xúc xích ăn liền 291k,Food,expense,1
bạc sỉu đá healing #3110 163k,Food,expense,1
mua khóa học udemy gét gô #2856 179 cành,Education,expense,1
thuê gia sư kèm 1-1 cứu rỗi tâm hồn #2775 227k,Education,expense,1
mua thuốc nhỏ mắt len đỉnh nóc kịch trần #4833 362 cành,Health,expense,1
tiền thuê phòng trọ ngon nhức nách 368k,Housing,expense,1
trà sữa phúc long healing #4745 272k,Food,expense,1
sinh tố bơ ngon ngậy xu cà na #7667 407 cành,Food,expense,1
trà sữa gongcha gét gô #5929 248 ngàn,Food,expense,1
gói netflix xem phim chill chill #9108 141k,Entertainment,expense,1
kẹp bấm mi xịn hết nấc #9555 210k,Beauty,expense,1
in tài liệu tiểu luận 434.000 đồng,Education,expense,1
gà rán jollibee cháy phố #9753 57k,Food,expense,1
book phòng homestay đà lạt xu cà na #2970 293k,Transport,expense,1
thưởng vượt doanh số ét ô ét #1173 2938K,Bonus,income,1
đã chuyển khoản quỹ chưa nhỉ,Entertainment,expense,0
hủ tiếu gõ vibe đỉnh #487 220k,Food,expense,1
thưởng vượt doanh số ầm ầm #8617 4347 cành,Bonus,income,1
đi siêu thị go sắm đồ gét gô 474k,Shopping,expense,1
chốt đơn shopee live flexing #4526 176k,Shopping,expense,1
nước ép hoa quả healthy slay #7373 409 ngàn,Food,expense,1
yến mạch giảm cân flexing #9132 133K,Food,expense,1
thưởng nhân viên xuất sắc cứu rỗi tâm hồn #907 549k,Bonus,income,1
tiền quỹ lớp ét ô ét 465k,Education,expense,1
lương làm mẫu ảnh slay 13515k,Salary,income,1
thịt bò ba chỉ ét ô ét 280k,Food,expense,1
tiền quỹ nhóm chia đều cháy phố #5319 3.8tr,Business,income,1
đi siêu thị go sắm đồ xịn xò #4964 86k,Shopping,expense,1
hát karaoke cháy máy ầm ầm #1126 438k,Entertainment,expense,1
vitamin c trắng da vô tri #3451 369k,Health,expense,1
thu nhập từ kênh youtube kiếp nạn thứ 82 #4675 10.4tr,Business,income,1
trà sữa gongcha mlem mlem 393k,Food,expense,1
quạt tích điện để bàn xu cà na #4894 79k,Shopping,expense,1
tiền quỹ nhóm chia đều ét ô ét 2.8Tr,Business,income,1
thưởng vượt doanh số gét gô 12873k,Bonus,income,1
nhận lương chạy grab kịch sàn ngon nhức nách 5.1Tr,Salary,income,1
tiền mừng cưới bạn thân mlem mlem 441 cành,Social,expense,1
tiền bonus từ khách hàng gét gô 2388k,Bonus,income,1
tiền phạt vi phạm giao thông ầm ầm 468.000 đồng,Transport,expense,1
trà đào cam sả 31k,Food,expense,1
đóng tiền phạt muộn gét gô 342k,Investment,expense,1
lương part-time rủng rỉnh healing #2325 12494k,Salary,income,1
quyên góp từ thiện chống lũ đỉnh nóc kịch trần #5110 234k,Charity,expense,1
săn sale lazada 11.11 xu cà na #4856 467k,Shopping,expense,1
mua nước súc miệng listerine cứu rỗi tâm hồn #430 436.000 đồng,Health,expense,1
nước ép hoa quả healthy chill chill #1068 232k,Food,expense,1
thưởng tết âm lịch ấm áp đỉnh nóc kịch trần #3732 2015 cành,Bonus,income,1
mì tôm hảo hảo xịn xò 311k,Food,expense,1
thu nhập từ kênh youtube vibe đỉnh #3667 10846K,Business,income,1
thưởng vượt doanh số đỉnh nóc kịch trần #8460 11.113.000 đồng,Bonus,income,1
thưởng nhân viên xuất sắc vô tri #1221 14395k,Bonus,income,1
mua sách truyện manga gét gô #1520 215.000 đồng,Entertainment,expense,1
lương admin fanpage xịn xò #2815 8.4Tr,Salary,income,1
chốt đơn túi xách đeo chéo mlem mlem 251K,Shopping,expense,1
trứng gà so xu cà na #6792 458k,Food,expense,1
book phòng homestay đà lạt gét gô 337k,Transport,expense,1
xiên bẩn healing 169k,Food,expense,1
nạp vip spotify gét gô 88k,Entertainment,expense,1
mua game trên steam cứu rỗi tâm hồn #1389 467k,Entertainment,expense,1
kem chống nắng nâng tông hết nấc #2240 353k,Beauty,expense,1
dầu gội bưởi mọc tóc over hợp #3017 314k,Beauty,expense,1
sơn móng tay gel cứu rỗi tâm hồn #1746 477 ngàn,Beauty,expense,1
săn sale kẹp tóc cháy phố 251K,Shopping,expense,1
bơ đậu phộng vô tri 149k,Food,expense,1
mua đồ về làm mukbang over hợp 170 cành,Food,expense,1
tiền mua đồ thắp hương cứu rỗi tâm hồn #2396 489k,Investment,expense,1
rau hữu cơ bách hóa xanh kiếp nạn thứ 82 157 ngàn,Food,expense,1
tiền bao người yêu đi ăn đỉnh nóc kịch trần 232.000 đồng,Social,expense,1
đồ ăn vặt cổng trường slay 343k,Food,expense,1
sữa chua hy lạp ét ô ét #2324 288 cành,Food,expense,1
chi phí đổi căn cước công dân vô tri #2064 327 cành,Investment,expense,1
rửa xe máy sạch bong hết nấc 118k,Transport,expense,1
mua tài liệu ôn thi slay 16K,Education,expense,1
hạt granola vô tri #1486 166.000 đồng,Food,expense,1
chốt đơn túi xách đeo chéo vibe đỉnh 439k,Shopping,expense,1
tiền nhận từ booking quảng cáo vô tri #5054 3.4củ,Business,income,1
bia chill cùng bạn cứu rỗi tâm hồn #1630 140k,Food,expense,1
đóng tiền phạt muộn chill chill 459k,Investment,expense,1
yến mạch giảm cân flexing 377k,Food,expense,1
thu nhập affliate tiktok shop đỉnh nóc kịch trần #4582 4.558.000 đồng,Business,income,1
bánh tráng trộn xịn xò #1662 325k,Food,expense,1
túi sưởi mini đỉnh nóc kịch trần #8758 399 cành,Shopping,expense,1
nạp thẻ game liên quân cháy phố #314 319k,Entertainment,expense,1
mì cay cấp độ 7 vô tri 297k,Food,expense,1
đế đỡ điện thoại ầm ầm #6510 415K,Shopping,expense,1
đu đỉnh coin ầm ầm #1430 68.000 đồng,Investment,expense,1
thưởng nóng từ sếp kiếp nạn thứ 82 11.751.000 đồng,Bonus,income,1
tiền mừng cưới bạn thân kiếp nạn thứ 82 #3141 129k,Social,expense,1
mua kính râm thời trang cháy phố #2705 201k,Shopping,expense,1
trà đào cam sả mlem mlem #5254 10k,Food,expense,1
ting ting lương công ty ét ô ét #1364 5729 cành,Salary,income,1
tiền gửi xe hàng tháng xịn xò #4672 28k,Investment,expense,1
thưởng nhân viên xuất sắc mlem mlem #8161 13527k,Bonus,income,1
bắt grabcar đi tiệc mlem mlem 132k,Transport,expense,1
trà chanh giã tay cứu rỗi tâm hồn #6524 407k,Food,expense,1
cà phê muối cứu rỗi tâm hồn #7809 94k,Food,expense,1
tiền vệ sinh rác thải gét gô #8155 112k,Housing,expense,1
gói khám sức khỏe tổng quát xịn xò 406k,Health,expense,1
hát karaoke cháy máy vibe đỉnh #5223 363k,Entertainment,expense,1
tiền bonus từ khách hàng xu cà na #5852 12134 ngàn,Bonus,income,1
tiền vệ sinh rác thải gét gô 125k,Housing,expense,1
tiền trúng thưởng mini game ét ô ét #583 3.5củ,Business,income,1
kẹp bấm mi xịn cứu rỗi tâm hồn 122 ngàn,Beauty,expense,1
mua thuốc nhỏ mắt len hết nấc #667 283k,Health,expense,1
nhận lương chạy grab kịch sàn ét ô ét #1586 9.6củ,Salary,income,1
lương admin fanpage healing 6911K,Salary,income,1
bảo dưỡng xe máy flexing 311k,Transport,expense,1
trứng gà so over hợp #617 465k,Food,expense,1
sơn móng tay gel cháy phố 115k,Beauty,expense,1
đăng ký lớp yoga healing #9357 135 cành,Education,expense,1
thịt bò ba chỉ vô tri 402 cành,Food,expense,1
gửi xe trung tâm thương mại vô tri #7011 401K,Transport,expense,1
trà sữa gongcha kiếp nạn thứ 82 #198 81 cành,Food,expense,1
mặt nạ đất sét vô tri #6850 149k,Beauty,expense,1
mua quần jean ống rộng ầm ầm #527 273k,Shopping,expense,1
tiền thưởng kpi tháng vibe đỉnh #9492 11048K,Bonus,income,1
son tint bóng mlem mlem #8168 200k,Beauty,expense,1
gấu bông labubu flexing 406k,Shopping,expense,1
chơi boardgame cùng hội bạn #7498 269 cành,Entertainment,expense,1
lương thực tập sinh bèo bọt slay 1.051.000 đồng,Salary,income,1
sửa vòi nước hỏng healing #7434 263.000 đồng,Housing,expense,1
hát karaoke cháy máy 50 ngàn,Entertainment,expense,1
mua thực phẩm chức năng omega3 slay #3844 201k,Health,expense,1
mua máy sấy tóc healing #7687 336k,Housing,expense,1
nạp thẻ game liên quân #5529 401K,Entertainment,expense,1
tiền cà phê giao lưu đối tác xịn xò #5400 227k,Investment,expense,1
vé concert anh trai cứu rỗi tâm hồn #2227 147k,Entertainment,expense,1
chi phí đổi căn cước công dân ngon nhức nách 320k,Investment,expense,1
bảo dưỡng xe máy chill chill 143k,Transport,expense,1
chi phí đổi căn cước công dân xu cà na #1239 393k,Investment,expense,1
sữa rửa mặt cetaphil hết nấc #4922 384k,Beauty,expense,1
tiền đóng bảo hiểm y tế đỉnh nóc kịch trần #8409 349K,Health,expense,1
thẻ xe bus điện vinbus xịn xò #1858 102k,Transport,expense,1
mua thuốc uống cảm cúm xu cà na #6391 215k,Health,expense,1
kem chống nắng nâng tông slay 296k,Beauty,expense,1
trà sữa gongcha xu cà na #3521 58k,Food,expense,1
mua sách tiếng anh mua ầm ầm #970 106k,Education,expense,1
nước cốt xương hết nấc #7938 344 ngàn,Food,expense,1
mua khẩu trang 4d mlem mlem #7828 212k,Health,expense,1
đặt xe grabbike healing 329K,Transport,expense,1
bia chill cùng bạn over hợp #1054 377K,Food,expense,1
vớ tất cao cổ ét ô ét 389K,Shopping,expense,1
lương designer freelance mlem mlem #386 7493 cành,Salary,income,1
đóng tiền phạt muộn flexing #3514 171K,Investment,expense,1
lệ phí thi lại môn flexing 290k,Education,expense,1
mặt nạ đất sét vô tri #1470 85.000 đồng,Beauty,expense,1
tiền lì xì tết tốn kém chill chill 18K,Investment,expense,1
cà phê muối ét ô ét 397K,Food,expense,1
khóa học tiếng anh ielts cháy phố #239 494k,Education,expense,1
lương làm trợ giảng flexing #8315 10636K,Salary,income,1
book phòng homestay đà lạt ét ô ét #9373 33k,Transport,expense,1
k buffet gét gô #3442 441k,Food,expense,1
xiên bẩn hết nấc #6879 400k,Food,expense,1
sơn móng tay gel cháy phố #4744 452K,Beauty,expense,1
chi phí đổi căn cước công dân gét gô #5975 436K,Investment,expense,1
ơm tấm sườn bì chả cứu rỗi tâm hồn #2609 403.000 đồng,Food,expense,1
thưởng vượt doanh số ầm ầm #9838 2.8tr,Bonus,income,1
tiền bonus từ khách hàng slay 2342 cành,Bonus,income,1
sinh tố bơ ngon ngậy ầm ầm #2955 119k,Food,expense,1
đu đỉnh coin slay #5511 486k,Investment,expense,1
mua tài liệu ôn thi xịn xò #3482 245k,Education,expense,1
xiên bẩn đỉnh nóc kịch trần 163k,Food,expense,1
lương part-time rủng rỉnh đỉnh nóc kịch trần 5381k,Salary,income,1
vé đi triển lãm nghệ thuật mlem mlem #3203 396k,Entertainment,expense,1
tiền bao người yêu đi ăn mlem mlem 43k,Social,expense,1
săn áo thun t-shirt gét gô 116 ngàn,Shopping,expense,1
bơ đậu phộng cháy phố #5474 37k,Food,expense,1
rau hữu cơ bách hóa xanh xịn xò 122 ngàn,Food,expense,1
gói khám sức khỏe tổng quát vibe đỉnh 457k,Health,expense,1
gà rán jollibee hết nấc #1266 120k,Food,expense,1
mua nước lau sàn thơm vô tri #2171 382K,Housing,expense,1
tiền bonus từ khách hàng mlem mlem #4494 1902k,Bonus,income,1
gà rán jollibee cháy phố 157k,Food,expense,1
mua phụ kiện vòng tay slay 157k,Shopping,expense,1
mua cây decor phòng ngủ đỉnh nóc kịch trần #7572 91k,Housing,expense,1
học phí khóa học photoshop over hợp 464.000 đồng,Education,expense,1
thuốc nhỏ mũi xịt ét ô ét #6998 258k,Health,expense,1
mua cây decor phòng ngủ mlem mlem #8998 60k,Housing,expense,1
đèn led hoàng hôn flexing #5652 183k,Shopping,expense,1
lương cứng mỗi tháng vibe đỉnh #6104 13075K,Salary,income,1
thảm lau chân dễ thương cháy phố 327k,Shopping,expense,1
nước cốt xương kiếp nạn thứ 82 #5597 456k,Food,expense,1
kimbap siêu dài đỉnh nóc kịch trần #8695 114.000 đồng,Food,expense,1
hủ tiếu gõ đỉnh nóc kịch trần #5572 496.000 đồng,Food,expense,1
vớ tất cao cổ flexing #6088 75 cành,Shopping,expense,1
tiền bố mẹ tiếp tế ét ô ét 5622 ngàn,Business,income,1
phòng lướt net net cỏ healing #3775 226k,Entertainment,expense,1
sinh tố bơ ngon ngậy xu cà na 70k,Food,expense,1
tiền vệ sinh rác thải xu cà na #5418 405k,Housing,expense,1
ting ting lương công ty ầm ầm #6311 12703 cành,Salary,income,1
thưởng ngày lễ 30/4 đỉnh nóc kịch trần 9.860.000 đồng,Bonus,income,1
rau hữu cơ bách hóa xanh healing #2643 426k,Food,expense,1
lương designer freelance healing 12201K,Salary,income,1
bình giữ nhiệt stanley vibe đỉnh #9395 396k,Shopping,expense,1
tiền lì xì tết tốn kém cháy phố 212.000 đồng,Investment,expense,1
thảm lau chân dễ thương cứu rỗi tâm hồn 344k,Shopping,expense,1
tủ quần áo lắp ráp slay 421k,Housing,expense,1
gà rán jollibee ngon nhức nách #9882 384 ngàn,Food,expense,1
nhận lương chạy grab kịch sàn ngon nhức nách #9325 11.2Tr,Salary,income,1
gói khám sức khỏe tổng quát flexing 192 cành,Health,expense,1
lương thực tập sinh bèo bọt gét gô #944 10.1Tr,Salary,income,1
thưởng vượt doanh số ét ô ét #414 7707 ngàn,Bonus,income,1
đi đu idol kpop vibe đỉnh #7559 341.000 đồng,Entertainment,expense,1
mua phụ kiện vòng tay gét gô 96k,Shopping,expense,1
tiền quỹ lớp mlem mlem #5263 134k,Education,expense,1
mua đồ về làm mukbang cháy phố #4614 292.000 đồng,Food,expense,1
lẩu haidilao cháy phố #9924 445K,Food,expense,1
khóa học tiếng anh ielts 109 ngàn,Education,expense,1
thưởng nóng từ sếp ngon nhức nách #4948 9079K,Bonus,income,1
tiền mừng cưới bạn thân hết nấc 54k,Social,expense,1
sinh tố bơ ngon ngậy flexing #776 301 ngàn,Food,expense,1
lợi nhuận bán quần áo secondhand ầm ầm #9398 10.8Tr,Business,income,1
son tint bóng #9548 100K,Beauty,expense,1
vé xem phim cgv vibe đỉnh 121k,Entertainment,expense,1
tiền nhận từ booking quảng cáo ngon nhức nách #2350 10.0tr,Business,income,1
tiền thưởng dự án xuất sắc đỉnh nóc kịch trần #9438 13.3tr,Bonus,income,1
học phí học lái xe ô tô flexing #4596 357.000 đồng,Education,expense,1
tiền nhận từ booking quảng cáo flexing #9716 7657k,Business,income,1
bia chill cùng bạn over hợp 149 cành,Food,expense,1
chốt đơn chưa bồ ơi,Entertainment,expense,0
ting ting lương công ty cháy phố 5.8tr,Salary,income,1
mua quần áo local brand slay #962 473.000 đồng,Shopping,expense,1
tiền thưởng kpi tháng đỉnh nóc kịch trần #9113 8.5Tr,Bonus,income,1
dầu gội bưởi mọc tóc flexing #7064 431 ngàn,Beauty,expense,1
tiền điện nước giá kinh hoàng slay #5509 242k,Housing,expense,1
tiền cọc phòng trọ cứu rỗi tâm hồn 322 cành,Housing,expense,1
gói khám sức khỏe tổng quát vibe đỉnh #2293 444k,Health,expense,1
tiền phạt vi phạm giao thông kiếp nạn thứ 82 #9361 287k,Transport,expense,1
lương làm mẫu ảnh vô tri 9196 ngàn,Salary,income,1
phòng lướt net net cỏ gét gô #7665 455 ngàn,Entertainment,expense,1
vé xe limousine về quê vô tri #975 210 ngàn,Transport,expense,1
vé concert anh trai chill chill #3925 13k,Entertainment,expense,1
mua kính râm thời trang vô tri #8644 178 ngàn,Shopping,expense,1
bánh tráng trộn ầm ầm #1025 97k,Food,expense,1
xiên bẩn xu cà na #3987 313k,Food,expense,1
mua nước súc miệng listerine chill chill #678 442k,Health,expense,1
tiền lãi đầu tư coin đỉnh nóc kịch trần 10860k,Business,income,1
kimbap siêu dài vô tri #8988 38 cành,Food,expense,1
nệm cao su non healing #3019 387.000 đồng,Housing,expense,1
nem chua rán xu cà na #3766 262 ngàn,Food,expense,1
ốp lưng iphone xịn xò over hợp #4873 285.000 đồng,Shopping,expense,1
kệ để đồ mĩ phẩm xu cà na #7397 483 ngàn,Shopping,expense,1
trà sữa gongcha xu cà na 238.000 đồng,Food,expense,1
ăn sập sình over hợp #2821 442k,Food,expense,1
chốt đơn hoodie oversize over hợp 340k,Shopping,expense,1
gọi bebike đi học ầm ầm #3603 93k,Transport,expense,1
tiền lì xì tết tốn kém vô tri #685 342.000 đồng,Investment,expense,1
mua game trên steam flexing 201.000 đồng,Entertainment,expense,1
lương làm trợ giảng mlem mlem 13249K,Salary,income,1
tiền thưởng dự án xuất sắc mlem mlem 9.2củ,Bonus,income,1
thịt bò ba chỉ cứu rỗi tâm hồn #6481 326k,Food,expense,1
thưởng sinh nhật công ty ét ô ét #6635 9565 cành,Bonus,income,1
tiền bán hàng shopee gét gô #5607 1.8tr,Business,income,1
lương designer freelance #7635 12.6Tr,Salary,income,1
thay dầu nhớt castrol healing #2452 21 ngàn,Transport,expense,1
lương thực tập sinh bèo bọt chill chill #692 716 ngàn,Salary,income,1
thảm lau chân dễ thương ầm ầm #5481 285k,Shopping,expense,1
tiền cho bạn vay giờ đòi được hết nấc #8385 8719k,Business,income,1
phòng lướt net net cỏ over hợp #7007 374k,Entertainment,expense,1
vé xem phim cgv xu cà na 415k,Entertainment,expense,1
tiền lãi đầu tư coin over hợp #6901 7.8tr,Business,income,1
mua thực phẩm chức năng omega3 xịn xò 60.000 đồng,Health,expense,1
rau hữu cơ bách hóa xanh over hợp #7883 309K,Food,expense,1
nhận lương viết content healing #7338 4.6củ,Salary,income,1
lương cứng mỗi tháng ầm ầm 12717K,Salary,income,1
tủ quần áo lắp ráp kiếp nạn thứ 82 #6749 302K,Housing,expense,1
sữa rửa mặt cetaphil ầm ầm 274k,Beauty,expense,1
thưởng chuyên cần đỉnh nóc kịch trần 11837 ngàn,Bonus,income,1
mua tài liệu ôn thi flexing #5031 244k,Education,expense,1
mua bông y tế tẩy trang chill chill #2863 308.000 đồng,Health,expense,1
vé máy bay vietjet over hợp #9710 456k,Transport,expense,1
dầu gội bưởi mọc tóc chill chill 184k,Beauty,expense,1
tiền quỹ lớp xu cà na 191k,Education,expense,1
mua quần áo local brand slay #1286 296k,Shopping,expense,1
mua thuốc uống cảm cúm over hợp 220k,Health,expense,1
tiền donate livestream mlem mlem #1888 571k,Business,income,1
chi phí đổi căn cước công dân cháy phố #8113 305.000 đồng,Investment,expense,1
decor lại phòng trọ slay #727 101K,Housing,expense,1
mua khóa cửa vân tay xịn xò #7819 112 cành,Housing,expense,1
quyên góp từ thiện chống lũ cháy phố 389k,Charity,expense,1
mua khẩu trang 4d vô tri #1196 443.000 đồng,Health,expense,1
mua sách truyện manga chill chill 202k,Entertainment,expense,1
tiền quỹ nhóm chia đều ngon nhức nách #6583 2817K,Business,income,1
khoai lang mật mlem mlem #6107 388k,Food,expense,1
sushi băng chuyền healing #6901 167k,Food,expense,1
tiền thưởng dự án xuất sắc ét ô ét #5587 12708 cành,Bonus,income,1
tủ quần áo lắp ráp hết nấc #8176 469 cành,Housing,expense,1
đế đỡ điện thoại vibe đỉnh #4588 127k,Shopping,expense,1
mua thực phẩm chức năng omega3 xu cà na 178K,Health,expense,1
thưởng tết âm lịch ấm áp kiếp nạn thứ 82 9167K,Bonus,income,1
thưởng tết âm lịch ấm áp flexing #7450 1178 cành,Bonus,income,1
hát karaoke cháy máy gét gô #3409 155k,Entertainment,expense,1
lệ phí thi lại môn cứu rỗi tâm hồn 12K,Education,expense,1
decor lại phòng trọ gét gô #7531 345 ngàn,Housing,expense,1
phòng lướt net net cỏ healing #5501 185.000 đồng,Entertainment,expense,1
khóa học tiếng anh ielts ầm ầm #7023 343.000 đồng,Education,expense,1
lương cứng mỗi tháng gét gô #6228 6.0củ,Salary,income,1
đi bar pub quẩy ét ô ét #3277 295k,Entertainment,expense,1
thưởng tết âm lịch ấm áp healing #9195 6.0Tr,Bonus,income,1
mua khóa học udemy vô tri #4537 77 cành,Education,expense,1
quạt tích điện để bàn slay #278 214.000 đồng,Shopping,expense,1
vé máy bay vietjet vibe đỉnh #8475 63k,Transport,expense,1
quạt tích điện để bàn 193 cành,Shopping,expense,1
đã chuyển khoản quỹ chưa nhỉ,Social,expense,0
tai nghe bluetooth chụp tai gét gô 442K,Shopping,expense,1
thưởng vượt doanh số hết nấc #252 2596K,Bonus,income,1
gói netflix xem phim cháy phố #442 290 ngàn,Entertainment,expense,1
lương designer freelance over hợp 7139 ngàn,Salary,income,1
nước hoa mini over hợp 214k,Beauty,expense,1
phí dịch vụ chung cư kiếp nạn thứ 82 #1561 429 cành,Housing,expense,1
mua phụ kiện vòng tay over hợp #920 333k,Shopping,expense,1
quyên góp từ thiện chống lũ slay #7405 28 cành,Charity,expense,1
vớ tất cao cổ cứu rỗi tâm hồn #2663 338 cành,Shopping,expense,1
bảo dưỡng xe máy flexing #4567 338 cành,Transport,expense,1
vé concert anh trai ét ô ét #4429 236k,Entertainment,expense,1
đu đỉnh chứng khoán over hợp #7720 43K,Investment,expense,1
tiền mừng cưới bạn thân ầm ầm #774 268K,Social,expense,1
tiền sinh nhật đứa bạn flexing #1571 461 cành,Social,expense,1
thưởng nhân viên xuất sắc chill chill #7368 5.5củ,Bonus,income,1
tiền xăng xe tay ga ầm ầm #9163 320k,Transport,expense,1
hạt granola flexing #9327 189k,Food,expense,1
lương admin fanpage ét ô ét #2103 8620k,Salary,income,1
săn sale lazada 11.11 vibe đỉnh #2991 435 ngàn,Shopping,expense,1
túi sưởi mini gét gô #5257 299 ngàn,Shopping,expense,1
bánh tráng phơi sương over hợp #414 261k,Food,expense,1
tiền lãi đầu tư coin cứu rỗi tâm hồn 13.4tr,Business,income,1
bút calligraphy xịn xò 262k,Shopping,expense,1
mua nước lau sàn thơm 84.000 đồng,Housing,expense,1
tiền donate livestream ét ô ét #8121 12863 ngàn,Business,income,1
tiền đóng bảo hiểm y tế vibe đỉnh #2841 437k,Health,expense,1
sticker dán laptop ét ô ét #8705 488k,Shopping,expense,1
lãi gửi tiết kiệm ngân hàng vô tri #211 575k,Business,income,1
bảng mắt màu khói slay #1592 336.000 đồng,Beauty,expense,1
serum trị mụn mlem mlem #832 151k,Beauty,expense,1
mua quần áo local brand ầm ầm #837 325k,Shopping,expense,1
thưởng ngày lễ 30/4 hết nấc #6616 14.949.000 đồng,Bonus,income,1
tiền trúng thưởng mini game vibe đỉnh #3418 12179 ngàn,Business,income,1
rong biển cuộn cơm 64K,Food,expense,1
thưởng nóng từ sếp hết nấc #5715 9993 ngàn,Bonus,income,1
đi chill acoustic vibe đỉnh #2783 10K,Entertainment,expense,1
khóa học tiếng anh ielts gét gô 379.000 đồng,Education,expense,1
rau hữu cơ bách hóa xanh mlem mlem #1900 412k,Food,expense,1
tiền gửi xe hàng tháng kiếp nạn thứ 82 #4460 451 cành,Investment,expense,1
thưởng ngày lễ 30/4 flexing #9102 5.9củ,Bonus,income,1
bún bò huế full topping ngon nhức nách #4776 69 ngàn,Food,expense,1
trà sữa phúc long vô tri 415 cành,Food,expense,1
tiền gửi xe hàng tháng xu cà na #2328 207k,Investment,expense,1
ức gà ăn kiêng ét ô ét #7592 303 ngàn,Food,expense,1
củ sạc nhanh baseus ét ô ét #2422 301 cành,Shopping,expense,1
tiền gửi xe hàng tháng ngon nhức nách 483k,Investment,expense,1
sushi băng chuyền kiếp nạn thứ 82 #4928 483K,Food,expense,1
mua bao cao su durex chill chill #8348 471K,Health,expense,1
phí dịch vụ chung cư xịn xò 32 cành,Housing,expense,1
bán tài liệu học tập cũ ét ô ét #3310 8176 ngàn,Business,income,1
lương cứng mỗi tháng flexing #1757 984 cành,Salary,income,1
xúc xích ăn liền hết nấc #6743 408 ngàn,Food,expense,1
mua cây decor phòng ngủ healing #4364 208.000 đồng,Housing,expense,1
son tint bóng over hợp #107 75k,Beauty,expense,1
chi phí đổi căn cước công dân gét gô 32 ngàn,Investment,expense,1
tiền thanh lý đồ cũ pass đồ vô tri #9822 8.823.000 đồng,Business,income,1
mua sách tiếng anh mua đỉnh nóc kịch trần 193k,Education,expense,1
đăng ký test toeic #5863 404.000 đồng,Education,expense,1
mua nước lau sàn thơm xịn xò #2157 249 cành,Housing,expense,1
bảo dưỡng xe máy kiếp nạn thứ 82 95.000 đồng,Transport,expense,1
xin review quán này với,Entertainment,expense,0
trà đào cam sả kiếp nạn thứ 82 #5615 355 cành,Food,expense,1
decor lại phòng trọ ngon nhức nách #1711 447K,Housing,expense,1
rau hữu cơ bách hóa xanh flexing #6230 434k,Food,expense,1
decor lại phòng trọ gét gô #9236 156 ngàn,Housing,expense,1
hát karaoke cháy máy chill chill 408 cành,Entertainment,expense,1
tiền thưởng dự án xuất sắc hết nấc #5756 8868 ngàn,Bonus,income,1
lương làm trợ giảng xu cà na 9.007.000 đồng,Salary,income,1
decor lại phòng trọ đỉnh nóc kịch trần #6832 424 cành,Housing,expense,1
mua quần jean ống rộng ầm ầm #8042 45k,Shopping,expense,1
cushion che khuyết điểm mlem mlem 83k,Beauty,expense,1
ăn sập sình vô tri 359K,Food,expense,1
kem chống nắng nâng tông cháy phố #6858 31k,Beauty,expense,1
lương admin fanpage cháy phố #8410 7428 ngàn,Salary,income,1
học phí đại học khóc thét kiếp nạn thứ 82 248k,Education,expense,1
tiền bao người yêu đi ăn hết nấc 237k,Social,expense,1
mua sách tiếng anh mua ngon nhức nách #1882 100k,Education,expense,1
gửi xe trung tâm thương mại gét gô #9289 112K,Transport,expense,1
đi bar pub quẩy slay 481k,Entertainment,expense,1
dầu gió xanh cứu cánh cháy phố #7875 442K,Health,expense,1
ốp lưng iphone xịn xò ét ô ét #4184 122 ngàn,Shopping,expense,1
dầu gió xanh cứu cánh xịn xò 346k,Health,expense,1
rửa xe máy sạch bong ngon nhức nách 61k,Transport,expense,1
mua thuốc nhỏ mắt len xu cà na #3982 467k,Health,expense,1
thịt bò ba chỉ ầm ầm 98K,Food,expense,1
mua khóa học udemy ngon nhức nách #9078 112K,Education,expense,1
nạp thẻ game liên quân vô tri #482 473.000 đồng,Entertainment,expense,1
tiền donate livestream flexing #6742 10876 ngàn,Business,income,1
ức gà ăn kiêng flexing 385k,Food,expense,1
nước ngọt coca zero 28.000 đồng,Food,expense,1
vớ tất cao cổ vibe đỉnh 463 ngàn,Shopping,expense,1
dầu gió xanh cứu cánh vô tri 425 ngàn,Health,expense,1
đèn led hoàng hôn vibe đỉnh #7734 65.000 đồng,Shopping,expense,1
tiền donate livestream healing #2186 11.7củ,Business,income,1
tokbokki phô mai chill chill #6369 318 cành,Food,expense,1
mì tôm hảo hảo flexing #7216 185 cành,Food,expense,1
sinh tố bơ ngon ngậy vibe đỉnh #4939 382 ngàn,Food,expense,1
thưởng sinh nhật công ty over hợp #5896 3584K,Bonus,income,1
mua giày sneaker mlem cứu rỗi tâm hồn #1009 154K,Shopping,expense,1
vé concert anh trai chill chill #5568 183k,Entertainment,expense,1
mua mũ bảo hiểm có kính gét gô #5424 390K,Transport,expense,1
ting ting lương công ty xịn xò #2480 14725 cành,Salary,income,1
tiền nhổ răng khôn khóc thét mlem mlem 128.000 đồng,Health,expense,1
mua cây decor phòng ngủ ngon nhức nách 302k,Housing,expense,1
đu đỉnh coin ét ô ét #1791 262k,Investment,expense,1
bánh tráng phơi sương gét gô 402K,Food,expense,1
dầu gội bưởi mọc tóc ầm ầm 441k,Beauty,expense,1
mua giày sneaker mlem slay 397 cành,Shopping,expense,1
mixue kem cây xu cà na #4121 113k,Food,expense,1
mua khóa cửa vân tay đỉnh nóc kịch trần #6892 226k,Housing,expense,1
học phí đại học khóc thét mlem mlem #3276 486.000 đồng,Education,expense,1
nước khoáng aquafina ầm ầm 465k,Food,expense,1
vé xem phim cgv ngon nhức nách #2865 104k,Entertainment,expense,1
cushion che khuyết điểm kiếp nạn thứ 82 480k,Beauty,expense,1
sổ tay bullet journal #3367 419k,Shopping,expense,1
mua mũ bảo hiểm có kính ngon nhức nách 409k,Transport,expense,1
mua thuốc uống cảm cúm cứu rỗi tâm hồn #4795 83k,Health,expense,1
vé concert anh trai slay #3321 372k,Entertainment,expense,1
nhận lương viết content xịn xò #2391 9.6củ,Salary,income,1
đi chợ đầu mối mlem mlem #6958 79k,Shopping,expense,1
khóa học tiếng anh ielts xịn xò #8191 225k,Education,expense,1
gọi bebike đi học over hợp #5755 226k,Transport,expense,1
tiền donate livestream ầm ầm #6140 13.444.000 đồng,Business,income,1
ting ting lương công ty gét gô #7647 14.8củ,Salary,income,1
thu nhập từ kênh youtube xu cà na #833 5591 cành,Business,income,1
mua game trên steam 44k,Entertainment,expense,1
đi đu idol kpop cứu rỗi tâm hồn 35 ngàn,Entertainment,expense,1
phòng lướt net net cỏ xịn xò #8406 356.000 đồng,Entertainment,expense,1
vớ tất cao cổ xu cà na 229 cành,Shopping,expense,1
bảo dưỡng xe máy đỉnh nóc kịch trần #9021 138K,Transport,expense,1
tiền quỹ lớp kiếp nạn thứ 82 59k,Education,expense,1
mua máy sấy tóc cứu rỗi tâm hồn #4294 431k,Housing,expense,1
dầu gội bưởi mọc tóc gét gô #5831 189k,Beauty,expense,1
nhận lương viết content healing #425 695 ngàn,Salary,income,1
tiền bố mẹ tiếp tế xịn xò #7652 14791K,Business,income,1
cà phê muối ngon nhức nách #3674 383k,Food,expense,1
tai nghe bluetooth chụp tai cứu rỗi tâm hồn 301 ngàn,Shopping,expense,1
ức gà ăn kiêng healing #5385 126 cành,Food,expense,1
chì kẻ mày phẩy sợi slay 483k,Beauty,expense,1
khoai lang mật cháy phố #222 18k,Food,expense,1
thuê gia sư kèm 1-1 ét ô ét #1631 486.000 đồng,Education,expense,1
túi sưởi mini cứu rỗi tâm hồn #5948 228.000 đồng,Shopping,expense,1
ốp lưng iphone xịn xò xịn xò 366 ngàn,Shopping,expense,1
tiền cho bạn vay giờ đòi được vô tri #9136 202k,Business,income,1
bún bò huế full topping gét gô #5091 215k,Food,expense,1
trà chanh giã tay xu cà na #4770 226 ngàn,Food,expense,1
tiền bonus từ khách hàng vibe đỉnh #8059 14250k,Bonus,income,1
chi phí đổi căn cước công dân cứu rỗi tâm hồn #7007 33k,Investment,expense,1
matcha latte xịn sò mlem mlem #5574 281 cành,Food,expense,1
mua sách tiếng anh mua hết nấc #5361 439 cành,Education,expense,1
vé máy bay vietjet mlem mlem #969 146.000 đồng,Transport,expense,1
lương part-time rủng rỉnh vibe đỉnh #5643 7.7Tr,Salary,income,1
sửa vòi nước hỏng đỉnh nóc kịch trần 164k,Housing,expense,1
kem dưỡng phục hồi b5 gét gô 450.000 đồng,Beauty,expense,1
mua bao cao su durex ngon nhức nách #3548 75.000 đồng,Health,expense,1
quạt tích điện để bàn hết nấc 438K,Shopping,expense,1
hôm nay trời đẹp ghê,Housing,expense,0
xúc xích ăn liền chill chill 131k,Food,expense,1
nệm cao su non over hợp #652 498k,Housing,expense,1
mua game trên steam over hợp 339.000 đồng,Entertainment,expense,1
mua giày sneaker mlem flexing 221k,Shopping,expense,1
tiền thưởng dự án xuất sắc mlem mlem #1032 11.3Tr,Bonus,income,1
mua trà hoa cúc ngủ ngon #9774 76k,Health,expense,1
ting ting lương công ty cứu rỗi tâm hồn #4399 3740k,Salary,income,1
đi chợ đầu mối #2674 238k,Shopping,expense,1
lợi nhuận bán quần áo secondhand ngon nhức nách #5324 4.7củ,Business,income,1
tiền điện nước giá kinh hoàng hết nấc #6816 293 cành,Housing,expense,1
mixue kem cây mlem mlem 66.000 đồng,Food,expense,1
khóa học tiếng anh ielts cứu rỗi tâm hồn #5821 166 ngàn,Education,expense,1
lương làm mẫu ảnh cứu rỗi tâm hồn #9701 7.962.000 đồng,Salary,income,1
cushion che khuyết điểm healing #6200 310.000 đồng,Beauty,expense,1
nhận lương chạy grab kịch sàn flexing 6.7củ,Salary,income,1
săn sale lazada 11.11 xịn xò #6195 104k,Shopping,expense,1
nước ép hoa quả healthy healing #8665 411k,Food,expense,1
mua thực phẩm chức năng omega3 đỉnh nóc kịch trần #2996 367 cành,Health,expense,1
tiền quỹ nhóm chia đều slay #605 11518 ngàn,Business,income,1
ting ting lương công ty flexing 14152 cành,Salary,income,1
mì tôm hảo hảo hết nấc #4853 60k,Food,expense,1
học phí khóa học photoshop cứu rỗi tâm hồn #3772 42k,Education,expense,1
chi phí đổi căn cước công dân chill chill #7160 493 ngàn,Investment,expense,1
trà sữa phúc long cháy phố #9634 275 ngàn,Food,expense,1
đăng ký lớp yoga healing 236k,Education,expense,1
thuê gia sư kèm 1-1 mlem mlem 411k,Education,expense,1
kimbap siêu dài gét gô 60K,Food,expense,1
ăn sập sình gét gô #5920 404k,Food,expense,1
highlands phindi chill chill 481K,Food,expense,1
lệ phí thi lại môn slay #3123 259k,Education,expense,1
thay dầu nhớt castrol xịn xò #7222 392 cành,Transport,expense,1
tiền thuê phòng trọ xu cà na #3969 398 ngàn,Housing,expense,1
kem chống nắng nâng tông xu cà na #7839 371k,Beauty,expense,1
popmart blindbox ngon nhức nách #6056 383 ngàn,Shopping,expense,1
nhận lương viết content over hợp #3854 10409K,Salary,income,1
đăng ký test toeic cháy phố 209 cành,Education,expense,1
lợi nhuận bán quần áo secondhand kiếp nạn thứ 82 3444K,Business,income,1
tủ quần áo lắp ráp vô tri 137 cành,Housing,expense,1
vớ tất cao cổ vibe đỉnh #6075 400k,Shopping,expense,1
xiên bẩn slay 441k,Food,expense,1
tiền mạng internet wifi ầm ầm #8725 443k,Housing,expense,1
trà đào cam sả cháy phố #4866 217k,Food,expense,1
dầu gió xanh cứu cánh chill chill #4247 355 ngàn,Health,expense,1
lợi nhuận bán quần áo secondhand vô tri #8803 10762k,Business,income,1
phí dịch vụ chung cư gét gô #5197 26.000 đồng,Housing,expense,1
bơ đậu phộng vô tri #9518 170 ngàn,Food,expense,1
dầu gió xanh cứu cánh hết nấc #6779 209 cành,Health,expense,1
đu đỉnh chứng khoán vibe đỉnh #7839 95 ngàn,Investment,expense,1
tiền bố mẹ tiếp tế over hợp #3606 1667k,Business,income,1
nước cốt xương healing 210k,Food,expense,1
highlands phindi xịn xò #3370 57.000 đồng,Food,expense,1
gà rán jollibee xịn xò #235 58k,Food,expense,1
mì tôm hảo hảo mlem mlem #7189 281k,Food,expense,1
mua mũ bảo hiểm có kính over hợp #1031 229K,Transport,expense,1
mì trộn indomie healing #9908 329k,Food,expense,1
khóa học tiếng anh ielts ầm ầm #3102 85K,Education,expense,1
nem chua rán đỉnh nóc kịch trần #9578 428 ngàn,Food,expense,1
mua quần áo local brand kiếp nạn thứ 82 #1298 451k,Shopping,expense,1
mua khóa học tik tok master flexing #2825 219k,Education,expense,1
rau hữu cơ bách hóa xanh ét ô ét 267k,Food,expense,1
lương cứng mỗi tháng healing #6860 11.032.000 đồng,Salary,income,1
tiền lãi chứng khoán nổ hũ mlem mlem #6673 12.7củ,Business,income,1
vớ tất cao cổ chill chill 284k,Shopping,expense,1
tiền nhổ răng khôn khóc thét xu cà na 256 cành,Health,expense,1
tiền thưởng kpi tháng flexing #1186 7.7tr,Bonus,income,1
vé đi triển lãm nghệ thuật đỉnh nóc kịch trần #1780 87k,Entertainment,expense,1
nệm cao su non healing 268k,Housing,expense,1
kẹp bấm mi xịn xịn xò #2849 156k,Beauty,expense,1
mua đồ về làm mukbang mlem mlem #428 421K,Food,expense,1
đăng ký lớp yoga mlem mlem #4591 314k,Education,expense,1
mua đồ về làm mukbang ngon nhức nách #7839 154 cành,Food,expense,1
đi đu idol kpop over hợp #6703 482.000 đồng,Entertainment,expense,1
lương thực tập sinh bèo bọt over hợp 5.8củ,Salary,income,1
thuốc nhỏ mũi xịt xịn xò #7066 209k,Health,expense,1
ốp lưng iphone xịn xò healing 452 cành,Shopping,expense,1
săn áo thun t-shirt ầm ầm #3578 443.000 đồng,Shopping,expense,1
mua quần áo local brand cháy phố #7046 277.000 đồng,Shopping,expense,1
ting ting lương công ty ét ô ét #1630 8.7Tr,Salary,income,1
đăng ký lớp yoga đỉnh nóc kịch trần #6322 102 ngàn,Education,expense,1
phí dịch vụ chung cư cháy phố #9887 268k,Housing,expense,1
bún đậu mắm tôm ngon nhức nách cứu rỗi tâm hồn 425K,Food,expense,1
kệ để đồ mĩ phẩm xu cà na 465k,Shopping,expense,1
nạp thẻ game liên quân over hợp #9127 122k,Entertainment,expense,1
in tài liệu tiểu luận ngon nhức nách 332.000 đồng,Education,expense,1
ai đi cf không,Social,expense,0
chơi boardgame cùng hội bạn #3240 198 cành,Entertainment,expense,1
tiền lãi chứng khoán nổ hũ ét ô ét #4922 8353k,Business,income,1
sticker dán laptop xịn xò #3397 477k,Shopping,expense,1
đế đỡ điện thoại vibe đỉnh 57K,Shopping,expense,1
tiền thưởng dự án xuất sắc xịn xò #345 3.4củ,Bonus,income,1
vớ tất cao cổ xu cà na #8502 101K,Shopping,expense,1
ức gà ăn kiêng ngon nhức nách #9234 90k,Food,expense,1
lương part-time rủng rỉnh cháy phố #6969 12.1Tr,Salary,income,1
thẻ xe bus điện vinbus flexing 321k,Transport,expense,1
xiên bẩn flexing 329 cành,Food,expense,1
mua nước lau sàn thơm đỉnh nóc kịch trần #6416 24k,Housing,expense,1
lương thực tập sinh bèo bọt kiếp nạn thứ 82 #1650 2.8Tr,Salary,income,1
trứng gà so over hợp #3516 318k,Food,expense,1
ăn sập sình vô tri #1502 257k,Food,expense,1
tiền cà phê giao lưu đối tác hết nấc #8160 434K,Investment,expense,1
mua đồ về làm mukbang ngon nhức nách #6613 69k,Food,expense,1
lương designer freelance healing #2139 7.3Tr,Salary,income,1
hạt granola 288.000 đồng,Food,expense,1
bắt grabcar đi tiệc slay 291k,Transport,expense,1
quạt tích điện để bàn xịn xò #4403 371k,Shopping,expense,1
vé concert anh trai gét gô 428.000 đồng,Entertainment,expense,1
đi bar pub quẩy đỉnh nóc kịch trần #1003 130 ngàn,Entertainment,expense,1
tiền điện nước giá kinh hoàng cứu rỗi tâm hồn #6764 195.000 đồng,Housing,expense,1
ức gà ăn kiêng cháy phố 430k,Food,expense,1
mua vàng tích trữ over hợp #5671 453k,Investment,expense,1
lương thực tập sinh bèo bọt kiếp nạn thứ 82 #9684 6.9củ,Salary,income,1
mua bút highlight slay #1075 97K,Education,expense,1
lương designer freelance ét ô ét #715 2612 cành,Salary,income,1
thưởng vượt doanh số ầm ầm 14.8củ,Bonus,income,1
tiền xăng xe tay ga chill chill #7129 463k,Transport,expense,1
tiền trúng thưởng mini game cháy phố #7361 9.0Tr,Business,income,1
mua cây decor phòng ngủ mlem mlem 406.000 đồng,Housing,expense,1
nhận lương chạy grab kịch sàn chill chill #6078 5.008.000 đồng,Salary,income,1
vào rạp chiếu phim lotte xịn xò 245k,Entertainment,expense,1
đi chill acoustic gét gô #5656 246k,Entertainment,expense,1
ức gà ăn kiêng ầm ầm #4746 315 cành,Food,expense,1
tiền nhận từ booking quảng cáo over hợp 10911K,Business,income,1
hạt granola slay #5728 176.000 đồng,Food,expense,1
đu đỉnh chứng khoán xịn xò 407K,Investment,expense,1
mua bút highlight kiếp nạn thứ 82 #3465 172K,Education,expense,1
nạp vip spotify kiếp nạn thứ 82 #2273 302k,Entertainment,expense,1
tiền thưởng dự án xuất sắc hết nấc #1134 7944 cành,Bonus,income,1
xúc xích ăn liền xịn xò #3768 55k,Food,expense,1
highlands phindi healing 162 cành,Food,expense,1
cơm hộp tiện lợi ầm ầm #2541 251 cành,Food,expense,1
chi phí đổi căn cước công dân xịn xò 14k,Investment,expense,1
tiền mừng cưới bạn thân cứu rỗi tâm hồn #7146 353 cành,Social,expense,1
vitamin c trắng da cứu rỗi tâm hồn 106k,Health,expense,1
trà chanh giã tay slay 359K,Food,expense,1
tiền quỹ nhóm chia đều cháy phố #3876 5021 cành,Business,income,1
xúc xích ăn liền xu cà na 49.000 đồng,Food,expense,1
sữa rửa mặt cetaphil cháy phố 256.000 đồng,Beauty,expense,1
đăng ký test toeic ét ô ét #6992 339 ngàn,Education,expense,1
dầu gội bưởi mọc tóc ngon nhức nách #5084 120 ngàn,Beauty,expense,1
tiền lãi đầu tư coin ét ô ét #9970 9.3tr,Business,income,1
kem chống nắng nâng tông ầm ầm #724 232k,Beauty,expense,1
nước hoa mini ngon nhức nách 458.000 đồng,Beauty,expense,1
mua khóa học tik tok master chill chill #802 16k,Education,expense,1
tiền nhận từ booking quảng cáo đỉnh nóc kịch trần #5864 5.8củ,Business,income,1
mua bao cao su durex cháy phố #3029 316k,Health,expense,1
thưởng nóng từ sếp healing 13.9củ,Bonus,income,1
sửa vòi nước hỏng mlem mlem 342 ngàn,Housing,expense,1
cà phê muối vibe đỉnh 128 cành,Food,expense,1
vé concert anh trai healing 344 cành,Entertainment,expense,1
serum trị mụn mlem mlem 80 ngàn,Beauty,expense,1
sticker dán laptop slay #2512 127 cành,Shopping,expense,1
mua nước lau sàn thơm mlem mlem 88 ngàn,Housing,expense,1
thu nhập affliate tiktok shop slay #8489 10.8củ,Business,income,1
mua bút highlight #9975 188 ngàn,Education,expense,1
mua trà hoa cúc ngủ ngon hết nấc 97.000 đồng,Health,expense,1
nước cốt xương chill chill #691 199k,Food,expense,1
quyên góp từ thiện chống lũ kiếp nạn thứ 82 #6344 375.000 đồng,Charity,expense,1
tiền nhận từ booking quảng cáo đỉnh nóc kịch trần #8393 226K,Business,income,1
học phí học lái xe ô tô over hợp #7349 464K,Education,expense,1
ức gà ăn kiêng kiếp nạn thứ 82 #9630 165k,Food,expense,1
mua game trên steam cháy phố #1620 257k,Entertainment,expense,1
mua trà hoa cúc ngủ ngon kiếp nạn thứ 82 400K,Health,expense,1
đế đỡ điện thoại gét gô #2659 379k,Shopping,expense,1
tiền thưởng kpi tháng vibe đỉnh #7454 4637 ngàn,Bonus,income,1
lương admin fanpage vibe đỉnh 8.133.000 đồng,Salary,income,1
popmart blindbox 462 cành,Shopping,expense,1
lương admin fanpage chill chill #3450 4982 ngàn,Salary,income,1
thưởng nhân viên xuất sắc gét gô #2124 14399K,Bonus,income,1
yến mạch giảm cân over hợp 164k,Food,expense,1
popmart blindbox ầm ầm 245 cành,Shopping,expense,1
mì tôm hảo hảo over hợp #3759 189 ngàn,Food,expense,1
lãi gửi tiết kiệm ngân hàng ét ô ét #9809 868K,Business,income,1
mua máy sấy tóc gét gô #2411 263 cành,Housing,expense,1
mua sách tiếng anh mua mlem mlem 250k,Education,expense,1
chì kẻ mày phẩy sợi gét gô 319.000 đồng,Beauty,expense,1
vibe hôm nay heal lắm,Social,expense,0
trà sữa phê la xu cà na #4822 305k,Food,expense,1
tai nghe bluetooth chụp tai xu cà na 355k,Shopping,expense,1
tokbokki phô mai hết nấc 317 ngàn,Food,expense,1
xiên bẩn slay #2568 117k,Food,expense,1
tiền bố mẹ tiếp tế vibe đỉnh 11.2Tr,Business,income,1
kệ để đồ mĩ phẩm xịn xò #1997 220 cành,Shopping,expense,1
thảm lau chân dễ thương flexing #7993 360k,Shopping,expense,1
tiền mua đồ thắp hương over hợp #7345 54 ngàn,Investment,expense,1
củ sạc nhanh baseus đỉnh nóc kịch trần #3224 383K,Shopping,expense,1
nước cốt xương kiếp nạn thứ 82 25.000 đồng,Food,expense,1
thưởng sinh nhật công ty ầm ầm #3559 10.2tr,Bonus,income,1
trà sữa phúc long ét ô ét #5110 395k,Food,expense,1
tiền phạt vi phạm giao thông cháy phố #1774 189 cành,Transport,expense,1
thịt bò ba chỉ hết nấc 276k,Food,expense,1
kem dưỡng phục hồi b5 cứu rỗi tâm hồn #911 322k,Beauty,expense,1
chốt đơn hoodie oversize vô tri 252k,Shopping,expense,1
mua thuốc uống cảm cúm vô tri #8963 84k,Health,expense,1
thưởng nhân viên xuất sắc chill chill #5312 2.2Tr,Bonus,income,1
thưởng nhân viên xuất sắc 12.6tr,Bonus,income,1
hủ tiếu gõ cháy phố #2654 346.000 đồng,Food,expense,1
highlands phindi flexing #417 30k,Food,expense,1
mua bao cao su durex gét gô #5480 220k,Health,expense,1
yến mạch giảm cân xịn xò #1250 500 cành,Food,expense,1
tiền bonus từ khách hàng kiếp nạn thứ 82 #6145 10.9Tr,Bonus,income,1
thưởng ngày lễ 30/4 over hợp #2956 2.7tr,Bonus,income,1
gọi bebike đi học mlem mlem #2715 461k,Transport,expense,1
chì kẻ mày phẩy sợi slay #2396 408 ngàn,Beauty,expense,1
mặt nạ đất sét #4863 208 cành,Beauty,expense,1
nhận lương viết content vô tri #790 9243 cành,Salary,income,1
vé xem phim cgv vô tri #8881 21k,Entertainment,expense,1
vé xem phim cgv over hợp #8815 486k,Entertainment,expense,1
tiền mạng internet wifi cứu rỗi tâm hồn 43k,Housing,expense,1
gấu bông labubu xu cà na 309k,Shopping,expense,1
tiền bao người yêu đi ăn xu cà na #6092 148.000 đồng,Social,expense,1
nhận lương chạy grab kịch sàn over hợp #7558 4426 ngàn,Salary,income,1
gà tắm sốt ét ô ét 285k,Food,expense,1
gà tắm sốt ầm ầm #1510 249k,Food,expense,1
dầu gió xanh cứu cánh 66 ngàn,Health,expense,1
đi chợ đầu mối hết nấc #3109 418 cành,Shopping,expense,1
dầu gió xanh cứu cánh flexing 88k,Health,expense,1
tiền cà phê giao lưu đối tác vibe đỉnh 155k,Investment,expense,1
đi siêu thị go sắm đồ cứu rỗi tâm hồn #1964 141k,Shopping,expense,1
tiền cho bạn vay giờ đòi được gét gô #5578 2594 ngàn,Business,income,1
gửi xe trung tâm thương mại xu cà na #8920 129k,Transport,expense,1
nước tẩy trang bioderma mlem mlem #7519 175 cành,Beauty,expense,1
tiền gửi xe hàng tháng flexing 181k,Investment,expense,1
thay dầu nhớt castrol over hợp 443.000 đồng,Transport,expense,1
gấu bông labubu xu cà na #124 416 ngàn,Shopping,expense,1
xin review quán này với,Entertainment,expense,0
vớ tất cao cổ ầm ầm #6063 408k,Shopping,expense,1
bút calligraphy vô tri #6734 353K,Shopping,expense,1
mua đồ tiktok shop vô tri #6148 102.000 đồng,Shopping,expense,1
mua khóa học tik tok master ầm ầm 425K,Education,expense,1
đu đỉnh coin xu cà na #3181 307k,Investment,expense,1
sửa vòi nước hỏng slay #2591 263k,Housing,expense,1
bảo dưỡng xe máy flexing #5697 364K,Transport,expense,1
gói khám sức khỏe tổng quát healing #7079 293k,Health,expense,1
vé xem phim cgv ầm ầm #1757 368 ngàn,Entertainment,expense,1
tokbokki phô mai kiếp nạn thứ 82 261 cành,Food,expense,1
mua tài liệu ôn thi ét ô ét 207 cành,Education,expense,1
nạp vip spotify #8881 16 ngàn,Entertainment,expense,1
son tint bóng 71K,Beauty,expense,1
mua thuốc uống cảm cúm hết nấc 41k,Health,expense,1
đăng ký lớp yoga đỉnh nóc kịch trần #8456 298 cành,Education,expense,1
chốt đơn túi xách đeo chéo cứu rỗi tâm hồn #4327 100.000 đồng,Shopping,expense,1
trà sữa phúc long xịn xò 211k,Food,expense,1
thu nhập từ kênh youtube slay #7452 14.6củ,Business,income,1
tiền cọc phòng trọ kiếp nạn thứ 82 #2034 71k,Housing,expense,1
chúc mừng sinh nhật nhé,Housing,expense,0
thưởng chuyên cần flexing #2734 6814 ngàn,Bonus,income,1
lương làm mẫu ảnh gét gô #3301 14337k,Salary,income,1
kẹp bấm mi xịn hết nấc 221k,Beauty,expense,1
thẻ xe bus điện vinbus xu cà na 215 cành,Transport,expense,1
mua game trên steam đỉnh nóc kịch trần #8735 167k,Entertainment,expense,1
mua trà hoa cúc ngủ ngon gét gô #778 51k,Health,expense,1
thảm lau chân dễ thương ầm ầm #5743 193k,Shopping,expense,1
tiền cọc phòng trọ kiếp nạn thứ 82 #5454 365k,Housing,expense,1
ơm tấm sườn bì chả ngon nhức nách 452 ngàn,Food,expense,1
đóng tiền phạt muộn 407k,Investment,expense,1
khóa học tiếng anh ielts over hợp 189 cành,Education,expense,1
tiền điện nước giá kinh hoàng ét ô ét #4315 407k,Housing,expense,1
k buffet ngon nhức nách #8626 448K,Food,expense,1
thu nhập từ kênh youtube vibe đỉnh #3159 3.977.000 đồng,Business,income,1
học phí đại học khóc thét cháy phố #2338 107k,Education,expense,1
học phí khóa học photoshop vibe đỉnh #5295 25k,Education,expense,1
vớ tất cao cổ over hợp 66K,Shopping,expense,1
mua game trên steam xu cà na #7374 497k,Entertainment,expense,1
sinh tố bơ ngon ngậy đỉnh nóc kịch trần 214k,Food,expense,1
tiền thưởng kpi tháng chill chill #9612 4.054.000 đồng,Bonus,income,1
đu đỉnh chứng khoán ầm ầm 114.000 đồng,Investment,expense,1
hủ tiếu gõ flexing #7420 214K,Food,expense,1
highlands phindi healing #9464 403k,Food,expense,1
đóng tiền phạt muộn ngon nhức nách #6446 324k,Investment,expense,1
thưởng nhân viên xuất sắc healing #3800 11525 cành,Bonus,income,1
lương thực tập sinh bèo bọt mlem mlem 10.6Tr,Salary,income,1
hạt granola chill chill 94k,Food,expense,1
nước hoa mini gét gô #1133 163k,Beauty,expense,1
gà tắm sốt cháy phố #562 473 cành,Food,expense,1
đi bar pub quẩy cứu rỗi tâm hồn 412k,Entertainment,expense,1
hát karaoke cháy máy over hợp #5762 178k,Entertainment,expense,1
lương part-time rủng rỉnh mlem mlem #3455 11.5tr,Salary,income,1
mua tài liệu ôn thi cứu rỗi tâm hồn #2290 439K,Education,expense,1
thu nhập affliate tiktok shop xu cà na #9939 5844 ngàn,Business,income,1
mua trà hoa cúc ngủ ngon cháy phố #2710 66 cành,Health,expense,1
sushi băng chuyền ầm ầm #4702 84 cành,Food,expense,1
săn áo thun t-shirt slay 485 ngàn,Shopping,expense,1
tiền nhổ răng khôn khóc thét hết nấc #1929 260k,Health,expense,1
khoai lang mật healing 482k,Food,expense,1
thưởng vượt doanh số vibe đỉnh 3386 ngàn,Bonus,income,1
phòng lướt net net cỏ xịn xò 357K,Entertainment,expense,1
chốt đơn túi xách đeo chéo vibe đỉnh #1166 70k,Shopping,expense,1
mua thực phẩm chức năng omega3 hết nấc #5444 449k,Health,expense,1
bún đậu mắm tôm ngon nhức nách,Social,expense,0
thưởng vượt doanh số ầm ầm #8627 12828 ngàn,Bonus,income,1
phòng lướt net net cỏ healing #5820 475k,Entertainment,expense,1
sữa chua hy lạp kiếp nạn thứ 82 119K,Food,expense,1
mua đồ tiktok shop flexing 332k,Shopping,expense,1
tiền xăng xe tay ga cháy phố 59k,Transport,expense,1
chi phí đổi căn cước công dân kiếp nạn thứ 82 #6945 64k,Investment,expense,1
sữa chua hy lạp chill chill #5693 252k,Food,expense,1
nước hoa mini xịn xò 412 cành,Beauty,expense,1
tiền mừng cưới bạn thân ầm ầm #4411 12k,Social,expense,1
đăng ký test toeic #3438 447 cành,Education,expense,1
kem dưỡng phục hồi b5 cháy phố #5934 201k,Beauty,expense,1
thưởng tết âm lịch ấm áp ét ô ét #6088 2804 ngàn,Bonus,income,1
sơn móng tay gel flexing #2560 256 cành,Beauty,expense,1
tiền đóng bảo hiểm y tế 231K,Health,expense,1
son tint bóng ầm ầm 438k,Beauty,expense,1
tiền lãi đầu tư coin over hợp 7.6Tr,Business,income,1
sushi băng chuyền cứu rỗi tâm hồn 39K,Food,expense,1
đế đỡ điện thoại cháy phố 159k,Shopping,expense,1
bảng mắt màu khói vibe đỉnh #9944 489K,Beauty,expense,1
mua khẩu trang 4d xịn xò #3351 479k,Health,expense,1
trà sữa phúc long vibe đỉnh #9375 423k,Food,expense,1
vitamin c trắng da vibe đỉnh #2789 277k,Health,expense,1
lương làm mẫu ảnh đỉnh nóc kịch trần #2229 3645K,Salary,income,1
sơn móng tay gel healing #4698 276k,Beauty,expense,1
chốt đơn hoodie oversize flexing #6115 27k,Shopping,expense,1
ai đi cf không,Housing,expense,0
tiền nhận từ booking quảng cáo xu cà na #9589 13104 ngàn,Business,income,1
thuốc nhỏ mũi xịt slay #1751 498k,Health,expense,1
phòng lướt net net cỏ xu cà na #429 279 ngàn,Entertainment,expense,1
lương part-time rủng rỉnh kiếp nạn thứ 82 6.531.000 đồng,Salary,income,1
vào rạp chiếu phim lotte ầm ầm 348 ngàn,Entertainment,expense,1
thưởng tết âm lịch ấm áp xu cà na #3456 6.5Tr,Bonus,income,1
sữa chua hy lạp đỉnh nóc kịch trần 445.000 đồng,Food,expense,1
đi siêu thị go sắm đồ xu cà na #6496 100 cành,Shopping,expense,1
gấu bông labubu xu cà na #6759 235K,Shopping,expense,1
học phí học lái xe ô tô over hợp #9290 380k,Education,expense,1
chốt đơn shopee live over hợp #7568 443 cành,Shopping,expense,1
chốt đơn chưa bồ ơi,Entertainment,expense,0
tiền thưởng kpi tháng gét gô 3325k,Bonus,income,1
mua đồ về làm mukbang slay #9002 43k,Food,expense,1
chốt đơn túi xách đeo chéo ầm ầm 298 ngàn,Shopping,expense,1
trà sữa phê la ầm ầm #8100 153 cành,Food,expense,1
dầu gió xanh cứu cánh slay 55k,Health,expense,1
mì tôm hảo hảo đỉnh nóc kịch trần #4338 370.000 đồng,Food,expense,1
son tint bóng cháy phố 232k,Beauty,expense,1
đế đỡ điện thoại healing 152k,Shopping,expense,1
sơn móng tay gel kiếp nạn thứ 82 #847 100k,Beauty,expense,1
gói khám sức khỏe tổng quát chill chill #4465 125 ngàn,Health,expense,1
vé xe limousine về quê vibe đỉnh #9347 75k,Transport,expense,1
nước hoa mini hết nấc 137k,Beauty,expense,1
nước ngọt coca zero xu cà na 380.000 đồng,Food,expense,1
nước khoáng aquafina ngon nhức nách 347.000 đồng,Food,expense,1
bia chill cùng bạn kiếp nạn thứ 82 #3959 370K,Food,expense,1
tiền nhổ răng khôn khóc thét slay #5810 284K,Health,expense,1
tiền quỹ nhóm chia đều cháy phố #4194 2.869.000 đồng,Business,income,1
bánh tráng phơi sương vô tri #2335 61.000 đồng,Food,expense,1
tiền lãi đầu tư coin ầm ầm 5119k,Business,income,1
bạc sỉu đá ét ô ét #9176 351 ngàn,Food,expense,1
vào rạp chiếu phim lotte flexing 117.000 đồng,Entertainment,expense,1
thưởng ngày lễ 30/4 kiếp nạn thứ 82 #6334 2.3củ,Bonus,income,1
lãi gửi tiết kiệm ngân hàng healing 12.0Tr,Business,income,1
mua bút highlight healing #5900 70k,Education,expense,1
bắt grabcar đi tiệc flexing #4277 490k,Transport,expense,1
mua quần jean ống rộng slay #4573 223 cành,Shopping,expense,1
chơi boardgame cùng hội bạn mlem mlem 380k,Entertainment,expense,1
bạc sỉu đá flexing #1100 370k,Food,expense,1
kem chống nắng nâng tông chill chill #4064 105k,Beauty,expense,1
hôm nay trời đẹp ghê,Housing,expense,0
cushion che khuyết điểm mlem mlem #4875 47k,Beauty,expense,1
bình giữ nhiệt stanley chill chill #137 218k,Shopping,expense,1
vé đi triển lãm nghệ thuật vô tri 37k,Entertainment,expense,1
lợi nhuận bán quần áo secondhand hết nấc #6325 4.9củ,Business,income,1
nem chua rán kiếp nạn thứ 82 #7088 227k,Food,expense,1
lương designer freelance chill chill #1736 958k,Salary,income,1
mì cay cấp độ 7 ngon nhức nách #7221 470k,Food,expense,1
đăng ký test toeic kiếp nạn thứ 82 383k,Education,expense,1
thuốc nhỏ mũi xịt healing 161k,Health,expense,1
săn sale kẹp tóc cứu rỗi tâm hồn 488K,Shopping,expense,1
tiền đóng bảo hiểm y tế healing #7859 404.000 đồng,Health,expense,1
tiền bán hàng shopee slay 9.336.000 đồng,Business,income,1
cushion che khuyết điểm xu cà na #2777 408K,Beauty,expense,1
rong biển cuộn cơm đỉnh nóc kịch trần 101 ngàn,Food,expense,1
nệm cao su non over hợp 250 ngàn,Housing,expense,1
tiền thưởng kpi tháng đỉnh nóc kịch trần #1644 8.4củ,Bonus,income,1
tiền lãi đầu tư coin ét ô ét #5608 1.8tr,Business,income,1
mua giày sneaker mlem đỉnh nóc kịch trần #5709 192.000 đồng,Shopping,expense,1
tiền quỹ nhóm chia đều ét ô ét #680 9.3củ,Business,income,1
bánh tráng trộn flexing #3888 424k,Food,expense,1
tiền gửi xe hàng tháng ét ô ét #2952 321 cành,Investment,expense,1
tiền quỹ lớp xịn xò #954 427k,Education,expense,1
thưởng vượt doanh số slay 9.036.000 đồng,Bonus,income,1
lương cứng mỗi tháng chill chill 14613 ngàn,Salary,income,1
thuốc nhỏ mũi xịt xu cà na #1132 76k,Health,expense,1
mua trà hoa cúc ngủ ngon gét gô #5474 447k,Health,expense,1
đăng ký lớp yoga chill chill #7350 460.000 đồng,Education,expense,1
mua quà tạ lỗi bồ vô tri 181.000 đồng,Social,expense,1
hôm nay trời đẹp ghê,Social,expense,0
bảng mắt màu khói over hợp #9337 225 ngàn,Beauty,expense,1
thu nhập affliate tiktok shop slay 5109 cành,Business,income,1
gét gô thôi anh em,Housing,expense,0
tiền bao người yêu đi ăn slay #2371 51K,Social,expense,1
trà đào cam sả flexing 389k,Food,expense,1
tiền cho bạn vay giờ đòi được hết nấc #5715 6217k,Business,income,1
popmart blindbox gét gô 467 cành,Shopping,expense,1
đăng ký test toeic ngon nhức nách #7250 305k,Education,expense,1
tiền cho bạn vay giờ đòi được vibe đỉnh #4999 2.0Tr,Business,income,1
mua phụ kiện vòng tay gét gô #6435 61 cành,Shopping,expense,1
vé concert anh trai xịn xò #2647 343.000 đồng,Entertainment,expense,1
thảm lau chân dễ thương cứu rỗi tâm hồn #9709 188k,Shopping,expense,1
ting ting lương công ty cứu rỗi tâm hồn #7605 1.5tr,Salary,income,1
gói netflix xem phim ầm ầm 339.000 đồng,Entertainment,expense,1
mua sách truyện manga over hợp 297k,Entertainment,expense,1
chốt đơn hoodie oversize healing 38K,Shopping,expense,1
chốt đơn hoodie oversize ầm ầm 127.000 đồng,Shopping,expense,1
thay dầu nhớt castrol kiếp nạn thứ 82 #434 408 cành,Transport,expense,1
bắt grabcar đi tiệc gét gô #7648 197k,Transport,expense,1
tiền mạng internet wifi slay #2174 195 cành,Housing,expense,1
ăn sập sình hết nấc #828 420k,Food,expense,1
túi sưởi mini kiếp nạn thứ 82 #3676 475.000 đồng,Shopping,expense,1
mua bút highlight slay 119k,Education,expense,1
đăng ký test toeic over hợp 359k,Education,expense,1
kệ để đồ mĩ phẩm slay 334k,Shopping,expense,1
khoai lang mật gét gô #3179 318k,Food,expense,1
đèn led hoàng hôn slay 332K,Shopping,expense,1
lương admin fanpage ầm ầm #330 3123 ngàn,Salary,income,1
tiền thuê phòng trọ ầm ầm #5920 479k,Housing,expense,1
thưởng tết âm lịch ấm áp ét ô ét 14457k,Bonus,income,1
lãi gửi tiết kiệm ngân hàng kiếp nạn thứ 82 #624 6.7củ,Business,income,1
đăng ký test toeic hết nấc #6545 137K,Education,expense,1
học phí đại học khóc thét mlem mlem #710 325k,Education,expense,1
cushion che khuyết điểm xịn xò #7105 74 ngàn,Beauty,expense,1
rau hữu cơ bách hóa xanh chill chill #6021 265k,Food,expense,1
tiền gửi xe hàng tháng flexing #1157 397 cành,Investment,expense,1
xin review quán này với,Housing,expense,0
săn sale kẹp tóc healing #9451 407 cành,Shopping,expense,1
k buffet slay #8597 193k,Food,expense,1
vớ tất cao cổ slay #8115 233.000 đồng,Shopping,expense,1
bán tài liệu học tập cũ vibe đỉnh #1395 10912 ngàn,Business,income,1
tiền cà phê giao lưu đối tác flexing #6933 345k,Investment,expense,1
ức gà ăn kiêng over hợp #343 192 ngàn,Food,expense,1
mua bông y tế tẩy trang ngon nhức nách 412k,Health,expense,1
tiền phạt vi phạm giao thông flexing #3857 15k,Transport,expense,1
matcha latte xịn sò ngon nhức nách #8432 190k,Food,expense,1
đăng ký test toeic mlem mlem 97k,Education,expense,1
bắt grabcar đi tiệc ét ô ét #2407 195.000 đồng,Transport,expense,1
đi bar pub quẩy hết nấc #4104 48k,Entertainment,expense,1
góp quỹ từ thiện trường healing #8807 83K,Charity,expense,1
lương thực tập sinh bèo bọt cứu rỗi tâm hồn #7250 9921k,Salary,income,1
thu nhập affliate tiktok shop đỉnh nóc kịch trần 6550k,Business,income,1
mua đồ tiktok shop xu cà na #6708 285k,Shopping,expense,1
mua khóa cửa vân tay #5837 491k,Housing,expense,1
lợi nhuận bán quần áo secondhand mlem mlem #6588 13.2củ,Business,income,1
mua phụ kiện vòng tay cứu rỗi tâm hồn #766 198 ngàn,Shopping,expense,1
nước ngọt coca zero ầm ầm #6294 343K,Food,expense,1
tiền sinh nhật đứa bạn flexing 443 cành,Social,expense,1
lương designer freelance vibe đỉnh #4438 10571K,Salary,income,1
lương cứng mỗi tháng kiếp nạn thứ 82 4.6Tr,Salary,income,1
nệm cao su non xịn xò 64 ngàn,Housing,expense,1
mua nước lau sàn thơm healing #255 255k,Housing,expense,1
tiền xăng xe tay ga gét gô #7671 418 ngàn,Transport,expense,1
tiền chung cư mini xu cà na 339k,Housing,expense,1
quyên góp từ thiện chống lũ flexing 207k,Charity,expense,1
rau hữu cơ bách hóa xanh flexing 347k,Food,expense,1
mua bông y tế tẩy trang kiếp nạn thứ 82 #1371 254k,Health,expense,1
thưởng vượt doanh số hết nấc #1926 14677K,Bonus,income,1
bánh tráng phơi sương gét gô #3292 465K,Food,expense,1
gấu bông labubu cháy phố #9270 388k,Shopping,expense,1
đi siêu thị go sắm đồ hết nấc 385k,Shopping,expense,1
mua bút highlight cứu rỗi tâm hồn #498 287k,Education,expense,1
mua máy sấy tóc ét ô ét #1829 321 ngàn,Housing,expense,1
thu nhập affliate tiktok shop flexing #5883 3100 ngàn,Business,income,1
mua sách truyện manga vibe đỉnh #1035 484 cành,Entertainment,expense,1
thảm lau chân dễ thương ét ô ét #1252 378k,Shopping,expense,1
lương admin fanpage gét gô #9572 14163k,Salary,income,1
túi sưởi mini over hợp #4048 67k,Shopping,expense,1
tiền mạng internet wifi mlem mlem 262K,Housing,expense,1
dầu gội bưởi mọc tóc xịn xò #8066 36K,Beauty,expense,1
đi chill acoustic flexing 358 ngàn,Entertainment,expense,1
nạp vip spotify ét ô ét #2111 207 cành,Entertainment,expense,1
chốt đơn shopee live mlem mlem #2029 200k,Shopping,expense,1
lương làm trợ giảng #2151 10.302.000 đồng,Salary,income,1
đăng ký lớp yoga xịn xò #6896 500K,Education,expense,1
gửi xe trung tâm thương mại ét ô ét 162k,Transport,expense,1
k buffet slay #6215 380.000 đồng,Food,expense,1
lương thực tập sinh bèo bọt ét ô ét #3704 5.1Tr,Salary,income,1
nước tẩy trang bioderma vibe đỉnh 174.000 đồng,Beauty,expense,1
chốt đơn túi xách đeo chéo kiếp nạn thứ 82 418 cành,Shopping,expense,1
tiền nhổ răng khôn khóc thét slay #7932 111k,Health,expense,1
vào rạp chiếu phim lotte cứu rỗi tâm hồn #8892 233.000 đồng,Entertainment,expense,1
rửa xe máy sạch bong ét ô ét 195k,Transport,expense,1
lẩu haidilao healing #4216 405 ngàn,Food,expense,1
bạc sỉu đá mlem mlem #9806 391.000 đồng,Food,expense,1
mua quà tạ lỗi bồ vô tri #6641 61K,Social,expense,1
trà đào cam sả ét ô ét 342 ngàn,Food,expense,1
k buffet xịn xò 498 ngàn,Food,expense,1
thảm lau chân dễ thương ét ô ét 432k,Shopping,expense,1
ơm tấm sườn bì chả flexing #926 145 ngàn,Food,expense,1
bánh tráng phơi sương ngon nhức nách 303k,Food,expense,1
đăng ký lớp yoga gét gô #3239 146k,Education,expense,1
đế đỡ điện thoại vibe đỉnh #9159 158k,Shopping,expense,1
nem chua rán vô tri #3438 258 ngàn,Food,expense,1
gà rán jollibee vibe đỉnh 64.000 đồng,Food,expense,1
đi bar pub quẩy ầm ầm 186 ngàn,Entertainment,expense,1
đăng ký test toeic xu cà na #9923 13 ngàn,Education,expense,1
sữa chua hy lạp cháy phố #8538 357K,Food,expense,1
mua khóa học udemy healing 429 cành,Education,expense,1
nước khoáng aquafina hết nấc 445k,Food,expense,1
lãi gửi tiết kiệm ngân hàng xu cà na #2275 11.7củ,Business,income,1
mua game trên steam vibe đỉnh 409k,Entertainment,expense,1
nước khoáng aquafina đỉnh nóc kịch trần 194 ngàn,Food,expense,1
phí dịch vụ chung cư mlem mlem #1165 397k,Housing,expense,1
đèn led hoàng hôn kiếp nạn thứ 82 177k,Shopping,expense,1
học phí đại học khóc thét flexing 284k,Education,expense,1
nem chua rán flexing #7569 325k,Food,expense,1
sticker dán laptop #8892 205k,Shopping,expense,1
lương designer freelance hết nấc #7277 387k,Salary,income,1
lãi gửi tiết kiệm ngân hàng vibe đỉnh #9882 13.4tr,Business,income,1
tiền thưởng kpi tháng slay #6893 14.6củ,Bonus,income,1
mua quà tạ lỗi bồ slay 206K,Social,expense,1
mua thực phẩm chức năng omega3 slay #6838 65 ngàn,Health,expense,1
highlands phindi ầm ầm #4413 131 cành,Food,expense,1
sushi băng chuyền healing 60k,Food,expense,1
trà sữa phê la ngon nhức nách #3245 73k,Food,expense,1
mua thuốc uống cảm cúm ngon nhức nách #9845 397k,Health,expense,1
vé xem phim cgv ét ô ét 110K,Entertainment,expense,1
ức gà ăn kiêng mlem mlem #332 48k,Food,expense,1
trà đào cam sả hết nấc 126 cành,Food,expense,1
tiền quỹ lớp cháy phố #6757 121 cành,Education,expense,1
thay dầu nhớt castrol over hợp #567 363k,Transport,expense,1
gấu bông labubu mlem mlem #787 197.000 đồng,Shopping,expense,1
trà chanh giã tay vô tri #2911 53k,Food,expense,1
trà sữa gongcha hết nấc #7227 123k,Food,expense,1
matcha latte xịn sò cứu rỗi tâm hồn 417k,Food,expense,1
bạc sỉu đá chill chill #8837 120k,Food,expense,1
in tài liệu tiểu luận #3339 13k,Education,expense,1
tiền lãi chứng khoán nổ hũ ét ô ét #1917 13648 cành,Business,income,1
đèn led hoàng hôn cứu rỗi tâm hồn #6477 382k,Shopping,expense,1
yến mạch giảm cân hết nấc #4000 411 cành,Food,expense,1
chốt đơn shopee live chill chill #3740 490 cành,Shopping,expense,1
nem chua rán xịn xò #2689 464k,Food,expense,1
mua quà tạ lỗi bồ vô tri #9305 229k,Social,expense,1
săn sale kẹp tóc ngon nhức nách #5313 53 ngàn,Shopping,expense,1
rau hữu cơ bách hóa xanh cháy phố #7388 125k,Food,expense,1
ơm tấm sườn bì chả chill chill #2596 26K,Food,expense,1
đu đỉnh coin đỉnh nóc kịch trần #5111 486k,Investment,expense,1
mua đồ tiktok shop hết nấc #3656 467 cành,Shopping,expense,1
thưởng sinh nhật công ty slay #8362 6.023.000 đồng,Bonus,income,1
quạt tích điện để bàn xu cà na 132K,Shopping,expense,1
đi chợ đầu mối kiếp nạn thứ 82 #5793 463k,Shopping,expense,1
lương thực tập sinh bèo bọt vibe đỉnh #9153 13737 cành,Salary,income,1
sửa vòi nước hỏng vibe đỉnh #7414 309k,Housing,expense,1
thuê xe máy đi phượt ét ô ét #1244 34K,Transport,expense,1
tiền lì xì tết tốn kém #4085 95k,Investment,expense,1
tiền quỹ nhóm chia đều mlem mlem #8226 13.7tr,Business,income,1
đặt xe grabbike gét gô #7048 156 cành,Transport,expense,1
sushi băng chuyền #5881 58K,Food,expense,1
lương admin fanpage gét gô #685 12409 ngàn,Salary,income,1
lương làm trợ giảng xu cà na #9727 12.9Tr,Salary,income,1
lương admin fanpage #6993 12223k,Salary,income,1
khoai lang mật hết nấc #9837 384k,Food,expense,1
nhận lương viết content slay #7382 2.2Tr,Salary,income,1
tiền đóng bảo hiểm y tế slay #178 175K,Health,expense,1
nhận lương viết content hết nấc #8422 5.760.000 đồng,Salary,income,1
tiền cho bạn vay giờ đòi được #2131 879 cành,Business,income,1
mua bao cao su durex ngon nhức nách #6936 474k,Health,expense,1
lương part-time rủng rỉnh mlem mlem #6924 13746 cành,Salary,income,1
bình giữ nhiệt stanley ét ô ét #9285 382 ngàn,Shopping,expense,1
thưởng nhân viên xuất sắc ầm ầm #554 6.3Tr,Bonus,income,1
thưởng chuyên cần gét gô 13710 cành,Bonus,income,1
nước ngọt coca zero hết nấc #7765 304 ngàn,Food,expense,1
thưởng nóng từ sếp slay #8267 11919K,Bonus,income,1
thưởng tết âm lịch ấm áp ầm ầm 3.5tr,Bonus,income,1
vớ tất cao cổ flexing 100 cành,Shopping,expense,1
nạp thẻ game liên quân hết nấc #6695 403k,Entertainment,expense,1
sticker dán laptop cháy phố #9427 185k,Shopping,expense,1
chì kẻ mày phẩy sợi ét ô ét 432 ngàn,Beauty,expense,1
khóa học tiếng anh ielts flexing #5168 111k,Education,expense,1
tiền khám bệnh phòng khám flexing #9801 24k,Health,expense,1
tiền thuê phòng trọ healing 280.000 đồng,Housing,expense,1
phòng lướt net net cỏ kiếp nạn thứ 82 #9051 370k,Entertainment,expense,1
mua thuốc nhỏ mắt len vibe đỉnh #4637 177k,Health,expense,1
tiền bán hàng shopee chill chill 9.821.000 đồng,Business,income,1
tiền bonus từ khách hàng xu cà na #1176 11178 cành,Bonus,income,1
mua nước lau sàn thơm ngon nhức nách 495k,Housing,expense,1
phở cuốn vibe đỉnh #9902 165K,Food,expense,1
thẻ xe bus điện vinbus kiếp nạn thứ 82 #5939 320.000 đồng,Transport,expense,1
tiền bán hàng shopee ầm ầm 7506 cành,Business,income,1
tiền donate livestream vibe đỉnh #1301 4.519.000 đồng,Business,income,1
tai nghe bluetooth chụp tai healing #3324 307k,Shopping,expense,1
lương designer freelance vô tri 12111 ngàn,Salary,income,1
đi đu idol kpop cứu rỗi tâm hồn #5673 238k,Entertainment,expense,1
đu đỉnh coin cứu rỗi tâm hồn #3096 418k,Investment,expense,1
thưởng sinh nhật công ty kiếp nạn thứ 82 #6683 14.6tr,Bonus,income,1
kem dưỡng phục hồi b5 hết nấc #3456 431k,Beauty,expense,1
sinh tố bơ ngon ngậy healing #4971 490k,Food,expense,1
kẹp bấm mi xịn flexing #7400 188.000 đồng,Beauty,expense,1
mua đồ tiktok shop cháy phố 150k,Shopping,expense,1
củ sạc nhanh baseus ngon nhức nách 449k,Shopping,expense,1
rong biển cuộn cơm #2251 345 cành,Food,expense,1
mua bông y tế tẩy trang chill chill #2277 180k,Health,expense,1
phòng lướt net net cỏ vô tri #7017 474k,Entertainment,expense,1
lương làm mẫu ảnh healing #7556 10747k,Salary,income,1
đi bar pub quẩy gét gô #2126 255.000 đồng,Entertainment,expense,1
nước cốt xương ét ô ét #2764 180 cành,Food,expense,1
tiền mạng internet wifi flexing #2382 358K,Housing,expense,1
mua khóa học udemy over hợp #5475 39k,Education,expense,1
mua máy sấy tóc cháy phố 58k,Housing,expense,1
góp quỹ từ thiện trường healing 343k,Charity,expense,1
lương làm trợ giảng vô tri #8570 4490k,Salary,income,1
sinh tố bơ ngon ngậy gét gô #6971 156k,Food,expense,1
serum trị mụn ét ô ét 238 ngàn,Beauty,expense,1
ức gà ăn kiêng ét ô ét #5324 424k,Food,expense,1
trà sữa phê la chill chill 70.000 đồng,Food,expense,1
mua nước lau sàn thơm #8929 263k,Housing,expense,1
hôm nay trời đẹp ghê,Entertainment,expense,0
bạc sỉu đá healing 247k,Food,expense,1
nước tẩy trang bioderma ầm ầm #8854 164k,Beauty,expense,1
bảng mắt màu khói ầm ầm #2787 341.000 đồng,Beauty,expense,1
tiền nhổ răng khôn khóc thét vô tri 282 cành,Health,expense,1
ting ting lương công ty hết nấc #615 8.0Tr,Salary,income,1
dầu gió xanh cứu cánh xu cà na #9167 477 ngàn,Health,expense,1
mua game trên steam ét ô ét #1635 269k,Entertainment,expense,1
tiền mừng cưới bạn thân chill chill #2919 391k,Social,expense,1
rửa xe máy sạch bong vô tri #4781 19K,Transport,expense,1
lệ phí thi lại môn gét gô #5025 58 ngàn,Education,expense,1
chốt đơn túi xách đeo chéo đỉnh nóc kịch trần #6925 56K,Shopping,expense,1
mua bút highlight hết nấc #5615 387.000 đồng,Education,expense,1
nạp thẻ game liên quân ét ô ét #6485 484.000 đồng,Entertainment,expense,1
củ sạc nhanh baseus #4582 146k,Shopping,expense,1
kem dưỡng phục hồi b5 cứu rỗi tâm hồn #5431 330k,Beauty,expense,1
bảo dưỡng xe máy gét gô #4204 411.000 đồng,Transport,expense,1
mua thuốc uống cảm cúm chill chill 433 ngàn,Health,expense,1
phí dịch vụ chung cư kiếp nạn thứ 82 #8682 94k,Housing,expense,1
tiền lãi đầu tư coin xịn xò #1677 9.7tr,Business,income,1
mua vàng tích trữ kiếp nạn thứ 82 #3016 431.000 đồng,Investment,expense,1
mua tài liệu ôn thi xịn xò #6488 489 ngàn,Education,expense,1
highlands phindi cháy phố 446 cành,Food,expense,1
bánh tráng trộn hết nấc #8528 280k,Food,expense,1
mua đồ về làm mukbang vô tri #5367 486.000 đồng,Food,expense,1
ức gà ăn kiêng vô tri 456k,Food,expense,1
cushion che khuyết điểm kiếp nạn thứ 82 #331 476K,Beauty,expense,1
lợi nhuận bán quần áo secondhand ầm ầm #8902 14.5Tr,Business,income,1
thưởng ngày lễ 30/4 chill chill 4.2tr,Bonus,income,1
rau hữu cơ bách hóa xanh vibe đỉnh #5680 64k,Food,expense,1
mua game trên steam ét ô ét 197K,Entertainment,expense,1
thưởng sinh nhật công ty flexing 3925K,Bonus,income,1
thịt bò ba chỉ cứu rỗi tâm hồn #8762 239 ngàn,Food,expense,1
học phí học lái xe ô tô healing #1141 173.000 đồng,Education,expense,1
tiền thuê phòng trọ đỉnh nóc kịch trần 353.000 đồng,Housing,expense,1
lương part-time rủng rỉnh flexing #8774 1842k,Salary,income,1
thưởng nhân viên xuất sắc healing #5257 901k,Bonus,income,1
lương admin fanpage healing #8596 5.9Tr,Salary,income,1
serum trị mụn chill chill #2243 474k,Beauty,expense,1
mua bút highlight vô tri #8834 287 cành,Education,expense,1
tủ quần áo lắp ráp cháy phố 381 ngàn,Housing,expense,1
thu nhập affliate tiktok shop chill chill 7.225.000 đồng,Business,income,1
mua thuốc nhỏ mắt len slay #5495 305k,Health,expense,1
bia chill cùng bạn cứu rỗi tâm hồn 66.000 đồng,Food,expense,1
tiền thưởng kpi tháng chill chill 11.1tr,Bonus,income,1
yến mạch giảm cân cháy phố #3323 231 cành,Food,expense,1
tủ quần áo lắp ráp mlem mlem #1135 296 ngàn,Housing,expense,1
kimbap siêu dài hết nấc 10 ngàn,Food,expense,1
nước ép hoa quả healthy chill chill #9915 486k,Food,expense,1
mua sách truyện manga xịn xò #8844 301 cành,Entertainment,expense,1
rau hữu cơ bách hóa xanh vibe đỉnh #3943 55k,Food,expense,1
quyên góp từ thiện chống lũ đỉnh nóc kịch trần #3748 179K,Charity,expense,1
thưởng sinh nhật công ty kiếp nạn thứ 82 14.9Tr,Bonus,income,1
đóng tiền phạt muộn đỉnh nóc kịch trần 212k,Investment,expense,1
nước cốt xương ét ô ét #1169 330k,Food,expense,1
tiền nhổ răng khôn khóc thét gét gô #8595 267 ngàn,Health,expense,1
nước cốt xương ét ô ét 345.000 đồng,Food,expense,1
học phí đại học khóc thét cháy phố #6052 429 ngàn,Education,expense,1
mua thuốc nhỏ mắt len ầm ầm 419 cành,Health,expense,1
cơm hộp tiện lợi xịn xò #1131 170k,Food,expense,1
bình giữ nhiệt stanley ầm ầm 341k,Shopping,expense,1
phở cuốn 33 ngàn,Food,expense,1
mua quà tạ lỗi bồ slay #7192 264 ngàn,Social,expense,1
đi bar pub quẩy ét ô ét #1541 360 ngàn,Entertainment,expense,1
chốt đơn shopee live xịn xò #1047 34k,Shopping,expense,1
bảng mắt màu khói vibe đỉnh 187k,Beauty,expense,1
nhận lương chạy grab kịch sàn flexing #7975 3551k,Salary,income,1
thưởng sinh nhật công ty xịn xò #3415 2048k,Bonus,income,1
tiền trúng thưởng mini game đỉnh nóc kịch trần #7871 5772k,Business,income,1
tiền bán hàng shopee xu cà na 2636 ngàn,Business,income,1
xúc xích ăn liền xịn xò #7096 156k,Food,expense,1
thưởng tết âm lịch ấm áp kiếp nạn thứ 82 #3296 13695k,Bonus,income,1
xiên bẩn hết nấc 409k,Food,expense,1
thưởng vượt doanh số xịn xò 12.0tr,Bonus,income,1
bơ đậu phộng mlem mlem #5740 478 cành,Food,expense,1
sinh tố bơ ngon ngậy slay #3424 171 ngàn,Food,expense,1
nhận lương chạy grab kịch sàn ầm ầm #2966 5352k,Salary,income,1
thưởng ngày lễ 30/4 healing #7452 13.8củ,Bonus,income,1
quyên góp từ thiện chống lũ xịn xò 490k,Charity,expense,1
mua bông y tế tẩy trang slay 257 ngàn,Health,expense,1
tiền lãi chứng khoán nổ hũ mlem mlem #5391 6174 cành,Business,income,1
dầu gội bưởi mọc tóc chill chill #9582 354k,Beauty,expense,1
trà đào cam sả cháy phố 269k,Food,expense,1
hạt granola xu cà na #5983 389.000 đồng,Food,expense,1
mua khẩu trang 4d chill chill 205k,Health,expense,1
tiền đóng bảo hiểm y tế hết nấc 495 ngàn,Health,expense,1
vào rạp chiếu phim lotte vibe đỉnh 407k,Entertainment,expense,1
vé xe limousine về quê đỉnh nóc kịch trần 398 ngàn,Transport,expense,1
thưởng vượt doanh số hết nấc 711 ngàn,Bonus,income,1
nhận lương viết content vibe đỉnh 12.865.000 đồng,Salary,income,1
đã chuyển khoản quỹ chưa nhỉ,Food,expense,0
tiền lãi chứng khoán nổ hũ gét gô 605.000 đồng,Business,income,1
thẻ xe bus điện vinbus healing #1030 442 ngàn,Transport,expense,1
hủ tiếu gõ cứu rỗi tâm hồn 139k,Food,expense,1
lương làm trợ giảng đỉnh nóc kịch trần #2127 11681 cành,Salary,income,1
bình giữ nhiệt stanley ngon nhức nách 389k,Shopping,expense,1
tiền khám bệnh phòng khám ngon nhức nách 333k,Health,expense,1
túi sưởi mini xu cà na 428 ngàn,Shopping,expense,1
mua quà tạ lỗi bồ ngon nhức nách 177K,Social,expense,1
tiền quỹ lớp healing #2552 71k,Education,expense,1
mixue kem cây chill chill #2501 183 ngàn,Food,expense,1
tiền bonus từ khách hàng cháy phố #4866 797K,Bonus,income,1
mua cây decor phòng ngủ vô tri 435k,Housing,expense,1
nạp vip spotify vibe đỉnh 398k,Entertainment,expense,1
ting ting lương công ty vibe đỉnh #4085 5521 ngàn,Salary,income,1
rau hữu cơ bách hóa xanh mlem mlem #9727 199.000 đồng,Food,expense,1
son tint bóng vibe đỉnh 438k,Beauty,expense,1
đèn led hoàng hôn healing #9620 348K,Shopping,expense,1
bán tài liệu học tập cũ xu cà na #1630 11.9củ,Business,income,1
bánh tráng trộn xịn xò 71.000 đồng,Food,expense,1
thẻ xe bus điện vinbus #1419 127k,Transport,expense,1
tiền bán hàng shopee cứu rỗi tâm hồn 6501 cành,Business,income,1
mì cay cấp độ 7 đỉnh nóc kịch trần #5533 225K,Food,expense,1
thu nhập từ kênh youtube slay #7185 2.0củ,Business,income,1
lợi nhuận bán quần áo secondhand kiếp nạn thứ 82 #7725 7434K,Business,income,1
chi phí đổi căn cước công dân healing #7687 457k,Investment,expense,1
nạp vip spotify hết nấc #6656 390k,Entertainment,expense,1
nhận lương chạy grab kịch sàn kiếp nạn thứ 82 #9057 4.2củ,Salary,income,1
đu đỉnh chứng khoán vibe đỉnh #132 453k,Investment,expense,1
thưởng ngày lễ 30/4 vô tri #4338 10567 ngàn,Bonus,income,1
tiền vệ sinh rác thải cháy phố #1186 198k,Housing,expense,1
mua cây decor phòng ngủ slay #4684 404k,Housing,expense,1
tiền donate livestream cháy phố 1.1tr,Business,income,1
highlands phindi over hợp 291 cành,Food,expense,1
sinh tố bơ ngon ngậy cứu rỗi tâm hồn 381K,Food,expense,1
lương admin fanpage kiếp nạn thứ 82 #9801 6824 ngàn,Salary,income,1
mua kính râm thời trang healing 329k,Shopping,expense,1
ơm tấm sườn bì chả ầm ầm 80 cành,Food,expense,1
đi bar pub quẩy cháy phố #993 219.000 đồng,Entertainment,expense,1
tiền quỹ nhóm chia đều vô tri #7840 355k,Business,income,1
tiền cà phê giao lưu đối tác ét ô ét 286 ngàn,Investment,expense,1
thưởng tết âm lịch ấm áp ngon nhức nách #575 6418 cành,Bonus,income,1
tiền bonus từ khách hàng vibe đỉnh #4854 7203 ngàn,Bonus,income,1
sổ tay bullet journal cháy phố #4411 66 cành,Shopping,expense,1
mua quà tạ lỗi bồ ét ô ét #1189 199.000 đồng,Social,expense,1
lương làm trợ giảng ét ô ét 2902 cành,Salary,income,1
lợi nhuận bán quần áo secondhand gét gô 2424K,Business,income,1
học phí khóa học photoshop kiếp nạn thứ 82 303 cành,Education,expense,1
thưởng nóng từ sếp gét gô #9622 13952 ngàn,Bonus,income,1
bán tài liệu học tập cũ ét ô ét 13466K,Business,income,1
ơm tấm sườn bì chả xu cà na #7075 98 cành,Food,expense,1
phòng lướt net net cỏ ét ô ét 172 cành,Entertainment,expense,1
mua sách tiếng anh mua over hợp 313k,Education,expense,1
kệ để đồ mĩ phẩm kiếp nạn thứ 82 #3077 222k,Shopping,expense,1
bơ đậu phộng kiếp nạn thứ 82 #842 300k,Food,expense,1
bún bò huế full topping gét gô #7833 22k,Food,expense,1
mua nước lau sàn thơm cháy phố #4671 281 cành,Housing,expense,1
chốt đơn chưa bồ ơi,Social,expense,0
sữa rửa mặt cetaphil đỉnh nóc kịch trần 286 ngàn,Beauty,expense,1
thưởng vượt doanh số ngon nhức nách #4007 6.0Tr,Bonus,income,1
trà sữa gongcha flexing 497.000 đồng,Food,expense,1
nước ép hoa quả healthy xịn xò 404 cành,Food,expense,1
hủ tiếu gõ healing #3018 18.000 đồng,Food,expense,1
đi đu idol kpop cháy phố #472 373 ngàn,Entertainment,expense,1
đi bar pub quẩy chill chill #1776 343K,Entertainment,expense,1
mua thuốc nhỏ mắt len ngon nhức nách #9407 151 cành,Health,expense,1
bún đậu mắm tôm ngon nhức nách mlem mlem 285K,Food,expense,1
tiền nhận từ booking quảng cáo đỉnh nóc kịch trần 14.431.000 đồng,Business,income,1
bán tài liệu học tập cũ đỉnh nóc kịch trần #9987 8610 cành,Business,income,1
tiền trúng thưởng mini game slay 5982 ngàn,Business,income,1
mua đồ tiktok shop ầm ầm #2831 210 cành,Shopping,expense,1
tiền sinh nhật đứa bạn #292 19k,Social,expense,1
mua thực phẩm chức năng omega3 chill chill #1233 265.000 đồng,Health,expense,1
đóng tiền phạt muộn flexing 208k,Investment,expense,1
học phí đại học khóc thét #3299 381k,Education,expense,1
săn sale lazada 11.11 chill chill 478k,Shopping,expense,1
tiền đóng bảo hiểm y tế cứu rỗi tâm hồn #6096 271.000 đồng,Health,expense,1
thưởng nóng từ sếp over hợp 4319K,Bonus,income,1
kem chống nắng nâng tông vibe đỉnh 346K,Beauty,expense,1
mixue kem cây cứu rỗi tâm hồn #7427 207k,Food,expense,1
mua đồ về làm mukbang chill chill 115k,Food,expense,1
mua nước lau sàn thơm kiếp nạn thứ 82 #7812 405.000 đồng,Housing,expense,1
tiền thưởng kpi tháng xu cà na #5385 3.8tr,Bonus,income,1
serum trị mụn slay 261k,Beauty,expense,1
tiền khám bệnh phòng khám chill chill 382k,Health,expense,1
săn áo thun t-shirt over hợp #4657 346K,Shopping,expense,1
chốt đơn túi xách đeo chéo ét ô ét #3422 332K,Shopping,expense,1
chì kẻ mày phẩy sợi flexing 252 ngàn,Beauty,expense,1
lương làm trợ giảng ầm ầm 8.8củ,Salary,income,1
tiền trúng thưởng mini game hết nấc #1486 14497K,Business,income,1
thu nhập từ kênh youtube kiếp nạn thứ 82 549k,Business,income,1
chốt đơn hoodie oversize xu cà na #7548 361k,Shopping,expense,1
mua máy sấy tóc over hợp #8359 315k,Housing,expense,1
lương cứng mỗi tháng vibe đỉnh 5115 ngàn,Salary,income,1
dầu gội bưởi mọc tóc vibe đỉnh 275 cành,Beauty,expense,1
túi sưởi mini ầm ầm 42 ngàn,Shopping,expense,1
lương làm trợ giảng mlem mlem #4964 3.3tr,Salary,income,1
bia chill cùng bạn flexing 18 ngàn,Food,expense,1
đóng tiền phạt muộn over hợp #485 303k,Investment,expense,1
popmart blindbox kiếp nạn thứ 82 #1067 133k,Shopping,expense,1
thưởng chuyên cần cứu rỗi tâm hồn #9026 14749 ngàn,Bonus,income,1
trà sữa phê la ét ô ét #6234 107k,Food,expense,1
mua thuốc nhỏ mắt len vô tri #9114 253 ngàn,Health,expense,1
mua bông y tế tẩy trang cứu rỗi tâm hồn #2300 147 cành,Health,expense,1
in tài liệu tiểu luận xu cà na #2549 340 ngàn,Education,expense,1
mua quần jean ống rộng vô tri #4717 334.000 đồng,Shopping,expense,1
thuê gia sư kèm 1-1 gét gô #6091 475 cành,Education,expense,1
mua tài liệu ôn thi mlem mlem #8408 262.000 đồng,Education,expense,1
săn sale kẹp tóc chill chill #7269 291 cành,Shopping,expense,1
cushion che khuyết điểm vibe đỉnh 56k,Beauty,expense,1
mua bông y tế tẩy trang over hợp 190k,Health,expense,1
vitamin c trắng da đỉnh nóc kịch trần #6684 361.000 đồng,Health,expense,1
lương làm trợ giảng cháy phố 10.9tr,Salary,income,1
tiền gửi xe hàng tháng over hợp #374 334K,Investment,expense,1
serum trị mụn cứu rỗi tâm hồn #1968 195 cành,Beauty,expense,1
chốt đơn shopee live ét ô ét 298k,Shopping,expense,1
lương admin fanpage #7454 2.7tr,Salary,income,1
son tint bóng cháy phố #6317 271K,Beauty,expense,1
đăng ký test toeic ét ô ét #464 193k,Education,expense,1
trà sữa phúc long đỉnh nóc kịch trần #1150 326K,Food,expense,1
nệm cao su non hết nấc 413 ngàn,Housing,expense,1
săn sale lazada 11.11 flexing #2578 180 cành,Shopping,expense,1
nước hoa mini #2065 214K,Beauty,expense,1
nhận lương viết content slay #917 9.6Tr,Salary,income,1
trứng gà so #9561 146.000 đồng,Food,expense,1
cushion che khuyết điểm đỉnh nóc kịch trần #6252 500k,Beauty,expense,1
mua mũ bảo hiểm có kính hết nấc #774 142k,Transport,expense,1
gà tắm sốt flexing #3963 264k,Food,expense,1
kem dưỡng phục hồi b5 đỉnh nóc kịch trần #8182 318.000 đồng,Beauty,expense,1
cơm hộp tiện lợi vibe đỉnh 191.000 đồng,Food,expense,1
tiền vệ sinh rác thải flexing #2820 451.000 đồng,Housing,expense,1
decor lại phòng trọ flexing #5821 20K,Housing,expense,1
mua thực phẩm chức năng omega3 flexing 358k,Health,expense,1
ốp lưng iphone xịn xò vibe đỉnh 130 ngàn,Shopping,expense,1
mua sách truyện manga đỉnh nóc kịch trần 164k,Entertainment,expense,1
matcha latte xịn sò xịn xò #1784 322 ngàn,Food,expense,1
đặt xe grabbike flexing #459 332.000 đồng,Transport,expense,1
lương designer freelance chill chill #1207 7106K,Salary,income,1
học phí học lái xe ô tô cứu rỗi tâm hồn #9308 345k,Education,expense,1
kem dưỡng phục hồi b5 cứu rỗi tâm hồn #9465 104k,Beauty,expense,1
quyên góp từ thiện chống lũ xu cà na #2670 33.000 đồng,Charity,expense,1
mua thực phẩm chức năng omega3 gét gô 48K,Health,expense,1
lương part-time rủng rỉnh cứu rỗi tâm hồn #8337 13018K,Salary,income,1
trứng gà so xu cà na #7632 405k,Food,expense,1
tiền thuê phòng trọ xu cà na 303k,Housing,expense,1
gửi xe trung tâm thương mại ét ô ét #4920 141k,Transport,expense,1
tiền thưởng dự án xuất sắc gét gô #3569 13560k,Bonus,income,1
lương thực tập sinh bèo bọt kiếp nạn thứ 82 #5292 3.447.000 đồng,Salary,income,1
tiền cho bạn vay giờ đòi được flexing #2264 2.1Tr,Business,income,1
nhận lương viết content cháy phố #8445 4091 ngàn,Salary,income,1
sushi băng chuyền đỉnh nóc kịch trần 473 ngàn,Food,expense,1
son tint bóng ầm ầm #8300 31k,Beauty,expense,1
mua thuốc uống cảm cúm ét ô ét #4536 349.000 đồng,Health,expense,1
góp quỹ từ thiện trường kiếp nạn thứ 82 217 cành,Charity,expense,1
đăng ký test toeic cứu rỗi tâm hồn #7519 437k,Education,expense,1
thưởng nhân viên xuất sắc vô tri 4044K,Bonus,income,1
mì tôm hảo hảo ngon nhức nách #3594 449K,Food,expense,1
nước ngọt coca zero healing #2766 345 ngàn,Food,expense,1
sữa rửa mặt cetaphil 259k,Beauty,expense,1
dầu gió xanh cứu cánh vibe đỉnh 321k,Health,expense,1
sữa chua hy lạp ét ô ét #3681 159 ngàn,Food,expense,1
gói khám sức khỏe tổng quát mlem mlem 72k,Health,expense,1
rong biển cuộn cơm cứu rỗi tâm hồn #4950 258.000 đồng,Food,expense,1
lãi gửi tiết kiệm ngân hàng đỉnh nóc kịch trần #1998 5.6tr,Business,income,1
rửa xe máy sạch bong xịn xò #6763 242k,Transport,expense,1
thu nhập affliate tiktok shop flexing 6.3củ,Business,income,1
ơm tấm sườn bì chả cháy phố #2993 73k,Food,expense,1
mua thực phẩm chức năng omega3 ầm ầm #8602 432 cành,Health,expense,1
tiền quỹ nhóm chia đều đỉnh nóc kịch trần 11115 ngàn,Business,income,1
túi sưởi mini vibe đỉnh 232.000 đồng,Shopping,expense,1
thuê gia sư kèm 1-1 over hợp #6722 477k,Education,expense,1
in tài liệu tiểu luận đỉnh nóc kịch trần 264.000 đồng,Education,expense,1
đu đỉnh coin mlem mlem #9128 150K,Investment,expense,1
decor lại phòng trọ vô tri 329K,Housing,expense,1
mua khóa cửa vân tay mlem mlem #2394 73 cành,Housing,expense,1
tiền xăng xe tay ga mlem mlem #942 171k,Transport,expense,1
tiền mạng internet wifi xịn xò #944 198.000 đồng,Housing,expense,1
trà sữa phê la đỉnh nóc kịch trần #1284 135K,Food,expense,1
trà sữa gongcha ngon nhức nách #9258 36 cành,Food,expense,1
cushion che khuyết điểm healing 417k,Beauty,expense,1
ai đi cf không,Housing,expense,0
mua thuốc nhỏ mắt len chill chill 302k,Health,expense,1
ting ting lương công ty cứu rỗi tâm hồn 996K,Salary,income,1
thay dầu nhớt castrol đỉnh nóc kịch trần #8621 25K,Transport,expense,1
học phí khóa học photoshop ngon nhức nách #176 308 cành,Education,expense,1
tiền lãi đầu tư coin slay #3527 13.962.000 đồng,Business,income,1
mua mũ bảo hiểm có kính over hợp #1752 125 ngàn,Transport,expense,1
highlands phindi xịn xò #9882 217.000 đồng,Food,expense,1
mua đồ về làm mukbang flexing 416 cành,Food,expense,1
kẹp bấm mi xịn xịn xò #6811 167.000 đồng,Beauty,expense,1
tiền lãi đầu tư coin slay 9723K,Business,income,1
mua giày sneaker mlem mlem mlem 253 cành,Shopping,expense,1
gấu bông labubu ầm ầm #8084 437K,Shopping,expense,1
mua thuốc uống cảm cúm vô tri #3083 39K,Health,expense,1
lợi nhuận bán quần áo secondhand hết nấc #5267 4233 ngàn,Business,income,1
đặt xe grabbike flexing 332k,Transport,expense,1
mua cây decor phòng ngủ xịn xò #9678 179K,Housing,expense,1
vé máy bay vietjet vibe đỉnh 453k,Transport,expense,1
kimbap siêu dài đỉnh nóc kịch trần #491 377 cành,Food,expense,1
thưởng nóng từ sếp ngon nhức nách #5340 14.0tr,Bonus,income,1
bơ đậu phộng hết nấc #6546 489k,Food,expense,1
tiền khám bệnh phòng khám healing #7918 116K,Health,expense,1
chốt đơn túi xách đeo chéo flexing #827 133k,Shopping,expense,1
khoai lang mật over hợp 476k,Food,expense,1
bơ đậu phộng vibe đỉnh 183k,Food,expense,1
nem chua rán hết nấc #3220 390k,Food,expense,1
nước hoa mini ét ô ét 437 cành,Beauty,expense,1
rau hữu cơ bách hóa xanh vibe đỉnh #800 369k,Food,expense,1
thu nhập từ kênh youtube cháy phố 10980 ngàn,Business,income,1
mua game trên steam chill chill 252 ngàn,Entertainment,expense,1
quyên góp từ thiện chống lũ đỉnh nóc kịch trần 174k,Charity,expense,1
lẩu haidilao gét gô 95k,Food,expense,1
lương part-time rủng rỉnh healing 8.747.000 đồng,Salary,income,1
cà phê muối đỉnh nóc kịch trần 487k,Food,expense,1
bán tài liệu học tập cũ xịn xò #112 12780k,Business,income,1
lương làm trợ giảng healing 8293 cành,Salary,income,1
trà sữa phê la healing 88k,Food,expense,1
mua tài liệu ôn thi vibe đỉnh #8696 472 ngàn,Education,expense,1
học phí đại học khóc thét gét gô #9330 25k,Education,expense,1
mặt nạ đất sét hết nấc #9450 315.000 đồng,Beauty,expense,1
yến mạch giảm cân kiếp nạn thứ 82 #1481 479k,Food,expense,1
mua bao cao su durex gét gô #4524 87k,Health,expense,1
gói netflix xem phim cháy phố 366k,Entertainment,expense,1
mì tôm hảo hảo ầm ầm 354k,Food,expense,1
chơi boardgame cùng hội bạn flexing #2763 67 ngàn,Entertainment,expense,1
bạc sỉu đá xịn xò 152.000 đồng,Food,expense,1
ốp lưng iphone xịn xò vibe đỉnh #5496 128K,Shopping,expense,1
bơ đậu phộng cứu rỗi tâm hồn 269 ngàn,Food,expense,1
săn sale kẹp tóc xịn xò 341.000 đồng,Shopping,expense,1
chốt đơn túi xách đeo chéo đỉnh nóc kịch trần #9019 180k,Shopping,expense,1
tiền trúng thưởng mini game cháy phố #3903 2.0tr,Business,income,1
nạp thẻ game liên quân healing #4636 339k,Entertainment,expense,1
hạt granola cứu rỗi tâm hồn #2946 457k,Food,expense,1
lương thực tập sinh bèo bọt đỉnh nóc kịch trần #9561 14.367.000 đồng,Salary,income,1
gấu bông labubu ét ô ét #5554 84.000 đồng,Shopping,expense,1
tiền điện nước giá kinh hoàng ầm ầm 53k,Housing,expense,1
thuê gia sư kèm 1-1 xu cà na #9902 275k,Education,expense,1
vé máy bay vietjet hết nấc #1208 495k,Transport,expense,1
chì kẻ mày phẩy sợi xịn xò #8749 340k,Beauty,expense,1
bơ đậu phộng over hợp #2680 396k,Food,expense,1
thẻ xe bus điện vinbus vibe đỉnh #5778 493K,Transport,expense,1
chì kẻ mày phẩy sợi đỉnh nóc kịch trần #2637 458K,Beauty,expense,1
tiền bố mẹ tiếp tế ét ô ét #6505 4811 cành,Business,income,1
tiền bonus từ khách hàng xu cà na #7629 3.7tr,Bonus,income,1
tẩy tế bào chết cocoon gét gô #8153 65 ngàn,Beauty,expense,1
săn sale kẹp tóc cháy phố #8718 481k,Shopping,expense,1
mì trộn indomie mlem mlem 259k,Food,expense,1
khóa học tiếng anh ielts mlem mlem 243 cành,Education,expense,1
nệm cao su non chill chill 363 ngàn,Housing,expense,1
tiền chung cư mini kiếp nạn thứ 82 #849 177K,Housing,expense,1
đồ ăn vặt cổng trường kiếp nạn thứ 82 #626 421 ngàn,Food,expense,1
trà đào cam sả đỉnh nóc kịch trần 369 cành,Food,expense,1
nước cốt xương healing #3353 242K,Food,expense,1
tiền mừng cưới bạn thân vibe đỉnh #8885 467k,Social,expense,1
thưởng vượt doanh số mlem mlem #6650 2184k,Bonus,income,1
thuê gia sư kèm 1-1 ầm ầm #218 273k,Education,expense,1
nhận lương chạy grab kịch sàn ét ô ét #1079 7948 cành,Salary,income,1
lương admin fanpage ầm ầm #2256 6.8tr,Salary,income,1
tiền chung cư mini cứu rỗi tâm hồn 282k,Housing,expense,1
lương thực tập sinh bèo bọt ét ô ét 14670 cành,Salary,income,1
trứng gà so cứu rỗi tâm hồn 396 ngàn,Food,expense,1
đăng ký lớp yoga gét gô #6527 338k,Education,expense,1
trà sữa phê la xịn xò #7851 373k,Food,expense,1
trứng gà so over hợp 93.000 đồng,Food,expense,1
mua phụ kiện vòng tay healing #2180 430k,Shopping,expense,1
tiền quỹ lớp over hợp #6485 305 ngàn,Education,expense,1
thuốc nhỏ mũi xịt gét gô #4611 255k,Health,expense,1
bạc sỉu đá cứu rỗi tâm hồn 253k,Food,expense,1
dầu gội bưởi mọc tóc hết nấc #5265 156k,Beauty,expense,1
chốt đơn shopee live vô tri #2225 121 cành,Shopping,expense,1
tiền thưởng kpi tháng chill chill #4178 10713 ngàn,Bonus,income,1
decor lại phòng trọ healing 490.000 đồng,Housing,expense,1
thịt bò ba chỉ ét ô ét #4495 454k,Food,expense,1
nước hoa mini đỉnh nóc kịch trần 306 cành,Beauty,expense,1
gửi xe trung tâm thương mại xịn xò #7803 265k,Transport,expense,1
săn áo thun t-shirt cháy phố 135k,Shopping,expense,1
thưởng ngày lễ 30/4 chill chill #6613 11427 cành,Bonus,income,1
mua khóa học udemy gét gô 55k,Education,expense,1
lương cứng mỗi tháng xu cà na #547 5386K,Salary,income,1
trà chanh giã tay cứu rỗi tâm hồn #933 432k,Food,expense,1
kimbap siêu dài chill chill #4308 395k,Food,expense,1
kệ để đồ mĩ phẩm gét gô 331K,Shopping,expense,1
gà tắm sốt mlem mlem 218 cành,Food,expense,1
lương part-time rủng rỉnh cứu rỗi tâm hồn #1491 4364 cành,Salary,income,1
túi sưởi mini slay 91k,Shopping,expense,1
thẻ xe bus điện vinbus xịn xò #7393 370 ngàn,Transport,expense,1
tiền mừng cưới bạn thân 46K,Social,expense,1
đăng ký lớp yoga cứu rỗi tâm hồn #6810 245k,Education,expense,1
k buffet healing #6524 490.000 đồng,Food,expense,1
mua quần jean ống rộng xu cà na 75k,Shopping,expense,1
mua quần áo local brand over hợp #2658 482 ngàn,Shopping,expense,1
thu nhập từ kênh youtube slay #1922 413 ngàn,Business,income,1
mua bông y tế tẩy trang kiếp nạn thứ 82 #3329 254k,Health,expense,1
nhận lương chạy grab kịch sàn đỉnh nóc kịch trần #8119 7.3tr,Salary,income,1
học phí khóa học photoshop healing #1041 453k,Education,expense,1
tiền bố mẹ tiếp tế vô tri #7003 4.7tr,Business,income,1
tiền thưởng kpi tháng chill chill #7082 9.172.000 đồng,Bonus,income,1
học phí khóa học photoshop flexing 330 ngàn,Education,expense,1
củ sạc nhanh baseus gét gô 395 ngàn,Shopping,expense,1
đi siêu thị go sắm đồ ét ô ét #2344 240k,Shopping,expense,1
tiền gửi xe hàng tháng xịn xò #4089 114.000 đồng,Investment,expense,1
mì tôm hảo hảo vô tri #1105 498 cành,Food,expense,1
sticker dán laptop flexing 49.000 đồng,Shopping,expense,1
bảo dưỡng xe máy healing 446 ngàn,Transport,expense,1
thịt bò ba chỉ #1287 446k,Food,expense,1
popmart blindbox ngon nhức nách 162k,Shopping,expense,1
thưởng ngày lễ 30/4 over hợp #1030 4.6củ,Bonus,income,1
tiền sinh nhật đứa bạn ầm ầm #2834 181.000 đồng,Social,expense,1
kệ để đồ mĩ phẩm gét gô #2845 234k,Shopping,expense,1
vé máy bay vietjet slay 242k,Transport,expense,1
chi phí đổi căn cước công dân cháy phố #5014 361.000 đồng,Investment,expense,1
gà tắm sốt ầm ầm 380 cành,Food,expense,1
vé xem phim cgv 468 cành,Entertainment,expense,1
lẩu haidilao over hợp 276k,Food,expense,1
kem chống nắng nâng tông ét ô ét #1779 172 cành,Beauty,expense,1
tiền bố mẹ tiếp tế healing #9247 4390K,Business,income,1
lương làm mẫu ảnh ét ô ét #2230 3326 ngàn,Salary,income,1
rong biển cuộn cơm vô tri 137 ngàn,Food,expense,1
mua quần áo local brand hết nấc #2238 35 ngàn,Shopping,expense,1
ăn sập sình cháy phố 185k,Food,expense,1
lợi nhuận bán quần áo secondhand đỉnh nóc kịch trần #7116 1091 ngàn,Business,income,1
tiền bố mẹ tiếp tế cứu rỗi tâm hồn #901 7.7củ,Business,income,1
bút calligraphy cứu rỗi tâm hồn #4915 229k,Shopping,expense,1
tiền quỹ lớp ngon nhức nách #748 134k,Education,expense,1
lệ phí thi lại môn #8090 40k,Education,expense,1
đã chuyển khoản quỹ chưa nhỉ,Entertainment,expense,0
đế đỡ điện thoại over hợp 273k,Shopping,expense,1
vé xem phim cgv hết nấc #3397 75.000 đồng,Entertainment,expense,1
đi chợ đầu mối ngon nhức nách 12 cành,Shopping,expense,1
tai nghe bluetooth chụp tai ầm ầm #7089 478k,Shopping,expense,1
mua thuốc nhỏ mắt len ngon nhức nách 168 ngàn,Health,expense,1
mua kính râm thời trang slay #3359 80 ngàn,Shopping,expense,1
mixue kem cây ét ô ét #7603 20 ngàn,Food,expense,1
trà sữa gongcha chill chill #2873 233.000 đồng,Food,expense,1
thẻ xe bus điện vinbus cứu rỗi tâm hồn #8409 217 cành,Transport,expense,1
cushion che khuyết điểm vô tri 391 cành,Beauty,expense,1
nệm cao su non xu cà na #7841 63k,Housing,expense,1
nước hoa mini xu cà na 359 ngàn,Beauty,expense,1
lương làm mẫu ảnh over hợp #3630 8.8Tr,Salary,income,1
lương làm mẫu ảnh hết nấc #9923 4.3Tr,Salary,income,1
tủ quần áo lắp ráp kiếp nạn thứ 82 169K,Housing,expense,1
thu nhập từ kênh youtube mlem mlem #7981 14746K,Business,income,1
tiền thuê phòng trọ cháy phố 135k,Housing,expense,1
săn sale lazada 11.11 ầm ầm #7899 268k,Shopping,expense,1
chì kẻ mày phẩy sợi vô tri #4399 58k,Beauty,expense,1
mua bông y tế tẩy trang cứu rỗi tâm hồn 383 cành,Health,expense,1
thưởng tết âm lịch ấm áp xu cà na #1367 10282 cành,Bonus,income,1
thuê xe máy đi phượt kiếp nạn thứ 82 320k,Transport,expense,1
tiền nhận từ booking quảng cáo gét gô #8326 585k,Business,income,1
chi phí đổi căn cước công dân cháy phố #2540 187 ngàn,Investment,expense,1
hủ tiếu gõ ầm ầm #5626 214K,Food,expense,1
khoai lang mật over hợp #5219 219k,Food,expense,1
trà sữa phê la cứu rỗi tâm hồn 323K,Food,expense,1
lương làm trợ giảng chill chill #9969 2559 cành,Salary,income,1
mua khóa học udemy ét ô ét #910 350k,Education,expense,1
lương admin fanpage ngon nhức nách #5725 1.3Tr,Salary,income,1
mua khóa học udemy over hợp #3679 72k,Education,expense,1
tai nghe bluetooth chụp tai vô tri #9195 490k,Shopping,expense,1
tiền chung cư mini hết nấc #7025 332k,Housing,expense,1
trà đào cam sả chill chill 99k,Food,expense,1
bảo dưỡng xe máy xịn xò #9721 226k,Transport,expense,1
lương làm mẫu ảnh xu cà na 11447 cành,Salary,income,1
sushi băng chuyền cháy phố 316k,Food,expense,1
mua nước súc miệng listerine cứu rỗi tâm hồn 125k,Health,expense,1
thu nhập affliate tiktok shop đỉnh nóc kịch trần #674 3.8tr,Business,income,1
tiền trúng thưởng mini game gét gô #323 1.179.000 đồng,Business,income,1
trà sữa gongcha over hợp #6622 491.000 đồng,Food,expense,1
popmart blindbox cứu rỗi tâm hồn #5731 103k,Shopping,expense,1
đồ ăn vặt cổng trường gét gô 465K,Food,expense,1
rửa xe máy sạch bong kiếp nạn thứ 82 #8039 472K,Transport,expense,1
kẹp bấm mi xịn xịn xò 169K,Beauty,expense,1
quạt tích điện để bàn flexing 109 ngàn,Shopping,expense,1
thưởng sinh nhật công ty cháy phố #1708 8.2Tr,Bonus,income,1
lương cứng mỗi tháng đỉnh nóc kịch trần #1416 13386K,Salary,income,1
đi siêu thị go sắm đồ mlem mlem 443 cành,Shopping,expense,1
decor lại phòng trọ gét gô #4336 222k,Housing,expense,1
tiền nhổ răng khôn khóc thét cứu rỗi tâm hồn #8020 197K,Health,expense,1
rửa xe máy sạch bong ét ô ét #5885 236 cành,Transport,expense,1
vé máy bay vietjet xịn xò #1235 102k,Transport,expense,1
lương làm mẫu ảnh đỉnh nóc kịch trần #8809 7017 ngàn,Salary,income,1
book phòng homestay đà lạt xu cà na #2141 430k,Transport,expense,1
nạp vip spotify xịn xò 144k,Entertainment,expense,1
sữa chua hy lạp over hợp #7722 276k,Food,expense,1
gói khám sức khỏe tổng quát ầm ầm 123k,Health,expense,1
tiền quỹ lớp over hợp 185k,Education,expense,1
lệ phí thi lại môn chill chill #5765 170k,Education,expense,1
tiền bố mẹ tiếp tế ầm ầm #9498 434k,Business,income,1
bảo dưỡng xe máy vibe đỉnh #1279 302 cành,Transport,expense,1
mì tôm hảo hảo xu cà na #108 425 cành,Food,expense,1
mua quà tạ lỗi bồ mlem mlem #7538 193k,Social,expense,1
đu đỉnh coin vô tri #9750 213K,Investment,expense,1
tiền phạt vi phạm giao thông đỉnh nóc kịch trần 180k,Transport,expense,1
lương cứng mỗi tháng flexing #332 2.8củ,Salary,income,1
nem chua rán ầm ầm 297k,Food,expense,1
tiền cà phê giao lưu đối tác hết nấc 483k,Investment,expense,1
nước ép hoa quả healthy đỉnh nóc kịch trần #6555 28 ngàn,Food,expense,1
đăng ký lớp yoga mlem mlem #3064 369k,Education,expense,1
tiền quỹ nhóm chia đều mlem mlem #8212 7722 cành,Business,income,1
tiền lì xì tết tốn kém xịn xò #5590 249 ngàn,Investment,expense,1
tiền bonus từ khách hàng ầm ầm #7600 13.280.000 đồng,Bonus,income,1
sổ tay bullet journal xịn xò #7143 335 cành,Shopping,expense,1
in tài liệu tiểu luận healing #4856 129.000 đồng,Education,expense,1
gà tắm sốt vô tri 369 ngàn,Food,expense,1
tiền bán hàng shopee hết nấc 1.7Tr,Business,income,1
gọi bebike đi học chill chill 10.000 đồng,Transport,expense,1
cơm hộp tiện lợi hết nấc #8523 46k,Food,expense,1
tiền gửi xe hàng tháng xịn xò #7352 334k,Investment,expense,1
đế đỡ điện thoại healing #3624 41K,Shopping,expense,1
trà sữa phê la 43k,Food,expense,1
tiền bố mẹ tiếp tế vibe đỉnh #809 12.073.000 đồng,Business,income,1
bún đậu mắm tôm ngon nhức nách over hợp 191 ngàn,Food,expense,1
phòng lướt net net cỏ over hợp 32K,Entertainment,expense,1
rửa xe máy sạch bong flexing 418 cành,Transport,expense,1
tiền khám bệnh phòng khám vô tri #4074 261k,Health,expense,1
thuê gia sư kèm 1-1 chill chill #7569 327 ngàn,Education,expense,1
kệ để đồ mĩ phẩm ngon nhức nách #6446 420K,Shopping,expense,1
tiền phạt vi phạm giao thông đỉnh nóc kịch trần #5570 245 cành,Transport,expense,1
bánh tráng phơi sương xịn xò #7356 125K,Food,expense,1
đi chill acoustic vibe đỉnh 131k,Entertainment,expense,1
tiền vệ sinh rác thải flexing #6521 461k,Housing,expense,1
thay dầu nhớt castrol chill chill #3713 25 ngàn,Transport,expense,1
popmart blindbox hết nấc #210 258k,Shopping,expense,1
học phí học lái xe ô tô cứu rỗi tâm hồn #2978 154k,Education,expense,1
tiền mua đồ thắp hương cứu rỗi tâm hồn 249 cành,Investment,expense,1
trà sữa phúc long cứu rỗi tâm hồn 397K,Food,expense,1
đi đu idol kpop ét ô ét 210k,Entertainment,expense,1
đèn led hoàng hôn gét gô #6143 229 cành,Shopping,expense,1
thịt bò ba chỉ ầm ầm #5803 93K,Food,expense,1
lương làm trợ giảng hết nấc 11211K,Salary,income,1
thu nhập affliate tiktok shop gét gô #5922 3132 cành,Business,income,1
đi bar pub quẩy xịn xò #9682 367k,Entertainment,expense,1
chốt đơn hoodie oversize ầm ầm #4394 298k,Shopping,expense,1
decor lại phòng trọ đỉnh nóc kịch trần #2311 160k,Housing,expense,1
đế đỡ điện thoại hết nấc #7594 158k,Shopping,expense,1
highlands phindi ét ô ét 43 cành,Food,expense,1
mua giày sneaker mlem flexing #2991 435.000 đồng,Shopping,expense,1
tiền lãi chứng khoán nổ hũ hết nấc 11664K,Business,income,1
đóng tiền phạt muộn hết nấc #1386 272k,Investment,expense,1
ức gà ăn kiêng vibe đỉnh #3099 299k,Food,expense,1
mua quần jean ống rộng flexing 421k,Shopping,expense,1
tiền lì xì tết tốn kém vibe đỉnh 294K,Investment,expense,1
tiền thanh lý đồ cũ pass đồ mlem mlem 3.8Tr,Business,income,1
thưởng tết âm lịch ấm áp slay #4488 11006 cành,Bonus,income,1
tiền phạt vi phạm giao thông chill chill #8398 353.000 đồng,Transport,expense,1
thay dầu nhớt castrol đỉnh nóc kịch trần 152k,Transport,expense,1
đi chợ đầu mối xu cà na #3422 32k,Shopping,expense,1
tiền bán hàng shopee xịn xò #9405 5298k,Business,income,1
phí dịch vụ chung cư chill chill #8714 101k,Housing,expense,1
mua cây decor phòng ngủ ét ô ét 172k,Housing,expense,1
gà rán jollibee over hợp #8547 412k,Food,expense,1
lương cứng mỗi tháng chill chill #1012 1.6tr,Salary,income,1
tiền thưởng dự án xuất sắc gét gô #4075 9.9tr,Bonus,income,1
trà chanh giã tay over hợp #8552 261 cành,Food,expense,1
mua sách tiếng anh mua cháy phố 216k,Education,expense,1
bút calligraphy over hợp #1633 90K,Shopping,expense,1
nhận lương viết content slay #5544 1474 ngàn,Salary,income,1
tiền thưởng dự án xuất sắc ngon nhức nách #2756 12558 cành,Bonus,income,1
chi phí đổi căn cước công dân flexing #4132 399k,Investment,expense,1
bún đậu mắm tôm ngon nhức nách,Entertainment,expense,0
sữa rửa mặt cetaphil mlem mlem #4205 21k,Beauty,expense,1
thu nhập affliate tiktok shop chill chill #3088 2.6tr,Business,income,1
xiên bẩn kiếp nạn thứ 82 #2829 73 cành,Food,expense,1
tiền lãi đầu tư coin hết nấc #7648 7.6củ,Business,income,1
săn sale kẹp tóc #5726 242 cành,Shopping,expense,1
mì cay cấp độ 7 slay 369k,Food,expense,1
quyên góp từ thiện chống lũ xu cà na #7051 285k,Charity,expense,1
highlands phindi xu cà na #7962 270k,Food,expense,1
tiền thuê phòng trọ gét gô 311k,Housing,expense,1
đi đu idol kpop ét ô ét #1995 275.000 đồng,Entertainment,expense,1
tiền khám bệnh phòng khám cháy phố 267k,Health,expense,1
thưởng vượt doanh số mlem mlem #2652 12.7củ,Bonus,income,1
mua giày sneaker mlem xu cà na #2900 432 ngàn,Shopping,expense,1
mua trà hoa cúc ngủ ngon cứu rỗi tâm hồn #7471 435 cành,Health,expense,1
gà rán jollibee healing #3340 163K,Food,expense,1
mua bông y tế tẩy trang ét ô ét 348 cành,Health,expense,1
kimbap siêu dài ầm ầm 16 cành,Food,expense,1
nạp thẻ game liên quân flexing 62 cành,Entertainment,expense,1
lợi nhuận bán quần áo secondhand flexing 1.2củ,Business,income,1
mua giày sneaker mlem chill chill #9042 313K,Shopping,expense,1
mua sách tiếng anh mua over hợp #5856 255k,Education,expense,1
popmart blindbox vibe đỉnh 233k,Shopping,expense,1
lệ phí thi lại môn ét ô ét #9509 165k,Education,expense,1
sushi băng chuyền kiếp nạn thứ 82 #3946 93.000 đồng,Food,expense,1
đăng ký lớp yoga cháy phố 281k,Education,expense,1
tiền cọc phòng trọ xịn xò 78k,Housing,expense,1
mua sách truyện manga kiếp nạn thứ 82 441 ngàn,Entertainment,expense,1
tai nghe bluetooth chụp tai cứu rỗi tâm hồn #1362 492K,Shopping,expense,1
phở cuốn healing #6369 56k,Food,expense,1
thu nhập affliate tiktok shop cháy phố 14.9Tr,Business,income,1
vé máy bay vietjet slay #5020 186k,Transport,expense,1
tiền khám bệnh phòng khám cứu rỗi tâm hồn #9158 194k,Health,expense,1
dầu gió xanh cứu cánh ầm ầm #817 171k,Health,expense,1
mua sách tiếng anh mua vibe đỉnh 279 ngàn,Education,expense,1
học phí khóa học photoshop hết nấc #8421 402 cành,Education,expense,1
tiền mừng cưới bạn thân cháy phố 449 ngàn,Social,expense,1
bảng mắt màu khói ét ô ét #2556 485k,Beauty,expense,1
mua quần jean ống rộng chill chill #9573 106k,Shopping,expense,1
mua thuốc uống cảm cúm slay 389k,Health,expense,1
vé đi triển lãm nghệ thuật chill chill #8737 257k,Entertainment,expense,1
tiền lì xì tết tốn kém kiếp nạn thứ 82 #5686 372k,Investment,expense,1
thưởng chuyên cần gét gô #4753 9.3tr,Bonus,income,1
quyên góp từ thiện chống lũ ét ô ét #8769 269K,Charity,expense,1
săn áo thun t-shirt mlem mlem #7634 423k,Shopping,expense,1
vé xem phim cgv đỉnh nóc kịch trần #364 336k,Entertainment,expense,1
thu nhập từ kênh youtube cháy phố #7918 5654 cành,Business,income,1
tiền lì xì tết tốn kém xu cà na #2582 251k,Investment,expense,1
tiền bonus từ khách hàng hết nấc 7398k,Bonus,income,1
mua cây decor phòng ngủ hết nấc 107k,Housing,expense,1
vớ tất cao cổ xịn xò 274k,Shopping,expense,1
tai nghe bluetooth chụp tai đỉnh nóc kịch trần #4921 365k,Shopping,expense,1
sữa chua hy lạp xu cà na #3167 345 ngàn,Food,expense,1
sổ tay bullet journal chill chill 53K,Shopping,expense,1
mua trà hoa cúc ngủ ngon #8407 202 cành,Health,expense,1
gọi bebike đi học xịn xò #8173 28.000 đồng,Transport,expense,1
lệ phí thi lại môn #6913 467k,Education,expense,1
thuốc nhỏ mũi xịt cứu rỗi tâm hồn #1106 435K,Health,expense,1
mua tài liệu ôn thi slay #1726 447k,Education,expense,1
nước cốt xương gét gô 461k,Food,expense,1
bia chill cùng bạn hết nấc #5486 100 cành,Food,expense,1
đế đỡ điện thoại đỉnh nóc kịch trần #1094 440K,Shopping,expense,1
mua mũ bảo hiểm có kính cháy phố 236k,Transport,expense,1
mua sách truyện manga vô tri #9752 317K,Entertainment,expense,1
mua bút highlight healing #7376 165k,Education,expense,1
tiền quỹ nhóm chia đều slay #602 10480 cành,Business,income,1
sơn móng tay gel healing #1141 259k,Beauty,expense,1
bún đậu mắm tôm ngon nhức nách mlem mlem #4051 242k,Food,expense,1
dầu gió xanh cứu cánh ét ô ét #4335 51 cành,Health,expense,1
ức gà ăn kiêng kiếp nạn thứ 82 #6275 340 cành,Food,expense,1
tiền mừng cưới bạn thân gét gô #6219 402k,Social,expense,1
gói khám sức khỏe tổng quát đỉnh nóc kịch trần 80k,Health,expense,1
quạt tích điện để bàn vibe đỉnh 330.000 đồng,Shopping,expense,1
tiền trúng thưởng mini game xu cà na 2227k,Business,income,1
mixue kem cây chill chill #7671 457k,Food,expense,1
ăn sập sình ét ô ét #8748 223 cành,Food,expense,1
mì tôm hảo hảo #2532 133.000 đồng,Food,expense,1
ức gà ăn kiêng đỉnh nóc kịch trần #4404 265.000 đồng,Food,expense,1
sửa vòi nước hỏng ngon nhức nách #7435 328 ngàn,Housing,expense,1
mua bút highlight mlem mlem 44k,Education,expense,1
nhận lương viết content cháy phố 5.5Tr,Salary,income,1
thịt bò ba chỉ cứu rỗi tâm hồn #5117 486K,Food,expense,1
lẩu haidilao cháy phố 38.000 đồng,Food,expense,1
bánh tráng trộn chill chill 430k,Food,expense,1
tiền thưởng kpi tháng vô tri #6937 13.8Tr,Bonus,income,1
thuốc nhỏ mũi xịt xịn xò #8638 307 cành,Health,expense,1
mua khóa học tik tok master đỉnh nóc kịch trần #4461 139K,Education,expense,1
trà đào cam sả đỉnh nóc kịch trần #3213 375K,Food,expense,1
tiền điện nước giá kinh hoàng hết nấc #5214 294k,Housing,expense,1
mua thuốc nhỏ mắt len xu cà na #1195 468k,Health,expense,1
quạt tích điện để bàn #3693 325k,Shopping,expense,1
thịt bò ba chỉ chill chill #5201 205.000 đồng,Food,expense,1
vé máy bay vietjet xịn xò 61k,Transport,expense,1
nước ngọt coca zero chill chill #7169 110k,Food,expense,1
mua vàng tích trữ đỉnh nóc kịch trần 79 ngàn,Investment,expense,1
đi siêu thị go sắm đồ xu cà na 236K,Shopping,expense,1
thưởng nóng từ sếp ngon nhức nách 1502k,Bonus,income,1
thuốc nhỏ mũi xịt xu cà na #6840 154k,Health,expense,1
lương admin fanpage đỉnh nóc kịch trần 3.2tr,Salary,income,1
hủ tiếu gõ chill chill 152k,Food,expense,1
lương part-time rủng rỉnh hết nấc #251 10306 ngàn,Salary,income,1
trà sữa gongcha hết nấc #4871 367 ngàn,Food,expense,1
tiền mua đồ thắp hương vibe đỉnh #7005 281k,Investment,expense,1
đi chợ đầu mối ầm ầm #8606 477 ngàn,Shopping,expense,1
serum trị mụn cháy phố 338k,Beauty,expense,1
nạp thẻ game liên quân hết nấc 142k,Entertainment,expense,1
khoai lang mật xịn xò #6538 208 cành,Food,expense,1
thưởng ngày lễ 30/4 vô tri #620 11.3Tr,Bonus,income,1
tiền lãi chứng khoán nổ hũ ầm ầm #1378 3787 ngàn,Business,income,1
chốt đơn shopee live đỉnh nóc kịch trần #5735 272.000 đồng,Shopping,expense,1
tai nghe bluetooth chụp tai kiếp nạn thứ 82 #5802 449 ngàn,Shopping,expense,1
tiền bố mẹ tiếp tế #4081 14209K,Business,income,1
vớ tất cao cổ vô tri #5378 15 cành,Shopping,expense,1
tiền bonus từ khách hàng gét gô #7480 6827 ngàn,Bonus,income,1
tiền bán hàng shopee ét ô ét #4310 12.0củ,Business,income,1
thưởng sinh nhật công ty slay #3242 4865 ngàn,Bonus,income,1
đăng ký lớp yoga ét ô ét #8197 159k,Education,expense,1
tiền mua đồ thắp hương cháy phố 144 ngàn,Investment,expense,1
quạt tích điện để bàn kiếp nạn thứ 82 #1487 109.000 đồng,Shopping,expense,1
nước tẩy trang bioderma cứu rỗi tâm hồn #236 75.000 đồng,Beauty,expense,1
nước cốt xương over hợp 43 cành,Food,expense,1
góp quỹ từ thiện trường ét ô ét 175K,Charity,expense,1
tiền quỹ lớp mlem mlem #1146 135k,Education,expense,1
thuốc nhỏ mũi xịt flexing #1241 93k,Health,expense,1
tai nghe bluetooth chụp tai healing 26k,Shopping,expense,1
tiền quỹ nhóm chia đều 14.7củ,Business,income,1
củ sạc nhanh baseus flexing 301 ngàn,Shopping,expense,1
trà sữa phê la đỉnh nóc kịch trần #1531 146k,Food,expense,1
tẩy tế bào chết cocoon vibe đỉnh 440k,Beauty,expense,1
chốt đơn hoodie oversize mlem mlem 472 cành,Shopping,expense,1
lương part-time rủng rỉnh ầm ầm #4735 5662K,Salary,income,1
lương làm trợ giảng kiếp nạn thứ 82 9337k,Salary,income,1
yến mạch giảm cân ầm ầm #8671 285k,Food,expense,1
học phí đại học khóc thét mlem mlem #946 311k,Education,expense,1
góp quỹ từ thiện trường slay #1151 281K,Charity,expense,1
lệ phí thi lại môn over hợp #9544 290k,Education,expense,1
đăng ký test toeic vô tri #1847 355k,Education,expense,1
mua khóa học udemy vô tri #8763 31.000 đồng,Education,expense,1
chốt đơn túi xách đeo chéo ét ô ét 345k,Shopping,expense,1
ức gà ăn kiêng cứu rỗi tâm hồn 314k,Food,expense,1
chốt đơn hoodie oversize gét gô 221k,Shopping,expense,1
ét ô ét cứu cái phòng trọ này,Housing,expense,0
tiền bố mẹ tiếp tế cứu rỗi tâm hồn #7970 3.4củ,Business,income,1
nước ép hoa quả healthy gét gô 175 ngàn,Food,expense,1
đăng ký lớp yoga chill chill 280 ngàn,Education,expense,1
son tint bóng vô tri #8208 445 ngàn,Beauty,expense,1
đi đu idol kpop healing 255k,Entertainment,expense,1
trà chanh giã tay chill chill #2756 104K,Food,expense,1
săn áo thun t-shirt đỉnh nóc kịch trần 216.000 đồng,Shopping,expense,1
lương part-time rủng rỉnh slay 7191K,Salary,income,1
tiền cà phê giao lưu đối tác over hợp #7646 59 ngàn,Investment,expense,1
lãi gửi tiết kiệm ngân hàng vibe đỉnh #8185 11552 ngàn,Business,income,1
rau hữu cơ bách hóa xanh mlem mlem 235k,Food,expense,1
tiền mạng internet wifi hết nấc #7032 453k,Housing,expense,1
bảo dưỡng xe máy ầm ầm #6168 69k,Transport,expense,1
cà phê muối vô tri #4796 221 ngàn,Food,expense,1
cushion che khuyết điểm hết nấc #8947 82k,Beauty,expense,1
bún bò huế full topping over hợp 218K,Food,expense,1
tiền gửi xe hàng tháng xịn xò #6767 185k,Investment,expense,1
mua khóa học udemy ngon nhức nách #3244 50K,Education,expense,1
hôm nay trời đẹp ghê,Food,expense,0
sushi băng chuyền ầm ầm #5679 477 cành,Food,expense,1
tiền lãi chứng khoán nổ hũ vibe đỉnh 5548K,Business,income,1
bút calligraphy xu cà na #4246 60 cành,Shopping,expense,1
bia chill cùng bạn ét ô ét #1889 141k,Food,expense,1
dầu gió xanh cứu cánh ngon nhức nách #2570 335 ngàn,Health,expense,1
book phòng homestay đà lạt healing 260K,Transport,expense,1
gói khám sức khỏe tổng quát flexing #7933 313k,Health,expense,1
tiền vệ sinh rác thải healing #9321 18k,Housing,expense,1
ốp lưng iphone xịn xò slay #8189 388k,Shopping,expense,1
vé máy bay vietjet 365.000 đồng,Transport,expense,1
bán tài liệu học tập cũ vô tri 7000k,Business,income,1
chơi boardgame cùng hội bạn đỉnh nóc kịch trần #1563 347K,Entertainment,expense,1
nem chua rán hết nấc 51k,Food,expense,1
tiền bố mẹ tiếp tế healing 13551k,Business,income,1
sushi băng chuyền cứu rỗi tâm hồn #1033 243k,Food,expense,1
rong biển cuộn cơm hết nấc #4244 41k,Food,expense,1
sữa rửa mặt cetaphil ngon nhức nách 202k,Beauty,expense,1
củ sạc nhanh baseus ầm ầm #8841 416K,Shopping,expense,1
tiền phạt vi phạm giao thông kiếp nạn thứ 82 159k,Transport,expense,1
sửa vòi nước hỏng flexing #1635 46k,Housing,expense,1
học phí học lái xe ô tô over hợp #4566 306k,Education,expense,1
tiền bán hàng shopee gét gô #7236 14903K,Business,income,1
vé xem phim cgv flexing #5488 409k,Entertainment,expense,1
săn sale lazada 11.11 xu cà na 233K,Shopping,expense,1
ốp lưng iphone xịn xò xịn xò #2092 464.000 đồng,Shopping,expense,1
tokbokki phô mai đỉnh nóc kịch trần #5630 295 cành,Food,expense,1
highlands phindi đỉnh nóc kịch trần #1743 475k,Food,expense,1
trà đào cam sả healing 404 ngàn,Food,expense,1
sữa chua hy lạp mlem mlem #3063 478k,Food,expense,1
mua cây decor phòng ngủ cứu rỗi tâm hồn #3647 301 cành,Housing,expense,1
tiền bố mẹ tiếp tế cháy phố #3812 12.0củ,Business,income,1
tiền cho bạn vay giờ đòi được over hợp 12737k,Business,income,1
mua khóa cửa vân tay vô tri #5216 374 ngàn,Housing,expense,1
mặt nạ đất sét xu cà na #4429 258k,Beauty,expense,1
mua máy sấy tóc slay #8849 61K,Housing,expense,1
tiền lì xì tết tốn kém #5764 379K,Investment,expense,1
lương làm mẫu ảnh gét gô #1176 6.9tr,Salary,income,1
tiền vệ sinh rác thải xịn xò 126k,Housing,expense,1
đế đỡ điện thoại healing #4082 432K,Shopping,expense,1
tai nghe bluetooth chụp tai xịn xò #8851 235k,Shopping,expense,1
thu nhập affliate tiktok shop đỉnh nóc kịch trần #4051 4.364.000 đồng,Business,income,1
nhận lương chạy grab kịch sàn #4451 14.6củ,Salary,income,1
bút calligraphy over hợp 387.000 đồng,Shopping,expense,1
bia chill cùng bạn ét ô ét 118 cành,Food,expense,1
thưởng chuyên cần xu cà na #3064 7.7Tr,Bonus,income,1
tiền thanh lý đồ cũ pass đồ chill chill 4472K,Business,income,1
mua bông y tế tẩy trang xu cà na #7311 330k,Health,expense,1
mua phụ kiện vòng tay flexing #7402 352k,Shopping,expense,1
ốp lưng iphone xịn xò slay #5934 151k,Shopping,expense,1
gà tắm sốt slay 373K,Food,expense,1
sữa rửa mặt cetaphil over hợp 416 cành,Beauty,expense,1
mua đồ về làm mukbang gét gô #9301 111k,Food,expense,1
nước hoa mini healing 445K,Beauty,expense,1
mua quà tạ lỗi bồ healing 184k,Social,expense,1
vé xe limousine về quê slay 322 cành,Transport,expense,1
nhận lương viết content cháy phố #613 13076 ngàn,Salary,income,1
thẻ xe bus điện vinbus over hợp 58k,Transport,expense,1
tiền donate livestream ầm ầm #7803 5.4củ,Business,income,1
lương admin fanpage ngon nhức nách #2810 9942 cành,Salary,income,1
lợi nhuận bán quần áo secondhand ngon nhức nách 10838 ngàn,Business,income,1
dầu gội bưởi mọc tóc đỉnh nóc kịch trần #8576 369 ngàn,Beauty,expense,1
trà sữa phê la đỉnh nóc kịch trần #9512 89 cành,Food,expense,1
tiền thuê phòng trọ chill chill 42K,Housing,expense,1
nước ngọt coca zero ầm ầm #8452 354 cành,Food,expense,1
thảm lau chân dễ thương chill chill #6464 96k,Shopping,expense,1
bán tài liệu học tập cũ 13.662.000 đồng,Business,income,1
chơi boardgame cùng hội bạn đỉnh nóc kịch trần 443K,Entertainment,expense,1
sữa chua hy lạp mlem mlem #8817 14k,Food,expense,1
mua game trên steam xu cà na 184k,Entertainment,expense,1
trà sữa phê la ngon nhức nách #7885 195k,Food,expense,1
son tint bóng ét ô ét #8176 332 ngàn,Beauty,expense,1
mua mũ bảo hiểm có kính healing #6386 446K,Transport,expense,1
đu đỉnh chứng khoán hết nấc #8414 442k,Investment,expense,1
bình giữ nhiệt stanley 407K,Shopping,expense,1
thu nhập affliate tiktok shop 7989 ngàn,Business,income,1
đèn led hoàng hôn cứu rỗi tâm hồn #881 327.000 đồng,Shopping,expense,1
in tài liệu tiểu luận kiếp nạn thứ 82 239k,Education,expense,1
lãi gửi tiết kiệm ngân hàng over hợp #3852 12523k,Business,income,1
thuê gia sư kèm 1-1 flexing 467K,Education,expense,1
hát karaoke cháy máy gét gô #7654 15.000 đồng,Entertainment,expense,1
tiền trúng thưởng mini game over hợp 10149K,Business,income,1
đi siêu thị go sắm đồ chill chill 490K,Shopping,expense,1
lương thực tập sinh bèo bọt xu cà na #539 11581 cành,Salary,income,1
mua thuốc nhỏ mắt len vibe đỉnh 119 cành,Health,expense,1
yến mạch giảm cân xu cà na 205k,Food,expense,1
sticker dán laptop slay #7939 386k,Shopping,expense,1
trà chanh giã tay hết nấc #166 440K,Food,expense,1
nước hoa mini hết nấc #6230 498k,Beauty,expense,1
mua quà tạ lỗi bồ ét ô ét #2058 152k,Social,expense,1
săn sale kẹp tóc chill chill #9979 220k,Shopping,expense,1
nước ngọt coca zero ét ô ét 400 cành,Food,expense,1
nước ngọt coca zero #2121 442k,Food,expense,1
tiền thuê phòng trọ flexing 395.000 đồng,Housing,expense,1
tiền bonus từ khách hàng cứu rỗi tâm hồn #9058 3.5củ,Bonus,income,1
bắt grabcar đi tiệc cứu rỗi tâm hồn #2013 251 cành,Transport,expense,1
xúc xích ăn liền gét gô #3630 457 cành,Food,expense,1
bún đậu mắm tôm ngon nhức nách,Housing,expense,0
tiền nhổ răng khôn khóc thét kiếp nạn thứ 82 #9287 335 cành,Health,expense,1
đu đỉnh chứng khoán vibe đỉnh #9982 271k,Investment,expense,1
lương cứng mỗi tháng cháy phố #252 3065k,Salary,income,1
son tint bóng slay #9708 441K,Beauty,expense,1
bún bò huế full topping over hợp #2775 321 ngàn,Food,expense,1
vớ tất cao cổ #9035 235.000 đồng,Shopping,expense,1
thuốc nhỏ mũi xịt 155k,Health,expense,1
tiền quỹ lớp ngon nhức nách #6897 454.000 đồng,Education,expense,1
mua quần áo local brand vô tri #5983 192k,Shopping,expense,1
mua quần jean ống rộng gét gô #5460 54 cành,Shopping,expense,1
quyên góp từ thiện chống lũ xu cà na 266 cành,Charity,expense,1
thuê gia sư kèm 1-1 #6806 348k,Education,expense,1
mua đồ tiktok shop ngon nhức nách #4306 341k,Shopping,expense,1
tiền vệ sinh rác thải vô tri #4444 310k,Housing,expense,1
sửa vòi nước hỏng healing #7405 241 ngàn,Housing,expense,1
tiền vệ sinh rác thải slay #7575 108 cành,Housing,expense,1
chốt đơn túi xách đeo chéo xịn xò 382 cành,Shopping,expense,1
đế đỡ điện thoại ầm ầm #5059 455k,Shopping,expense,1
lương admin fanpage vibe đỉnh #7894 10.844.000 đồng,Salary,income,1
nhận lương viết content #3814 7.2tr,Salary,income,1
khoai lang mật vibe đỉnh #7631 204 cành,Food,expense,1
nhận lương chạy grab kịch sàn hết nấc 4228K,Salary,income,1
mua kính râm thời trang gét gô #7196 312k,Shopping,expense,1
thưởng nhân viên xuất sắc xu cà na #5030 13.781.000 đồng,Bonus,income,1
sữa chua hy lạp ầm ầm #6863 315K,Food,expense,1
khoai lang mật hết nấc #7652 352k,Food,expense,1
ốp lưng iphone xịn xò slay #1532 319K,Shopping,expense,1
tiền nhận từ booking quảng cáo healing 2701 ngàn,Business,income,1
kẹp bấm mi xịn gét gô #7090 245.000 đồng,Beauty,expense,1
đăng ký lớp yoga flexing 287k,Education,expense,1
popmart blindbox healing #637 182k,Shopping,expense,1
dầu gội bưởi mọc tóc vô tri 476k,Beauty,expense,1
ting ting lương công ty flexing #7192 575k,Salary,income,1
tokbokki phô mai #7448 334k,Food,expense,1
gấu bông labubu xu cà na #2180 74k,Shopping,expense,1
tiền quỹ lớp xịn xò #7455 52k,Education,expense,1
học phí học lái xe ô tô hết nấc 379.000 đồng,Education,expense,1
lương thực tập sinh bèo bọt healing 8948 cành,Salary,income,1
đi đu idol kpop cháy phố #9149 127k,Entertainment,expense,1
tiền nhổ răng khôn khóc thét slay #1114 468k,Health,expense,1
đăng ký lớp yoga slay #3056 117k,Education,expense,1
tẩy tế bào chết cocoon xịn xò #6179 258K,Beauty,expense,1
mì tôm hảo hảo ầm ầm #862 296 ngàn,Food,expense,1
xúc xích ăn liền flexing #3655 104 cành,Food,expense,1
gấu bông labubu chill chill #3291 143k,Shopping,expense,1
sửa vòi nước hỏng xu cà na #7078 37 ngàn,Housing,expense,1
mua nước súc miệng listerine đỉnh nóc kịch trần #2523 279k,Health,expense,1
hủ tiếu gõ ét ô ét 115.000 đồng,Food,expense,1
đặt xe grabbike over hợp #6444 130 ngàn,Transport,expense,1
vé concert anh trai vibe đỉnh #3402 415K,Entertainment,expense,1
thưởng nhân viên xuất sắc vibe đỉnh #315 2758K,Bonus,income,1
rong biển cuộn cơm vô tri #1689 163k,Food,expense,1
nước tẩy trang bioderma gét gô #4320 441 cành,Beauty,expense,1
mua khóa học udemy slay 413k,Education,expense,1
gửi xe trung tâm thương mại kiếp nạn thứ 82 #1379 122k,Transport,expense,1
vào rạp chiếu phim lotte vô tri #2849 492 ngàn,Entertainment,expense,1
nem chua rán ngon nhức nách 52k,Food,expense,1
vé xe limousine về quê vô tri 356.000 đồng,Transport,expense,1
tiền thưởng kpi tháng healing #9796 11849 cành,Bonus,income,1
nệm cao su non vibe đỉnh 142k,Housing,expense,1
lương designer freelance ét ô ét 2.141.000 đồng,Salary,income,1
rong biển cuộn cơm cháy phố 412 ngàn,Food,expense,1
đóng tiền phạt muộn cứu rỗi tâm hồn 449K,Investment,expense,1
tiền chung cư mini 113k,Housing,expense,1
lẩu haidilao ét ô ét 405 cành,Food,expense,1
sửa vòi nước hỏng vô tri 323k,Housing,expense,1
trà chanh giã tay healing #8199 160 cành,Food,expense,1
mua game trên steam vô tri #5643 100k,Entertainment,expense,1
thuê gia sư kèm 1-1 cháy phố #3800 146 cành,Education,expense,1
sữa rửa mặt cetaphil xu cà na #7144 447k,Beauty,expense,1
nước ép hoa quả healthy ầm ầm 500.000 đồng,Food,expense,1
mì cay cấp độ 7 chill chill 321 cành,Food,expense,1
tiền bố mẹ tiếp tế vô tri #4978 8012k,Business,income,1
kem chống nắng nâng tông vibe đỉnh #5430 304 ngàn,Beauty,expense,1
tiền bonus từ khách hàng #6418 6.9Tr,Bonus,income,1
phí dịch vụ chung cư ét ô ét #1190 380k,Housing,expense,1
tai nghe bluetooth chụp tai ét ô ét #2855 214K,Shopping,expense,1
bắt grabcar đi tiệc cháy phố 404K,Transport,expense,1
in tài liệu tiểu luận ét ô ét 452k,Education,expense,1
mua khóa học udemy ầm ầm #8114 167k,Education,expense,1
góp quỹ từ thiện trường mlem mlem #691 72k,Charity,expense,1
hạt granola kiếp nạn thứ 82 84k,Food,expense,1
vào rạp chiếu phim lotte healing #9366 479k,Entertainment,expense,1
mua bông y tế tẩy trang cứu rỗi tâm hồn #878 462k,Health,expense,1
đi siêu thị go sắm đồ xu cà na #9681 301k,Shopping,expense,1
bia chill cùng bạn cứu rỗi tâm hồn #7158 497k,Food,expense,1
bút calligraphy healing 216k,Shopping,expense,1
vé máy bay vietjet flexing 212 cành,Transport,expense,1
đi chợ đầu mối ngon nhức nách #4591 81k,Shopping,expense,1
thẻ xe bus điện vinbus cháy phố #3093 353K,Transport,expense,1
mua quà tạ lỗi bồ #1036 331k,Social,expense,1
thưởng chuyên cần kiếp nạn thứ 82 #1095 8369k,Bonus,income,1
mua quần áo local brand over hợp #928 132K,Shopping,expense,1
đã chuyển khoản quỹ chưa nhỉ,Food,expense,0
gọi bebike đi học kiếp nạn thứ 82 #2498 194k,Transport,expense,1
tủ quần áo lắp ráp #8081 471k,Housing,expense,1
tiền bán hàng shopee slay #4481 5.6tr,Business,income,1
sinh tố bơ ngon ngậy xu cà na #6933 126k,Food,expense,1
lương thực tập sinh bèo bọt cháy phố #5967 14.2tr,Salary,income,1
tiền mạng internet wifi xu cà na #4455 183k,Housing,expense,1
bạc sỉu đá hết nấc #2866 352k,Food,expense,1
tiền bonus từ khách hàng cháy phố 13.452.000 đồng,Bonus,income,1
hủ tiếu gõ healing 388k,Food,expense,1
thưởng nóng từ sếp ầm ầm #5393 12484 cành,Bonus,income,1
nước khoáng aquafina over hợp 48k,Food,expense,1
đu đỉnh chứng khoán đỉnh nóc kịch trần #8075 98 cành,Investment,expense,1
tiền bao người yêu đi ăn chill chill #6748 483k,Social,expense,1
mua nước lau sàn thơm vibe đỉnh #7625 189K,Housing,expense,1
bán tài liệu học tập cũ gét gô 2812k,Business,income,1
mixue kem cây xu cà na #1142 333 cành,Food,expense,1
trà sữa phê la slay #9419 270 ngàn,Food,expense,1
vé đi triển lãm nghệ thuật cứu rỗi tâm hồn 203k,Entertainment,expense,1
săn sale kẹp tóc kiếp nạn thứ 82 454k,Shopping,expense,1
nước ngọt coca zero vibe đỉnh #3276 259k,Food,expense,1
mua thuốc uống cảm cúm gét gô #558 318k,Health,expense,1
nước tẩy trang bioderma đỉnh nóc kịch trần #5023 314k,Beauty,expense,1
vitamin c trắng da healing #8523 302.000 đồng,Health,expense,1
vé xe limousine về quê ét ô ét #1476 132k,Transport,expense,1
ting ting lương công ty xu cà na #9878 12228K,Salary,income,1
tiền thanh lý đồ cũ pass đồ over hợp 1.6tr,Business,income,1
bún bò huế full topping vibe đỉnh #8960 102k,Food,expense,1
lương part-time rủng rỉnh đỉnh nóc kịch trần #4277 7852k,Salary,income,1
nem chua rán vibe đỉnh #863 56 cành,Food,expense,1
tiền gửi xe hàng tháng gét gô #4601 130k,Investment,expense,1
học phí học lái xe ô tô chill chill #6698 425 ngàn,Education,expense,1
mua khóa học udemy cứu rỗi tâm hồn #8203 72 ngàn,Education,expense,1
sữa rửa mặt cetaphil ét ô ét 313k,Beauty,expense,1
tiền bao người yêu đi ăn over hợp 194.000 đồng,Social,expense,1
vé xem phim cgv kiếp nạn thứ 82 #6587 130k,Entertainment,expense,1
mua nước súc miệng listerine flexing #7893 100 ngàn,Health,expense,1
sữa chua hy lạp over hợp #5184 208k,Food,expense,1
lương làm mẫu ảnh đỉnh nóc kịch trần 5288K,Salary,income,1
lẩu haidilao ầm ầm #9872 261k,Food,expense,1
nạp vip spotify slay #7113 310k,Entertainment,expense,1
lệ phí thi lại môn ngon nhức nách #7517 137 cành,Education,expense,1
lương thực tập sinh bèo bọt ầm ầm #6427 14.7tr,Salary,income,1
gửi xe trung tâm thương mại xịn xò 403k,Transport,expense,1
nước cốt xương đỉnh nóc kịch trần #3659 365 cành,Food,expense,1
tiền đóng bảo hiểm y tế vô tri #2118 181 cành,Health,expense,1
dầu gội bưởi mọc tóc cháy phố #7793 81.000 đồng,Beauty,expense,1
son tint bóng mlem mlem 495k,Beauty,expense,1
săn sale kẹp tóc vô tri 40 cành,Shopping,expense,1
mặt nạ đất sét đỉnh nóc kịch trần #4222 321k,Beauty,expense,1
tiền quỹ lớp mlem mlem 230 ngàn,Education,expense,1
mua bao cao su durex xịn xò 288k,Health,expense,1
ét ô ét cứu cái phòng trọ này,Housing,expense,0
phở cuốn slay 383 cành,Food,expense,1
nước ngọt coca zero xịn xò 436k,Food,expense,1
ăn sập sình kiếp nạn thứ 82 #5256 425k,Food,expense,1
tiền cho bạn vay giờ đòi được mlem mlem #6598 4.7Tr,Business,income,1
thu nhập affliate tiktok shop vô tri 8995 cành,Business,income,1
vitamin c trắng da mlem mlem 337k,Health,expense,1
yến mạch giảm cân gét gô 282k,Food,expense,1
đu đỉnh chứng khoán đỉnh nóc kịch trần #245 342 cành,Investment,expense,1
lương làm trợ giảng kiếp nạn thứ 82 #8165 3782 cành,Salary,income,1
bình giữ nhiệt stanley vô tri #6086 496 ngàn,Shopping,expense,1
tiền thưởng dự án xuất sắc ầm ầm #3812 10832 ngàn,Bonus,income,1
tủ quần áo lắp ráp slay #1602 436K,Housing,expense,1
gọi bebike đi học xịn xò #4974 227k,Transport,expense,1
ét ô ét cứu cái phòng trọ này,Housing,expense,0
tiền thưởng dự án xuất sắc flexing #8890 12316 ngàn,Bonus,income,1
kem chống nắng nâng tông ngon nhức nách 93k,Beauty,expense,1
mua game trên steam vibe đỉnh #9351 450k,Entertainment,expense,1
lương thực tập sinh bèo bọt cứu rỗi tâm hồn #2083 13654 cành,Salary,income,1
thưởng ngày lễ 30/4 ngon nhức nách 4556 cành,Bonus,income,1
bia chill cùng bạn ầm ầm 465k,Food,expense,1
kẹp bấm mi xịn ét ô ét #7292 298 cành,Beauty,expense,1
thưởng chuyên cần chill chill 2.6củ,Bonus,income,1
tiền xăng xe tay ga hết nấc #2685 371 cành,Transport,expense,1
vitamin c trắng da vibe đỉnh #4410 427k,Health,expense,1
tiền thưởng dự án xuất sắc healing #4195 1077k,Bonus,income,1
nạp thẻ game liên quân ngon nhức nách #7307 78k,Entertainment,expense,1
quạt tích điện để bàn kiếp nạn thứ 82 465k,Shopping,expense,1
mặt nạ đất sét chill chill #3421 259k,Beauty,expense,1
học phí khóa học photoshop #5020 114k,Education,expense,1
đế đỡ điện thoại gét gô 210k,Shopping,expense,1
ốp lưng iphone xịn xò vibe đỉnh #1353 72k,Shopping,expense,1
chốt đơn hoodie oversize chill chill #2695 326K,Shopping,expense,1
tiền lãi đầu tư coin đỉnh nóc kịch trần #6307 11136k,Business,income,1
cushion che khuyết điểm flexing #185 372.000 đồng,Beauty,expense,1
vé concert anh trai kiếp nạn thứ 82 #8869 290k,Entertainment,expense,1
lương admin fanpage healing #3113 12550 ngàn,Salary,income,1
chơi boardgame cùng hội bạn xịn xò 125 cành,Entertainment,expense,1
khoai lang mật gét gô #8879 478 cành,Food,expense,1
thưởng nhân viên xuất sắc cháy phố #222 13.1Tr,Bonus,income,1
đu đỉnh chứng khoán over hợp 70K,Investment,expense,1
lương cứng mỗi tháng ngon nhức nách 2917K,Salary,income,1
thưởng chuyên cần mlem mlem #9923 2765 cành,Bonus,income,1
nem chua rán cứu rỗi tâm hồn #4022 237k,Food,expense,1
trà đào cam sả slay 317K,Food,expense,1
lệ phí thi lại môn flexing #8000 136k,Education,expense,1
chơi boardgame cùng hội bạn ầm ầm 173k,Entertainment,expense,1
bán tài liệu học tập cũ healing #1999 14331k,Business,income,1
nệm cao su non 192 cành,Housing,expense,1
gói netflix xem phim đỉnh nóc kịch trần 434 cành,Entertainment,expense,1
nạp vip spotify mlem mlem #4824 333K,Entertainment,expense,1
tiền thuê phòng trọ vibe đỉnh 252 ngàn,Housing,expense,1
yến mạch giảm cân vibe đỉnh 393k,Food,expense,1
túi sưởi mini slay #9209 412k,Shopping,expense,1
mua đồ về làm mukbang cháy phố 434k,Food,expense,1
vé đi triển lãm nghệ thuật chill chill #3538 358K,Entertainment,expense,1
học phí khóa học photoshop vibe đỉnh 171k,Education,expense,1
tẩy tế bào chết cocoon ầm ầm #6794 45K,Beauty,expense,1
thưởng vượt doanh số chill chill #2090 14.0tr,Bonus,income,1
thưởng chuyên cần ét ô ét #1764 11.2củ,Bonus,income,1
mua game trên steam xu cà na #5120 307k,Entertainment,expense,1
lương thực tập sinh bèo bọt xu cà na #5574 3308 cành,Salary,income,1
thu nhập từ kênh youtube flexing 945k,Business,income,1
trà chanh giã tay slay #9457 77K,Food,expense,1
tiền cọc phòng trọ flexing #1503 42 ngàn,Housing,expense,1
tiền thưởng dự án xuất sắc đỉnh nóc kịch trần #2729 11002 ngàn,Bonus,income,1
mua quần jean ống rộng ngon nhức nách #5062 127k,Shopping,expense,1
quyên góp từ thiện chống lũ flexing #9899 441K,Charity,expense,1
nước ngọt coca zero ngon nhức nách 32k,Food,expense,1
k buffet đỉnh nóc kịch trần 149K,Food,expense,1
đóng tiền phạt muộn vô tri #5836 399k,Investment,expense,1
tiền bán hàng shopee slay #6074 9778 cành,Business,income,1
mua tài liệu ôn thi xịn xò 167K,Education,expense,1
gà rán jollibee mlem mlem #1009 345k,Food,expense,1
tiền mạng internet wifi healing #8659 72k,Housing,expense,1
nệm cao su non flexing 379.000 đồng,Housing,expense,1
ting ting lương công ty hết nấc 13.486.000 đồng,Salary,income,1
mua quà tạ lỗi bồ flexing 495k,Social,expense,1
nước tẩy trang bioderma gét gô #7695 236.000 đồng,Beauty,expense,1
tiền thưởng dự án xuất sắc ét ô ét #2553 8226K,Bonus,income,1
thưởng nhân viên xuất sắc mlem mlem #2441 2.5Tr,Bonus,income,1
mua game trên steam xu cà na #7587 452k,Entertainment,expense,1
mua khẩu trang 4d healing #8954 98k,Health,expense,1
chốt đơn shopee live ngon nhức nách #3229 261k,Shopping,expense,1
tiền phạt vi phạm giao thông gét gô #556 286k,Transport,expense,1
thuốc nhỏ mũi xịt over hợp 334.000 đồng,Health,expense,1
nước ngọt coca zero vô tri #9895 322K,Food,expense,1
tiền bonus từ khách hàng cháy phố #5191 2.1củ,Bonus,income,1
nhận lương viết content 8.6củ,Salary,income,1
thưởng sinh nhật công ty xu cà na #5011 7.915.000 đồng,Bonus,income,1
thưởng vượt doanh số xu cà na #5312 954 ngàn,Bonus,income,1
tiền thưởng kpi tháng 13.144.000 đồng,Bonus,income,1
cushion che khuyết điểm hết nấc 282.000 đồng,Beauty,expense,1
lẩu haidilao over hợp #2531 491k,Food,expense,1
chốt đơn shopee live cứu rỗi tâm hồn #4110 207k,Shopping,expense,1
đi siêu thị go sắm đồ đỉnh nóc kịch trần #3806 479.000 đồng,Shopping,expense,1
kem chống nắng nâng tông đỉnh nóc kịch trần #956 368k,Beauty,expense,1
học phí khóa học photoshop #7291 466K,Education,expense,1
khoai lang mật xịn xò #631 153k,Food,expense,1
tiền vệ sinh rác thải ầm ầm 465k,Housing,expense,1
mua quần áo local brand xu cà na #5713 83.000 đồng,Shopping,expense,1
tiền cọc phòng trọ flexing 141 ngàn,Housing,expense,1
săn sale kẹp tóc healing #3086 258k,Shopping,expense,1
mặt nạ đất sét vibe đỉnh #827 471.000 đồng,Beauty,expense,1
rửa xe máy sạch bong gét gô #601 84 ngàn,Transport,expense,1
vé xe limousine về quê ầm ầm 285k,Transport,expense,1
gói khám sức khỏe tổng quát chill chill #3267 454k,Health,expense,1
góp quỹ từ thiện trường chill chill #9755 22k,Charity,expense,1
book phòng homestay đà lạt cháy phố #5347 310 cành,Transport,expense,1
tiền cọc phòng trọ hết nấc #4202 129k,Housing,expense,1
mua bông y tế tẩy trang xịn xò #8793 391k,Health,expense,1
mua khóa cửa vân tay vô tri 345 cành,Housing,expense,1
nước hoa mini ét ô ét #7934 10 ngàn,Beauty,expense,1
nạp vip spotify xu cà na #8443 222K,Entertainment,expense,1
phở cuốn xịn xò #2421 300k,Food,expense,1
bún bò huế full topping cháy phố #9265 130k,Food,expense,1
hủ tiếu gõ đỉnh nóc kịch trần 83.000 đồng,Food,expense,1
kẹp bấm mi xịn cháy phố 425 cành,Beauty,expense,1
đóng tiền phạt muộn ầm ầm #1624 55K,Investment,expense,1
đi đu idol kpop chill chill 305K,Entertainment,expense,1
mua khóa học udemy vô tri 484 cành,Education,expense,1
đặt xe grabbike mlem mlem #722 462k,Transport,expense,1
sushi băng chuyền flexing #1006 357 ngàn,Food,expense,1
lợi nhuận bán quần áo secondhand ầm ầm #6475 13773K,Business,income,1
tiền quỹ nhóm chia đều cứu rỗi tâm hồn #999 1.5Tr,Business,income,1
mua nước lau sàn thơm flexing 460k,Housing,expense,1
thảm lau chân dễ thương đỉnh nóc kịch trần #2967 115k,Shopping,expense,1
túi sưởi mini vibe đỉnh #4566 333 ngàn,Shopping,expense,1
tẩy tế bào chết cocoon gét gô 340 ngàn,Beauty,expense,1
kệ để đồ mĩ phẩm slay #3444 497.000 đồng,Shopping,expense,1
vớ tất cao cổ #5284 117.000 đồng,Shopping,expense,1
tiền mua đồ thắp hương healing 378k,Investment,expense,1
lương làm trợ giảng mlem mlem #8134 611k,Salary,income,1
tiền lãi đầu tư coin vô tri #6964 11331K,Business,income,1
trà sữa phúc long healing #1717 153K,Food,expense,1
mua nước lau sàn thơm xịn xò 170K,Housing,expense,1
mua máy sấy tóc ầm ầm #9683 107k,Housing,expense,1
tiền thưởng dự án xuất sắc kiếp nạn thứ 82 10900k,Bonus,income,1
bình giữ nhiệt stanley chill chill #100 26k,Shopping,expense,1
mua bút highlight 280 ngàn,Education,expense,1
thưởng ngày lễ 30/4 cứu rỗi tâm hồn #9931 5.5củ,Bonus,income,1
mua bao cao su durex ét ô ét #456 370 ngàn,Health,expense,1
tiền gửi xe hàng tháng cháy phố #3322 398k,Investment,expense,1
đu đỉnh chứng khoán xu cà na #9989 105k,Investment,expense,1
nạp vip spotify over hợp 332.000 đồng,Entertainment,expense,1
vào rạp chiếu phim lotte vibe đỉnh #591 276.000 đồng,Entertainment,expense,1
tẩy tế bào chết cocoon ngon nhức nách 87k,Beauty,expense,1
tiền vệ sinh rác thải kiếp nạn thứ 82 232k,Housing,expense,1
hủ tiếu gõ ầm ầm 187.000 đồng,Food,expense,1
đèn led hoàng hôn cứu rỗi tâm hồn 233k,Shopping,expense,1
ức gà ăn kiêng mlem mlem #4817 163k,Food,expense,1
bảng mắt màu khói ngon nhức nách #3386 183k,Beauty,expense,1
bán tài liệu học tập cũ healing #6240 1795K,Business,income,1
mua vàng tích trữ gét gô 380k,Investment,expense,1
kệ để đồ mĩ phẩm ầm ầm #6539 272 cành,Shopping,expense,1
đồ ăn vặt cổng trường vibe đỉnh #3308 212k,Food,expense,1
sticker dán laptop cứu rỗi tâm hồn #3314 478k,Shopping,expense,1
highlands phindi ét ô ét #540 84 ngàn,Food,expense,1
tiền thuê phòng trọ mlem mlem 129k,Housing,expense,1
tiền quỹ lớp vô tri #7691 213k,Education,expense,1
săn áo thun t-shirt xịn xò 124.000 đồng,Shopping,expense,1
tiền gửi xe hàng tháng #1083 484k,Investment,expense,1
tiền cà phê giao lưu đối tác vibe đỉnh #2929 346k,Investment,expense,1
vào rạp chiếu phim lotte cháy phố #3551 110k,Entertainment,expense,1
lương cứng mỗi tháng kiếp nạn thứ 82 #3625 1.235.000 đồng,Salary,income,1
lương thực tập sinh bèo bọt healing #4642 7.7củ,Salary,income,1
vé concert anh trai healing #6283 261k,Entertainment,expense,1
tiền thanh lý đồ cũ pass đồ gét gô #7713 11475K,Business,income,1
vé concert anh trai slay #7310 321k,Entertainment,expense,1
đu đỉnh chứng khoán ngon nhức nách #9961 130 ngàn,Investment,expense,1
lương admin fanpage mlem mlem #4857 9.794.000 đồng,Salary,income,1
son tint bóng flexing 272K,Beauty,expense,1
tiền lì xì tết tốn kém cháy phố #3528 238k,Investment,expense,1
mua bút highlight #2392 311k,Education,expense,1
bánh tráng trộn xu cà na 403K,Food,expense,1
đăng ký test toeic cứu rỗi tâm hồn #7942 353.000 đồng,Education,expense,1
bún bò huế full topping hết nấc #5609 237 ngàn,Food,expense,1
tiền nhổ răng khôn khóc thét over hợp #115 227.000 đồng,Health,expense,1
mua phụ kiện vòng tay flexing #1113 106 cành,Shopping,expense,1
mặt nạ đất sét hết nấc 259K,Beauty,expense,1
bắt grabcar đi tiệc vô tri #3126 351 ngàn,Transport,expense,1
vitamin c trắng da chill chill #6169 306k,Health,expense,1
tiền vệ sinh rác thải vibe đỉnh 433k,Housing,expense,1
thưởng ngày lễ 30/4 vô tri #6485 12759k,Bonus,income,1
đóng tiền phạt muộn kiếp nạn thứ 82 #6597 393k,Investment,expense,1
lãi gửi tiết kiệm ngân hàng over hợp #9518 11535k,Business,income,1
đi siêu thị go sắm đồ vibe đỉnh #8720 301.000 đồng,Shopping,expense,1
son tint bóng ét ô ét 21k,Beauty,expense,1
thưởng ngày lễ 30/4 cứu rỗi tâm hồn 5.599.000 đồng,Bonus,income,1
sổ tay bullet journal xịn xò #3730 387k,Shopping,expense,1
tiền bonus từ khách hàng ngon nhức nách #1370 9.4tr,Bonus,income,1
hát karaoke cháy máy vô tri 285k,Entertainment,expense,1
lương admin fanpage cháy phố #712 2565 cành,Salary,income,1
đu đỉnh coin xịn xò 183.000 đồng,Investment,expense,1
nhận lương chạy grab kịch sàn gét gô #1408 7410 ngàn,Salary,income,1
rau hữu cơ bách hóa xanh xu cà na 468k,Food,expense,1
nệm cao su non cứu rỗi tâm hồn #7970 485.000 đồng,Housing,expense,1
nước cốt xương mlem mlem 363k,Food,expense,1
nạp vip spotify vô tri 168K,Entertainment,expense,1
tiền gửi xe hàng tháng cháy phố #3289 432K,Investment,expense,1
chi phí đổi căn cước công dân chill chill 149k,Investment,expense,1
đi siêu thị go sắm đồ đỉnh nóc kịch trần #4060 324k,Shopping,expense,1
quyên góp từ thiện chống lũ ét ô ét 324k,Charity,expense,1
mua bao cao su durex xịn xò #8495 161k,Health,expense,1
sửa vòi nước hỏng over hợp #5834 92k,Housing,expense,1
tiền khám bệnh phòng khám ét ô ét 280K,Health,expense,1
tiền thưởng kpi tháng ngon nhức nách 1577 cành,Bonus,income,1
mua máy sấy tóc hết nấc 91 ngàn,Housing,expense,1
tiền mạng internet wifi slay #9193 269 cành,Housing,expense,1
bia chill cùng bạn cháy phố 500.000 đồng,Food,expense,1
chốt đơn túi xách đeo chéo hết nấc #4955 339.000 đồng,Shopping,expense,1
mua quần jean ống rộng #2992 222k,Shopping,expense,1
tiền khám bệnh phòng khám #3489 141 ngàn,Health,expense,1
lương thực tập sinh bèo bọt healing #8417 10.3tr,Salary,income,1
trứng gà so đỉnh nóc kịch trần #6928 465k,Food,expense,1
tai nghe bluetooth chụp tai ét ô ét #5839 441K,Shopping,expense,1
sushi băng chuyền vibe đỉnh 392K,Food,expense,1
tiền quỹ lớp vô tri 59 ngàn,Education,expense,1
mua tài liệu ôn thi đỉnh nóc kịch trần 246k,Education,expense,1
mua thuốc uống cảm cúm vibe đỉnh #9354 182.000 đồng,Health,expense,1
mua sách truyện manga ngon nhức nách #5238 349K,Entertainment,expense,1
mì cay cấp độ 7 over hợp #4885 243 cành,Food,expense,1
thuê xe máy đi phượt cứu rỗi tâm hồn #8498 171k,Transport,expense,1
tiền mừng cưới bạn thân over hợp #8693 125.000 đồng,Social,expense,1
lương làm trợ giảng vô tri #2065 9.357.000 đồng,Salary,income,1
lương part-time rủng rỉnh slay #5902 4.663.000 đồng,Salary,income,1
vé máy bay vietjet mlem mlem #2090 355k,Transport,expense,1
mua sách truyện manga slay #9058 456k,Entertainment,expense,1
tiền nhận từ booking quảng cáo xịn xò 9.889.000 đồng,Business,income,1
matcha latte xịn sò vibe đỉnh #2350 481k,Food,expense,1
rong biển cuộn cơm chill chill #9174 28 ngàn,Food,expense,1
lẩu haidilao xu cà na #8585 128k,Food,expense,1
tiền mạng internet wifi healing #7532 131 ngàn,Housing,expense,1
chốt đơn shopee live slay #9610 447K,Shopping,expense,1
đóng tiền phạt muộn kiếp nạn thứ 82 340K,Investment,expense,1
in tài liệu tiểu luận ầm ầm #6919 294K,Education,expense,1
nệm cao su non mlem mlem #6658 345k,Housing,expense,1
nạp thẻ game liên quân vibe đỉnh #9090 93k,Entertainment,expense,1
gấu bông labubu #2590 94 cành,Shopping,expense,1
chốt đơn hoodie oversize ét ô ét 425.000 đồng,Shopping,expense,1
trà sữa gongcha vô tri 17k,Food,expense,1
sổ tay bullet journal healing #7715 167k,Shopping,expense,1
mua sách truyện manga vô tri #1922 499k,Entertainment,expense,1
kệ để đồ mĩ phẩm ngon nhức nách 245K,Shopping,expense,1
mặt nạ đất sét kiếp nạn thứ 82 #3555 102k,Beauty,expense,1
mua bút highlight đỉnh nóc kịch trần 77k,Education,expense,1
lương designer freelance vibe đỉnh #9397 484K,Salary,income,1
lương admin fanpage ngon nhức nách #6049 14841 cành,Salary,income,1
mua phụ kiện vòng tay ngon nhức nách 326 cành,Shopping,expense,1
mua quần áo local brand mlem mlem #7870 69K,Shopping,expense,1
mua game trên steam gét gô 64 ngàn,Entertainment,expense,1
tiền vệ sinh rác thải xu cà na #2930 387k,Housing,expense,1
kimbap siêu dài chill chill #3830 125.000 đồng,Food,expense,1
bia chill cùng bạn vibe đỉnh #7832 121k,Food,expense,1
rau hữu cơ bách hóa xanh cứu rỗi tâm hồn #6121 106 cành,Food,expense,1
mua thuốc uống cảm cúm kiếp nạn thứ 82 #1233 408k,Health,expense,1
mua quần áo local brand ngon nhức nách #5572 69K,Shopping,expense,1
sửa vòi nước hỏng vô tri #6485 116 ngàn,Housing,expense,1
gửi xe trung tâm thương mại xu cà na #3494 95k,Transport,expense,1
quyên góp từ thiện chống lũ xịn xò #5649 440K,Charity,expense,1
gói khám sức khỏe tổng quát slay #3076 492k,Health,expense,1
tiền nhổ răng khôn khóc thét gét gô #2263 107 ngàn,Health,expense,1
tiền khám bệnh phòng khám vibe đỉnh #4074 480k,Health,expense,1
thưởng nhân viên xuất sắc ngon nhức nách #1201 5.0tr,Bonus,income,1
phòng lướt net net cỏ slay #2872 226 ngàn,Entertainment,expense,1
tiền thưởng dự án xuất sắc kiếp nạn thứ 82 #3543 8967k,Bonus,income,1
tiền cọc phòng trọ xu cà na #3787 287k,Housing,expense,1
tiền vệ sinh rác thải vibe đỉnh #248 76k,Housing,expense,1
học phí đại học khóc thét over hợp 424.000 đồng,Education,expense,1
tiền lãi chứng khoán nổ hũ hết nấc #3113 395 ngàn,Business,income,1
mua kính râm thời trang kiếp nạn thứ 82 315 ngàn,Shopping,expense,1
chì kẻ mày phẩy sợi vibe đỉnh #5713 196 cành,Beauty,expense,1
ting ting lương công ty xu cà na #1588 6.9tr,Salary,income,1
popmart blindbox cứu rỗi tâm hồn 89k,Shopping,expense,1
tiền đóng bảo hiểm y tế hết nấc #4603 127K,Health,expense,1
mua kính râm thời trang cháy phố #7173 74k,Shopping,expense,1
gói khám sức khỏe tổng quát flexing #632 418K,Health,expense,1
mua quần áo local brand kiếp nạn thứ 82 #5154 59.000 đồng,Shopping,expense,1
đi bar pub quẩy hết nấc 92k,Entertainment,expense,1
vào rạp chiếu phim lotte vibe đỉnh #4698 375K,Entertainment,expense,1
tiền đóng bảo hiểm y tế cháy phố 463K,Health,expense,1
tiền bao người yêu đi ăn ầm ầm 423 cành,Social,expense,1
mua bông y tế tẩy trang chill chill 485k,Health,expense,1
nước cốt xương cháy phố #9548 97k,Food,expense,1
tủ quần áo lắp ráp ầm ầm 429k,Housing,expense,1
tiền mạng internet wifi healing #9689 488 cành,Housing,expense,1
matcha latte xịn sò healing 77 cành,Food,expense,1
chốt đơn túi xách đeo chéo over hợp 102.000 đồng,Shopping,expense,1
trà sữa phê la xịn xò 380 cành,Food,expense,1
tiền thanh lý đồ cũ pass đồ cứu rỗi tâm hồn #8837 324k,Business,income,1
mì trộn indomie hết nấc #3422 121K,Food,expense,1
trà chanh giã tay cháy phố #1493 185k,Food,expense,1
hủ tiếu gõ healing #2319 471.000 đồng,Food,expense,1
xiên bẩn healing #7124 396k,Food,expense,1
lương cứng mỗi tháng flexing #5511 13916k,Salary,income,1
gọi bebike đi học ét ô ét #4714 409.000 đồng,Transport,expense,1
tiền sinh nhật đứa bạn vibe đỉnh #3774 414k,Social,expense,1
lương designer freelance mlem mlem 1657 ngàn,Salary,income,1
vé đi triển lãm nghệ thuật chill chill #8329 379K,Entertainment,expense,1
mì tôm hảo hảo đỉnh nóc kịch trần #1424 25k,Food,expense,1
mua nước lau sàn thơm slay #8730 227.000 đồng,Housing,expense,1
bạc sỉu đá cháy phố #405 149k,Food,expense,1
ăn sập sình slay #8392 64.000 đồng,Food,expense,1
cà phê muối flexing #4640 442k,Food,expense,1
son tint bóng over hợp #4172 136 cành,Beauty,expense,1
in tài liệu tiểu luận chill chill 368k,Education,expense,1
thưởng sinh nhật công ty chill chill 13609 cành,Bonus,income,1
bắt grabcar đi tiệc healing 50.000 đồng,Transport,expense,1
nước ngọt coca zero healing #1957 232 ngàn,Food,expense,1
lẩu haidilao ét ô ét #5326 137k,Food,expense,1
tiền đóng bảo hiểm y tế flexing 392K,Health,expense,1
đi chill acoustic đỉnh nóc kịch trần #1834 242 cành,Entertainment,expense,1
hủ tiếu gõ ét ô ét #7447 160K,Food,expense,1
in tài liệu tiểu luận hết nấc #7896 32k,Education,expense,1
sổ tay bullet journal đỉnh nóc kịch trần #2641 113k,Shopping,expense,1
tiền nhận từ booking quảng cáo mlem mlem 13507 cành,Business,income,1
decor lại phòng trọ cháy phố #7266 495k,Housing,expense,1
thưởng nóng từ sếp hết nấc 1118 cành,Bonus,income,1
mua quần jean ống rộng slay #1961 177 cành,Shopping,expense,1
lương cứng mỗi tháng gét gô 11468 cành,Salary,income,1
lương làm mẫu ảnh vô tri #2612 10.7Tr,Salary,income,1
tiền mừng cưới bạn thân cứu rỗi tâm hồn #4035 119k,Social,expense,1
bia chill cùng bạn đỉnh nóc kịch trần #2373 39k,Food,expense,1
mua khóa cửa vân tay ngon nhức nách 439K,Housing,expense,1
rong biển cuộn cơm #5617 352.000 đồng,Food,expense,1
tiền lì xì tết tốn kém ầm ầm #1032 357k,Investment,expense,1
nhận lương chạy grab kịch sàn xịn xò #1174 7360K,Salary,income,1
mua khẩu trang 4d 320k,Health,expense,1
tiền nhận từ booking quảng cáo cháy phố 4.5Tr,Business,income,1
mua quần áo local brand kiếp nạn thứ 82 213.000 đồng,Shopping,expense,1
lãi gửi tiết kiệm ngân hàng over hợp 8.7tr,Business,income,1
bảo dưỡng xe máy vibe đỉnh #3164 329k,Transport,expense,1
lẩu haidilao hết nấc #819 425k,Food,expense,1
vớ tất cao cổ healing #5772 462k,Shopping,expense,1
tiền thưởng dự án xuất sắc ầm ầm #4321 312k,Bonus,income,1
chì kẻ mày phẩy sợi gét gô #2346 173k,Beauty,expense,1
tiền donate livestream xịn xò #2581 5.5tr,Business,income,1
nệm cao su non flexing #9197 211.000 đồng,Housing,expense,1
thuê gia sư kèm 1-1 slay 140k,Education,expense,1
bán tài liệu học tập cũ mlem mlem 8.772.000 đồng,Business,income,1
bún bò huế full topping healing #8039 279 ngàn,Food,expense,1
học phí đại học khóc thét mlem mlem 452k,Education,expense,1
tiền thưởng kpi tháng kiếp nạn thứ 82 8.6Tr,Bonus,income,1
đóng tiền phạt muộn ét ô ét #5612 494k,Investment,expense,1
mua sách tiếng anh mua 391k,Education,expense,1
bán tài liệu học tập cũ hết nấc #9288 11093K,Business,income,1
chơi boardgame cùng hội bạn chill chill #3905 251K,Entertainment,expense,1
chi phí đổi căn cước công dân cháy phố 175k,Investment,expense,1
mua quần áo local brand hết nấc 310k,Shopping,expense,1
bún đậu mắm tôm ngon nhức nách,Entertainment,expense,0
khóa học tiếng anh ielts ầm ầm #4945 126 cành,Education,expense,1
nạp vip spotify chill chill 174k,Entertainment,expense,1
tiền bố mẹ tiếp tế cứu rỗi tâm hồn 12.4tr,Business,income,1
vé máy bay vietjet ngon nhức nách #6368 454K,Transport,expense,1
đóng tiền phạt muộn vibe đỉnh #354 100k,Investment,expense,1
mua mũ bảo hiểm có kính flexing 39K,Transport,expense,1
mua nước lau sàn thơm cháy phố 108k,Housing,expense,1
quyên góp từ thiện chống lũ ầm ầm #7354 235.000 đồng,Charity,expense,1
chốt đơn hoodie oversize xịn xò #5090 379k,Shopping,expense,1
chì kẻ mày phẩy sợi gét gô #1677 493 cành,Beauty,expense,1
lợi nhuận bán quần áo secondhand xịn xò #9158 1847K,Business,income,1
popmart blindbox healing #7712 362k,Shopping,expense,1
bạc sỉu đá cháy phố #5371 338K,Food,expense,1
mua nước súc miệng listerine vibe đỉnh #8712 213k,Health,expense,1
thưởng vượt doanh số chill chill #7114 817k,Bonus,income,1
hát karaoke cháy máy đỉnh nóc kịch trần #9702 238.000 đồng,Entertainment,expense,1
mua sách truyện manga slay #1724 109.000 đồng,Entertainment,expense,1
mua khóa cửa vân tay flexing #8472 218 ngàn,Housing,expense,1
lợi nhuận bán quần áo secondhand slay #6304 7.6củ,Business,income,1
highlands phindi xịn xò 131 cành,Food,expense,1
lệ phí thi lại môn cháy phố 66.000 đồng,Education,expense,1
nước ngọt coca zero ngon nhức nách #3715 411k,Food,expense,1
mua máy sấy tóc #680 393k,Housing,expense,1
nước hoa mini hết nấc #219 304k,Beauty,expense,1
săn áo thun t-shirt #7798 167 ngàn,Shopping,expense,1
lợi nhuận bán quần áo secondhand 14.6Tr,Business,income,1
mua mũ bảo hiểm có kính hết nấc #984 470 cành,Transport,expense,1
rau hữu cơ bách hóa xanh xu cà na #2636 498.000 đồng,Food,expense,1
mua đồ về làm mukbang #2440 428K,Food,expense,1
tiền chung cư mini vibe đỉnh #7964 339 cành,Housing,expense,1
thảm lau chân dễ thương flexing 343 ngàn,Shopping,expense,1
săn áo thun t-shirt chill chill #2002 103k,Shopping,expense,1
hủ tiếu gõ #2829 277k,Food,expense,1
mua quà tạ lỗi bồ over hợp #5919 143.000 đồng,Social,expense,1
thẻ xe bus điện vinbus vô tri #9321 174k,Transport,expense,1
mua kính râm thời trang gét gô #4988 282 ngàn,Shopping,expense,1
rau hữu cơ bách hóa xanh cứu rỗi tâm hồn #9711 181k,Food,expense,1
tiền quỹ lớp mlem mlem #1525 430k,Education,expense,1
lợi nhuận bán quần áo secondhand xu cà na #5508 10570k,Business,income,1
tiền sinh nhật đứa bạn vibe đỉnh 471K,Social,expense,1
bia chill cùng bạn vibe đỉnh 82k,Food,expense,1
popmart blindbox hết nấc 332 ngàn,Shopping,expense,1
tiền bố mẹ tiếp tế xu cà na #5637 2755k,Business,income,1
son tint bóng ầm ầm #1182 83k,Beauty,expense,1
hủ tiếu gõ ngon nhức nách #1974 409.000 đồng,Food,expense,1
gấu bông labubu cứu rỗi tâm hồn #5833 408 cành,Shopping,expense,1
lương designer freelance 3282k,Salary,income,1
mua khóa cửa vân tay ngon nhức nách #7997 396k,Housing,expense,1
kimbap siêu dài đỉnh nóc kịch trần #2196 478.000 đồng,Food,expense,1
lợi nhuận bán quần áo secondhand mlem mlem 1307K,Business,income,1
quạt tích điện để bàn ngon nhức nách #6681 153.000 đồng,Shopping,expense,1
sổ tay bullet journal xịn xò #1693 339k,Shopping,expense,1
sữa chua hy lạp cháy phố #1372 47k,Food,expense,1
lương cứng mỗi tháng ét ô ét #6698 8278 cành,Salary,income,1
nhận lương viết content chill chill #5164 223k,Salary,income,1
mua bao cao su durex vô tri #8048 328 cành,Health,expense,1
đi chợ đầu mối over hợp #9993 390.000 đồng,Shopping,expense,1
bình giữ nhiệt stanley slay #7730 84 cành,Shopping,expense,1
gấu bông labubu xu cà na #2621 95k,Shopping,expense,1
lương admin fanpage #3270 14693K,Salary,income,1
nhận lương chạy grab kịch sàn ngon nhức nách #1294 813.000 đồng,Salary,income,1
kem chống nắng nâng tông xu cà na #2220 269 cành,Beauty,expense,1
thưởng nhân viên xuất sắc kiếp nạn thứ 82 #4086 6.0củ,Bonus,income,1
sữa rửa mặt cetaphil ngon nhức nách #4098 396K,Beauty,expense,1
xúc xích ăn liền cháy phố #5178 25k,Food,expense,1
sữa rửa mặt cetaphil #8893 199k,Beauty,expense,1
thưởng tết âm lịch ấm áp vibe đỉnh #8332 4290 ngàn,Bonus,income,1
lương part-time rủng rỉnh cứu rỗi tâm hồn #9279 9.9Tr,Salary,income,1
tiền trúng thưởng mini game vibe đỉnh #5884 5.654.000 đồng,Business,income,1
bún bò huế full topping gét gô 41k,Food,expense,1
rau hữu cơ bách hóa xanh xu cà na #3198 69.000 đồng,Food,expense,1
trà chanh giã tay vô tri 481 ngàn,Food,expense,1
tủ quần áo lắp ráp #6883 233 ngàn,Housing,expense,1
trà chanh giã tay ầm ầm #7080 364k,Food,expense,1
son tint bóng ngon nhức nách #8999 24k,Beauty,expense,1
decor lại phòng trọ gét gô #5988 41k,Housing,expense,1
mua khóa cửa vân tay slay 499k,Housing,expense,1
lương part-time rủng rỉnh cứu rỗi tâm hồn #7098 1.1Tr,Salary,income,1
tiền mạng internet wifi flexing #2664 424.000 đồng,Housing,expense,1
tiền cọc phòng trọ chill chill 310k,Housing,expense,1
lương designer freelance ét ô ét #4166 9.9củ,Salary,income,1
tiền lì xì tết tốn kém ầm ầm 219k,Investment,expense,1
đèn led hoàng hôn cứu rỗi tâm hồn #5004 59k,Shopping,expense,1
thu nhập từ kênh youtube flexing #1788 13.1tr,Business,income,1
bảng mắt màu khói đỉnh nóc kịch trần #5570 342k,Beauty,expense,1
decor lại phòng trọ cháy phố 370k,Housing,expense,1
săn sale kẹp tóc healing 116 ngàn,Shopping,expense,1
tiền gửi xe hàng tháng gét gô #714 217K,Investment,expense,1
nhận lương viết content kiếp nạn thứ 82 1221k,Salary,income,1
quyên góp từ thiện chống lũ #1619 157k,Charity,expense,1
mua tài liệu ôn thi 226 cành,Education,expense,1
thuê gia sư kèm 1-1 ét ô ét #4503 291.000 đồng,Education,expense,1
mua phụ kiện vòng tay đỉnh nóc kịch trần 286.000 đồng,Shopping,expense,1
mua vàng tích trữ healing #6070 183.000 đồng,Investment,expense,1
quyên góp từ thiện chống lũ mlem mlem 432k,Charity,expense,1
thuốc nhỏ mũi xịt slay #4012 296k,Health,expense,1
mì tôm hảo hảo gét gô #1190 77 ngàn,Food,expense,1
mua game trên steam hết nấc #4420 134.000 đồng,Entertainment,expense,1
tiền cho bạn vay giờ đòi được gét gô #4793 13.7củ,Business,income,1
popmart blindbox chill chill 31K,Shopping,expense,1
mì cay cấp độ 7 over hợp 462 ngàn,Food,expense,1
mua quần jean ống rộng flexing #9504 104k,Shopping,expense,1
đồ ăn vặt cổng trường mlem mlem #1177 416 cành,Food,expense,1
mua khóa cửa vân tay vibe đỉnh 423 cành,Housing,expense,1
thu nhập affliate tiktok shop xu cà na #5437 4103 cành,Business,income,1
mua đồ về làm mukbang gét gô #1472 76k,Food,expense,1
nước hoa mini mlem mlem #877 71k,Beauty,expense,1
tiền bonus từ khách hàng xịn xò #7002 3387 cành,Bonus,income,1
kem dưỡng phục hồi b5 vibe đỉnh 247 cành,Beauty,expense,1
lương thực tập sinh bèo bọt ầm ầm #5929 2400 ngàn,Salary,income,1
đặt xe grabbike kiếp nạn thứ 82 #9527 23K,Transport,expense,1
ốp lưng iphone xịn xò vibe đỉnh #7638 309 ngàn,Shopping,expense,1
lương thực tập sinh bèo bọt flexing #9193 7985k,Salary,income,1
tiền vệ sinh rác thải ngon nhức nách 420k,Housing,expense,1
thu nhập từ kênh youtube chill chill 5.4tr,Business,income,1
tiền sinh nhật đứa bạn cháy phố 400k,Social,expense,1
mua đồ tiktok shop xu cà na #4631 156k,Shopping,expense,1
vào rạp chiếu phim lotte 371.000 đồng,Entertainment,expense,1
khoai lang mật mlem mlem #5346 416 ngàn,Food,expense,1
nhận lương viết content #2033 12.668.000 đồng,Salary,income,1
lương thực tập sinh bèo bọt ầm ầm #8458 4.275.000 đồng,Salary,income,1
tiền bonus từ khách hàng healing #6188 4.7Tr,Bonus,income,1
thuê gia sư kèm 1-1 mlem mlem #9446 361k,Education,expense,1
thưởng nóng từ sếp kiếp nạn thứ 82 #4913 10.155.000 đồng,Bonus,income,1
tiền mừng cưới bạn thân gét gô 228k,Social,expense,1
vibe hôm nay heal lắm,Entertainment,expense,0
thu nhập từ kênh youtube vibe đỉnh #4760 9.9tr,Business,income,1
nước ép hoa quả healthy healing #4512 380.000 đồng,Food,expense,1
mua kính râm thời trang xu cà na #4013 83k,Shopping,expense,1
mua bút highlight gét gô 418 cành,Education,expense,1
ốp lưng iphone xịn xò 79K,Shopping,expense,1
lẩu haidilao cứu rỗi tâm hồn #7659 38 ngàn,Food,expense,1
bảo dưỡng xe máy đỉnh nóc kịch trần #700 191 cành,Transport,expense,1
ốp lưng iphone xịn xò xịn xò #4647 453k,Shopping,expense,1
mua khóa học udemy gét gô #5160 326K,Education,expense,1
decor lại phòng trọ healing #8732 181k,Housing,expense,1
hát karaoke cháy máy ét ô ét #1607 69K,Entertainment,expense,1
săn sale kẹp tóc cháy phố #3858 431k,Shopping,expense,1
bánh tráng phơi sương gét gô #303 468k,Food,expense,1
tiền quỹ lớp ầm ầm 498k,Education,expense,1
lệ phí thi lại môn flexing #3900 128k,Education,expense,1
nước cốt xương over hợp #2837 466 ngàn,Food,expense,1
book phòng homestay đà lạt cứu rỗi tâm hồn #6555 188k,Transport,expense,1
rửa xe máy sạch bong vô tri 127 ngàn,Transport,expense,1
chốt đơn túi xách đeo chéo hết nấc #6422 283k,Shopping,expense,1
phòng lướt net net cỏ cứu rỗi tâm hồn #1048 469 ngàn,Entertainment,expense,1
son tint bóng mlem mlem #9711 15.000 đồng,Beauty,expense,1
tiền thanh lý đồ cũ pass đồ cháy phố 14003 cành,Business,income,1
kem dưỡng phục hồi b5 cháy phố #7859 211K,Beauty,expense,1
trứng gà so mlem mlem 92.000 đồng,Food,expense,1
nhận lương chạy grab kịch sàn ngon nhức nách #9887 8284K,Salary,income,1
góp quỹ từ thiện trường mlem mlem 299 cành,Charity,expense,1
trà sữa phúc long cháy phố #2996 172k,Food,expense,1
nước hoa mini cứu rỗi tâm hồn #9133 410k,Beauty,expense,1
mua cây decor phòng ngủ chill chill 210k,Housing,expense,1
thưởng chuyên cần cháy phố #6666 8.727.000 đồng,Bonus,income,1
đi đu idol kpop over hợp 276k,Entertainment,expense,1
lãi gửi tiết kiệm ngân hàng chill chill #5541 5.7củ,Business,income,1
thu nhập từ kênh youtube over hợp #210 9.1củ,Business,income,1
mua bông y tế tẩy trang xịn xò #6522 482 ngàn,Health,expense,1
đu đỉnh chứng khoán xu cà na #3863 484k,Investment,expense,1
đóng tiền phạt muộn xịn xò 307k,Investment,expense,1
lương designer freelance chill chill #9094 14095 ngàn,Salary,income,1
thẻ xe bus điện vinbus chill chill #1699 479k,Transport,expense,1
chi phí đổi căn cước công dân flexing #4054 35.000 đồng,Investment,expense,1
tiền mừng cưới bạn thân vô tri #2691 460 ngàn,Social,expense,1
thưởng sinh nhật công ty hết nấc #1634 4229 cành,Bonus,income,1
tokbokki phô mai hết nấc #9368 482k,Food,expense,1
vé máy bay vietjet vô tri 44.000 đồng,Transport,expense,1
mua sách tiếng anh mua vibe đỉnh #1700 255k,Education,expense,1
tokbokki phô mai hết nấc #5025 133K,Food,expense,1
tiền mua đồ thắp hương kiếp nạn thứ 82 #4013 434k,Investment,expense,1
mua cây decor phòng ngủ ngon nhức nách #6286 52 cành,Housing,expense,1
gà rán jollibee kiếp nạn thứ 82 #3144 215k,Food,expense,1
thuê xe máy đi phượt cứu rỗi tâm hồn 174 cành,Transport,expense,1
mua quà tạ lỗi bồ xịn xò 68.000 đồng,Social,expense,1
bán tài liệu học tập cũ ầm ầm 7.4tr,Business,income,1
nạp thẻ game liên quân xịn xò 250 ngàn,Entertainment,expense,1
ức gà ăn kiêng xu cà na #4431 116.000 đồng,Food,expense,1
lương designer freelance cháy phố #2791 10.741.000 đồng,Salary,income,1
mua bút highlight kiếp nạn thứ 82 385K,Education,expense,1
cà phê muối vibe đỉnh #3100 233K,Food,expense,1
đu đỉnh coin vô tri #648 106K,Investment,expense,1
lương designer freelance hết nấc #2752 7.3tr,Salary,income,1
mì tôm hảo hảo ngon nhức nách #9421 412k,Food,expense,1
chốt đơn shopee live cứu rỗi tâm hồn #8122 81k,Shopping,expense,1
đồ ăn vặt cổng trường cháy phố 151k,Food,expense,1
tiền thưởng kpi tháng xu cà na #3025 10.9Tr,Bonus,income,1
lương thực tập sinh bèo bọt gét gô #8666 13.3tr,Salary,income,1
quyên góp từ thiện chống lũ kiếp nạn thứ 82 178K,Charity,expense,1
học phí khóa học photoshop ầm ầm #9267 325.000 đồng,Education,expense,1
khóa học tiếng anh ielts hết nấc #1227 315 ngàn,Education,expense,1
rửa xe máy sạch bong flexing #224 356k,Transport,expense,1
gửi xe trung tâm thương mại gét gô 179K,Transport,expense,1
mặt nạ đất sét cứu rỗi tâm hồn 287 cành,Beauty,expense,1
gói khám sức khỏe tổng quát xu cà na 217 ngàn,Health,expense,1
cà phê muối #9088 359k,Food,expense,1
bút calligraphy vibe đỉnh #7758 330k,Shopping,expense,1
mua kính râm thời trang #6360 419 cành,Shopping,expense,1
tokbokki phô mai xu cà na #7136 424K,Food,expense,1
mua máy sấy tóc mlem mlem #4974 315k,Housing,expense,1
mua bút highlight flexing 199 ngàn,Education,expense,1
vé máy bay vietjet ầm ầm #8038 201k,Transport,expense,1
mua game trên steam vibe đỉnh #4255 199k,Entertainment,expense,1
hủ tiếu gõ đỉnh nóc kịch trần #5192 393 ngàn,Food,expense,1
bún đậu mắm tôm ngon nhức nách ngon nhức nách #2984 287K,Food,expense,1
xiên bẩn xu cà na #530 195 ngàn,Food,expense,1
rửa xe máy sạch bong xu cà na #7965 88K,Transport,expense,1
mua trà hoa cúc ngủ ngon over hợp 331.000 đồng,Health,expense,1
tiền xăng xe tay ga cứu rỗi tâm hồn #2096 140 ngàn,Transport,expense,1
trà sữa phê la slay 273K,Food,expense,1
tiền thưởng kpi tháng ngon nhức nách #2674 1.851.000 đồng,Bonus,income,1
săn sale lazada 11.11 xịn xò 114K,Shopping,expense,1
vitamin c trắng da xu cà na 87 cành,Health,expense,1
xúc xích ăn liền gét gô 314k,Food,expense,1
phòng lướt net net cỏ chill chill 26K,Entertainment,expense,1
trà sữa phúc long healing #2764 188.000 đồng,Food,expense,1
thuốc nhỏ mũi xịt xịn xò 72k,Health,expense,1
nước tẩy trang bioderma gét gô #3898 216.000 đồng,Beauty,expense,1
mua bao cao su durex slay #8283 199K,Health,expense,1
lương part-time rủng rỉnh ét ô ét #3121 12609k,Salary,income,1
học phí đại học khóc thét vô tri #6407 493.000 đồng,Education,expense,1
hát karaoke cháy máy chill chill #9813 368 cành,Entertainment,expense,1
nhận lương viết content over hợp #839 5443 ngàn,Salary,income,1
tiền nhận từ booking quảng cáo flexing #2436 4.141.000 đồng,Business,income,1
thuốc nhỏ mũi xịt xu cà na #1312 186k,Health,expense,1
đăng ký lớp yoga #6235 367K,Education,expense,1
tẩy tế bào chết cocoon over hợp #1478 244 ngàn,Beauty,expense,1
gà rán jollibee ầm ầm #2309 102k,Food,expense,1
mua khóa học tik tok master cháy phố 486k,Education,expense,1
thịt bò ba chỉ kiếp nạn thứ 82 #3542 116k,Food,expense,1
bán tài liệu học tập cũ ét ô ét #6689 8.878.000 đồng,Business,income,1
mua tài liệu ôn thi flexing #7990 67.000 đồng,Education,expense,1
nước hoa mini cháy phố #6455 317k,Beauty,expense,1
kẹp bấm mi xịn ầm ầm 126K,Beauty,expense,1
kem chống nắng nâng tông kiếp nạn thứ 82 17k,Beauty,expense,1
book phòng homestay đà lạt over hợp #4135 101 ngàn,Transport,expense,1
chốt đơn túi xách đeo chéo flexing #1661 102k,Shopping,expense,1
mua giày sneaker mlem xịn xò #597 419 cành,Shopping,expense,1
mua thuốc uống cảm cúm vô tri 445k,Health,expense,1
ơm tấm sườn bì chả ngon nhức nách #1535 21k,Food,expense,1
thịt bò ba chỉ gét gô #889 206k,Food,expense,1
tiền cọc phòng trọ cháy phố #3339 305k,Housing,expense,1
tiền thưởng dự án xuất sắc flexing #3155 8051 ngàn,Bonus,income,1
lương cứng mỗi tháng xịn xò 10554K,Salary,income,1
xúc xích ăn liền flexing #416 440K,Food,expense,1
đóng tiền phạt muộn healing 390k,Investment,expense,1
củ sạc nhanh baseus ét ô ét 494k,Shopping,expense,1
rong biển cuộn cơm mlem mlem #7982 321k,Food,expense,1
tẩy tế bào chết cocoon cứu rỗi tâm hồn #8092 290k,Beauty,expense,1
đi siêu thị go sắm đồ xu cà na #7114 392k,Shopping,expense,1
tiền cho bạn vay giờ đòi được kiếp nạn thứ 82 #7947 14.1tr,Business,income,1
gấu bông labubu slay 60k,Shopping,expense,1
chốt đơn túi xách đeo chéo xu cà na #724 355k,Shopping,expense,1
nạp thẻ game liên quân ngon nhức nách 153k,Entertainment,expense,1
chốt đơn túi xách đeo chéo ét ô ét #9898 441k,Shopping,expense,1
thưởng nóng từ sếp đỉnh nóc kịch trần 6.7tr,Bonus,income,1
củ sạc nhanh baseus #1109 312 cành,Shopping,expense,1
cà phê muối xu cà na #1217 288K,Food,expense,1
lương cứng mỗi tháng cứu rỗi tâm hồn #3810 13.423.000 đồng,Salary,income,1
tẩy tế bào chết cocoon cháy phố #3245 285 cành,Beauty,expense,1
mì cay cấp độ 7 ầm ầm 444k,Food,expense,1
nước ngọt coca zero gét gô #973 481k,Food,expense,1
thưởng sinh nhật công ty xu cà na #4328 14153 ngàn,Bonus,income,1
matcha latte xịn sò mlem mlem 161k,Food,expense,1
thuốc nhỏ mũi xịt over hợp #5079 304.000 đồng,Health,expense,1
nệm cao su non ngon nhức nách #2363 273 cành,Housing,expense,1
tiền gửi xe hàng tháng cháy phố #7678 337k,Investment,expense,1
đèn led hoàng hôn slay #5788 111 cành,Shopping,expense,1
cushion che khuyết điểm ét ô ét #2402 24k,Beauty,expense,1
củ sạc nhanh baseus ngon nhức nách #3700 440k,Shopping,expense,1
trứng gà so chill chill #9316 499k,Food,expense,1
mua bông y tế tẩy trang hết nấc #7017 116k,Health,expense,1
nhận lương viết content slay #601 6.1củ,Salary,income,1
nhận lương chạy grab kịch sàn mlem mlem #3978 10.0tr,Salary,income,1
son tint bóng healing #4159 347k,Beauty,expense,1
mua sách tiếng anh mua flexing #4179 185.000 đồng,Education,expense,1
nem chua rán cháy phố #9175 303k,Food,expense,1
mua quà tạ lỗi bồ đỉnh nóc kịch trần #5127 95K,Social,expense,1
tiền nhận từ booking quảng cáo flexing 12.6củ,Business,income,1
thưởng sinh nhật công ty flexing #5547 4510 cành,Bonus,income,1
tẩy tế bào chết cocoon over hợp #3619 335k,Beauty,expense,1
tiền xăng xe tay ga hết nấc #8321 122.000 đồng,Transport,expense,1
thưởng nhân viên xuất sắc hết nấc #3230 1.751.000 đồng,Bonus,income,1
ét ô ét cứu cái phòng trọ này,Housing,expense,0
thẻ xe bus điện vinbus hết nấc 226k,Transport,expense,1
mua game trên steam #8472 254k,Entertainment,expense,1
nhận lương chạy grab kịch sàn ét ô ét #2303 11.780.000 đồng,Salary,income,1
trà sữa gongcha mlem mlem #8170 432.000 đồng,Food,expense,1
học phí đại học khóc thét đỉnh nóc kịch trần 400 ngàn,Education,expense,1
popmart blindbox mlem mlem #9569 118 cành,Shopping,expense,1
vé xem phim cgv kiếp nạn thứ 82 107K,Entertainment,expense,1
ơm tấm sườn bì chả flexing #9743 342k,Food,expense,1
sơn móng tay gel gét gô 273 ngàn,Beauty,expense,1
chốt đơn túi xách đeo chéo ầm ầm #6366 129k,Shopping,expense,1
lương cứng mỗi tháng slay #2414 14292K,Salary,income,1
tiền cho bạn vay giờ đòi được gét gô 10358k,Business,income,1
highlands phindi đỉnh nóc kịch trần 158k,Food,expense,1
ốp lưng iphone xịn xò flexing 95k,Shopping,expense,1
thưởng ngày lễ 30/4 hết nấc #7732 5.4tr,Bonus,income,1
ức gà ăn kiêng slay #4366 473k,Food,expense,1
đóng tiền phạt muộn #6014 52 cành,Investment,expense,1
mua quần jean ống rộng healing #5525 424 cành,Shopping,expense,1
đi chợ đầu mối mlem mlem #9087 297K,Shopping,expense,1
tiền sinh nhật đứa bạn ngon nhức nách #3164 66k,Social,expense,1
khoai lang mật ngon nhức nách 386.000 đồng,Food,expense,1
tai nghe bluetooth chụp tai ầm ầm 228k,Shopping,expense,1
khoai lang mật xịn xò #6436 364.000 đồng,Food,expense,1
bún đậu mắm tôm ngon nhức nách xịn xò #6134 264 ngàn,Food,expense,1
thưởng sinh nhật công ty vibe đỉnh #196 4800K,Bonus,income,1
thịt bò ba chỉ chill chill #1974 204k,Food,expense,1
tiền mừng cưới bạn thân xịn xò #8675 356k,Social,expense,1
sổ tay bullet journal xịn xò #7265 398k,Shopping,expense,1
chốt đơn shopee live ét ô ét #6109 272k,Shopping,expense,1
lãi gửi tiết kiệm ngân hàng ét ô ét #7895 622k,Business,income,1
vé xem phim cgv #8196 136K,Entertainment,expense,1
bia chill cùng bạn xu cà na #8964 187k,Food,expense,1
lãi gửi tiết kiệm ngân hàng slay 11.9củ,Business,income,1
lương designer freelance gét gô #272 7.911.000 đồng,Salary,income,1
mua khóa học udemy slay #7785 461 cành,Education,expense,1
khóa học tiếng anh ielts ầm ầm #8690 200k,Education,expense,1
sinh tố bơ ngon ngậy cháy phố #6609 327.000 đồng,Food,expense,1
hát karaoke cháy máy over hợp 429.000 đồng,Entertainment,expense,1
tiền bố mẹ tiếp tế 12235k,Business,income,1
mua khẩu trang 4d mlem mlem 498k,Health,expense,1
tiền điện nước giá kinh hoàng healing #9139 299 ngàn,Housing,expense,1
đế đỡ điện thoại 312k,Shopping,expense,1
mua game trên steam vô tri 228k,Entertainment,expense,1
mua quần áo local brand chill chill 217.000 đồng,Shopping,expense,1
mua thuốc uống cảm cúm xu cà na #5300 190k,Health,expense,1
lương thực tập sinh bèo bọt xu cà na #7051 12.8củ,Salary,income,1
mua kính râm thời trang đỉnh nóc kịch trần 331.000 đồng,Shopping,expense,1
sushi băng chuyền chill chill 446K,Food,expense,1
tiền bán hàng shopee ét ô ét 3148k,Business,income,1
mua khóa cửa vân tay cháy phố #5534 270 ngàn,Housing,expense,1
sữa rửa mặt cetaphil flexing #7447 221K,Beauty,expense,1
mua đồ về làm mukbang ét ô ét #1474 212k,Food,expense,1
đăng ký lớp yoga xu cà na 139k,Education,expense,1
sổ tay bullet journal ngon nhức nách 438K,Shopping,expense,1
đi bar pub quẩy ét ô ét #8994 476k,Entertainment,expense,1
mua đồ về làm mukbang xịn xò #1013 350k,Food,expense,1
sushi băng chuyền ét ô ét #6580 76k,Food,expense,1
thưởng ngày lễ 30/4 vô tri #7245 9.9củ,Bonus,income,1
hạt granola #4167 121k,Food,expense,1
đi siêu thị go sắm đồ xịn xò #4790 337k,Shopping,expense,1
trứng gà so hết nấc #9994 494 ngàn,Food,expense,1
tiền donate livestream hết nấc #928 8.389.000 đồng,Business,income,1
lương làm trợ giảng kiếp nạn thứ 82 #7821 3.9Tr,Salary,income,1
săn áo thun t-shirt kiếp nạn thứ 82 #281 178k,Shopping,expense,1
củ sạc nhanh baseus ngon nhức nách #3612 251K,Shopping,expense,1
tiền nhổ răng khôn khóc thét hết nấc #7762 427 ngàn,Health,expense,1
thưởng sinh nhật công ty xịn xò 8.5tr,Bonus,income,1
mua quần áo local brand mlem mlem #2367 78.000 đồng,Shopping,expense,1
vé concert anh trai chill chill 322k,Entertainment,expense,1
son tint bóng vibe đỉnh #2985 199K,Beauty,expense,1
đồ ăn vặt cổng trường vô tri 295 cành,Food,expense,1
decor lại phòng trọ slay 390K,Housing,expense,1
mua bông y tế tẩy trang xu cà na 224K,Health,expense,1
tiền quỹ lớp vibe đỉnh #708 313 ngàn,Education,expense,1
thuê gia sư kèm 1-1 vô tri #555 219 ngàn,Education,expense,1
tiền cọc phòng trọ healing #2194 176.000 đồng,Housing,expense,1
mặt nạ đất sét ầm ầm 166k,Beauty,expense,1
mua bút highlight chill chill 159k,Education,expense,1
sổ tay bullet journal ầm ầm 499.000 đồng,Shopping,expense,1
túi sưởi mini chill chill #3151 309 ngàn,Shopping,expense,1
vé xem phim cgv đỉnh nóc kịch trần 100k,Entertainment,expense,1
túi sưởi mini mlem mlem 162 cành,Shopping,expense,1
tai nghe bluetooth chụp tai vibe đỉnh #5768 106K,Shopping,expense,1
lương part-time rủng rỉnh hết nấc #4056 14634k,Salary,income,1
tiền lì xì tết tốn kém ét ô ét #6717 77K,Investment,expense,1
xiên bẩn cứu rỗi tâm hồn #322 451.000 đồng,Food,expense,1
mua mũ bảo hiểm có kính over hợp 500 cành,Transport,expense,1
chì kẻ mày phẩy sợi flexing #2269 428K,Beauty,expense,1
tiền bonus từ khách hàng mlem mlem #4253 13.1Tr,Bonus,income,1
tiền thuê phòng trọ đỉnh nóc kịch trần #2756 319K,Housing,expense,1
nệm cao su non mlem mlem #8293 426.000 đồng,Housing,expense,1
thưởng vượt doanh số over hợp 4.3tr,Bonus,income,1
cơm hộp tiện lợi healing 44k,Food,expense,1
tiền nhận từ booking quảng cáo slay #7454 7731k,Business,income,1
sữa rửa mặt cetaphil xu cà na #9699 97.000 đồng,Beauty,expense,1
tiền mừng cưới bạn thân đỉnh nóc kịch trần 70 ngàn,Social,expense,1
son tint bóng xu cà na 405 cành,Beauty,expense,1
tiền trúng thưởng mini game cứu rỗi tâm hồn #7050 4724 cành,Business,income,1
mua nước lau sàn thơm xịn xò #6437 175k,Housing,expense,1
thưởng sinh nhật công ty over hợp 13.3Tr,Bonus,income,1
thưởng nhân viên xuất sắc ét ô ét #3471 7.8tr,Bonus,income,1
mua tài liệu ôn thi ngon nhức nách 76k,Education,expense,1
chúc mừng sinh nhật nhé,Housing,expense,0
tủ quần áo lắp ráp xịn xò #9585 478k,Housing,expense,1
đã chuyển khoản quỹ chưa nhỉ,Housing,expense,0
khoai lang mật đỉnh nóc kịch trần #8323 20k,Food,expense,1
tiền thưởng dự án xuất sắc mlem mlem #9366 7529 ngàn,Bonus,income,1
rau hữu cơ bách hóa xanh vibe đỉnh #6831 339 ngàn,Food,expense,1
lương làm trợ giảng ầm ầm #8574 4.9Tr,Salary,income,1
tiền phạt vi phạm giao thông kiếp nạn thứ 82 #4642 112K,Transport,expense,1
tiền quỹ nhóm chia đều ét ô ét #326 3.9tr,Business,income,1
sổ tay bullet journal ầm ầm #433 493k,Shopping,expense,1
sửa vòi nước hỏng xịn xò #8012 419k,Housing,expense,1
hạt granola gét gô 388 ngàn,Food,expense,1
mua nước lau sàn thơm kiếp nạn thứ 82 446k,Housing,expense,1
ơm tấm sườn bì chả flexing #5576 104 ngàn,Food,expense,1
trà sữa phúc long kiếp nạn thứ 82 #3819 338K,Food,expense,1
mì tôm hảo hảo cháy phố #6978 75.000 đồng,Food,expense,1
chi phí đổi căn cước công dân vô tri 45 cành,Investment,expense,1
tiền thanh lý đồ cũ pass đồ chill chill #3375 4.740.000 đồng,Business,income,1
bảng mắt màu khói xu cà na 267k,Beauty,expense,1
tiền bao người yêu đi ăn ét ô ét #6493 473k,Social,expense,1
trà chanh giã tay chill chill #8515 128K,Food,expense,1
sữa rửa mặt cetaphil xịn xò #2144 495K,Beauty,expense,1
mua tài liệu ôn thi gét gô #7357 362.000 đồng,Education,expense,1
bún đậu mắm tôm ngon nhức nách xu cà na 353k,Food,expense,1
tiền lì xì tết tốn kém hết nấc 364k,Investment,expense,1
đế đỡ điện thoại gét gô #7155 497.000 đồng,Shopping,expense,1
vé đi triển lãm nghệ thuật gét gô #4007 71k,Entertainment,expense,1
vé đi triển lãm nghệ thuật mlem mlem #7138 434K,Entertainment,expense,1
thưởng chuyên cần chill chill #8702 11.6Tr,Bonus,income,1
săn sale kẹp tóc ngon nhức nách #8510 176k,Shopping,expense,1
tiền phạt vi phạm giao thông slay #7784 237k,Transport,expense,1
chốt đơn shopee live vô tri 284 ngàn,Shopping,expense,1
bảng mắt màu khói ngon nhức nách #5722 319k,Beauty,expense,1
tiền thưởng dự án xuất sắc ngon nhức nách #9021 2235k,Bonus,income,1
mua mũ bảo hiểm có kính chill chill #7850 385.000 đồng,Transport,expense,1
thưởng tết âm lịch ấm áp cứu rỗi tâm hồn #6084 4334k,Bonus,income,1
thuốc nhỏ mũi xịt slay #9877 286.000 đồng,Health,expense,1
mua giày sneaker mlem 323.000 đồng,Shopping,expense,1
bún đậu mắm tôm ngon nhức nách cứu rỗi tâm hồn #2822 89k,Food,expense,1
hát karaoke cháy máy slay 311 ngàn,Entertainment,expense,1
vé concert anh trai #1021 47.000 đồng,Entertainment,expense,1
mua khóa cửa vân tay hết nấc #2195 319k,Housing,expense,1
lệ phí thi lại môn chill chill #3989 258k,Education,expense,1
tiền lãi đầu tư coin mlem mlem #3026 11.2Tr,Business,income,1
rau hữu cơ bách hóa xanh đỉnh nóc kịch trần #8449 214.000 đồng,Food,expense,1
mua quần áo local brand xu cà na 388 ngàn,Shopping,expense,1
trà chanh giã tay flexing #7129 199k,Food,expense,1
vào rạp chiếu phim lotte hết nấc 185K,Entertainment,expense,1
cushion che khuyết điểm xu cà na 230k,Beauty,expense,1
tiền mừng cưới bạn thân xịn xò #6329 155k,Social,expense,1
dầu gội bưởi mọc tóc ầm ầm #1471 238.000 đồng,Beauty,expense,1
mua đồ tiktok shop ngon nhức nách #7194 244k,Shopping,expense,1
thưởng sinh nhật công ty chill chill #9516 8683K,Bonus,income,1
kệ để đồ mĩ phẩm 193k,Shopping,expense,1
bắt grabcar đi tiệc slay #1030 459k,Transport,expense,1
gà rán jollibee healing #9535 356.000 đồng,Food,expense,1
matcha latte xịn sò hết nấc 160k,Food,expense,1
tiền mạng internet wifi mlem mlem #6837 216.000 đồng,Housing,expense,1
tiền bonus từ khách hàng mlem mlem 12186K,Bonus,income,1
tiền cọc phòng trọ #3485 472 cành,Housing,expense,1
ốp lưng iphone xịn xò đỉnh nóc kịch trần #8707 324 cành,Shopping,expense,1
mua sách truyện manga cứu rỗi tâm hồn 431k,Entertainment,expense,1
tiền cho bạn vay giờ đòi được xu cà na #2484 9.2củ,Business,income,1
nước tẩy trang bioderma slay 316 ngàn,Beauty,expense,1
trứng gà so ét ô ét #8017 379.000 đồng,Food,expense,1
mua phụ kiện vòng tay ầm ầm 253k,Shopping,expense,1
mua máy sấy tóc vô tri #4823 493 ngàn,Housing,expense,1
gói khám sức khỏe tổng quát kiếp nạn thứ 82 #8168 201.000 đồng,Health,expense,1
tai nghe bluetooth chụp tai over hợp #8347 107k,Shopping,expense,1
đi đu idol kpop vô tri #3519 129.000 đồng,Entertainment,expense,1
lương admin fanpage ngon nhức nách #922 9825k,Salary,income,1
đu đỉnh chứng khoán hết nấc 366 ngàn,Investment,expense,1
góp quỹ từ thiện trường xu cà na #4635 342 ngàn,Charity,expense,1
mua quần áo local brand healing #1636 498k,Shopping,expense,1
sổ tay bullet journal cháy phố #2177 259.000 đồng,Shopping,expense,1
tiền nhận từ booking quảng cáo vô tri #8755 6418 cành,Business,income,1
popmart blindbox đỉnh nóc kịch trần #4378 132k,Shopping,expense,1
gét gô thôi anh em,Food,expense,0
tiền vệ sinh rác thải chill chill #7432 333 cành,Housing,expense,1
nhận lương chạy grab kịch sàn ngon nhức nách #1948 4945K,Salary,income,1
tiền nhận từ booking quảng cáo ngon nhức nách #6856 6158K,Business,income,1
gói netflix xem phim vô tri #8599 409k,Entertainment,expense,1
phòng lướt net net cỏ vibe đỉnh #1775 95 cành,Entertainment,expense,1
mì tôm hảo hảo kiếp nạn thứ 82 #9575 73 ngàn,Food,expense,1
thuốc nhỏ mũi xịt ngon nhức nách 488k,Health,expense,1
tiền mừng cưới bạn thân đỉnh nóc kịch trần #581 268.000 đồng,Social,expense,1
đế đỡ điện thoại chill chill #6377 372k,Shopping,expense,1
vé concert anh trai gét gô #2287 45 ngàn,Entertainment,expense,1
lương cứng mỗi tháng gét gô #9423 10.4củ,Salary,income,1
thưởng tết âm lịch ấm áp slay 14.9Tr,Bonus,income,1
tiền cà phê giao lưu đối tác cháy phố #8590 18k,Investment,expense,1
thuê gia sư kèm 1-1 gét gô #9564 426k,Education,expense,1
thu nhập affliate tiktok shop mlem mlem #8924 2.3tr,Business,income,1
mua bao cao su durex flexing 75.000 đồng,Health,expense,1
mua bút highlight ngon nhức nách #3560 359.000 đồng,Education,expense,1
lẩu haidilao xu cà na 60k,Food,expense,1
đu đỉnh coin slay #7331 215k,Investment,expense,1
mua quần áo local brand xịn xò #9445 481.000 đồng,Shopping,expense,1
thịt bò ba chỉ vô tri #1763 82k,Food,expense,1
mì cay cấp độ 7 gét gô #4172 140 cành,Food,expense,1
mua kính râm thời trang vô tri 485 cành,Shopping,expense,1
thưởng vượt doanh số slay #3847 11.664.000 đồng,Bonus,income,1
thưởng sinh nhật công ty cứu rỗi tâm hồn #8188 12tr,Bonus,income,1
tiền đóng bảo hiểm y tế #1705 246k,Health,expense,1
rau hữu cơ bách hóa xanh gét gô #5390 241K,Food,expense,1
tiền lãi chứng khoán nổ hũ chill chill #475 8641 cành,Business,income,1
đèn led hoàng hôn flexing 214k,Shopping,expense,1
vé xe limousine về quê 374k,Transport,expense,1
lương làm mẫu ảnh đỉnh nóc kịch trần #9734 13.139.000 đồng,Salary,income,1
mua quần áo local brand flexing 371.000 đồng,Shopping,expense,1
sticker dán laptop vô tri 210K,Shopping,expense,1
mua quần jean ống rộng vibe đỉnh #2608 367k,Shopping,expense,1
k buffet over hợp #8069 405.000 đồng,Food,expense,1
rong biển cuộn cơm ầm ầm #5509 147k,Food,expense,1
mua quà tạ lỗi bồ healing #4907 18k,Social,expense,1
mua sách tiếng anh mua cháy phố #4558 119k,Education,expense,1
nhận lương chạy grab kịch sàn ét ô ét #1694 10632 ngàn,Salary,income,1
lãi gửi tiết kiệm ngân hàng ét ô ét #2909 6.558.000 đồng,Business,income,1
thưởng ngày lễ 30/4 mlem mlem #9358 4.515.000 đồng,Bonus,income,1
tiền donate livestream mlem mlem #5677 1.1củ,Business,income,1
tiền nhổ răng khôn khóc thét ầm ầm #4112 76K,Health,expense,1
phí dịch vụ chung cư ngon nhức nách #6560 485.000 đồng,Housing,expense,1
tiền bao người yêu đi ăn xu cà na #784 154 cành,Social,expense,1
tiền quỹ nhóm chia đều healing #1753 3943 ngàn,Business,income,1
mua mũ bảo hiểm có kính xu cà na 478 cành,Transport,expense,1
thẻ xe bus điện vinbus đỉnh nóc kịch trần #3115 168k,Transport,expense,1
tẩy tế bào chết cocoon cứu rỗi tâm hồn #1623 39K,Beauty,expense,1
mua thuốc uống cảm cúm slay #3223 188k,Health,expense,1
lương designer freelance #9237 12.2củ,Salary,income,1
gọi bebike đi học vibe đỉnh #921 42 cành,Transport,expense,1
son tint bóng slay #2628 454K,Beauty,expense,1
bảng mắt màu khói xu cà na #7310 12 ngàn,Beauty,expense,1
mì trộn indomie flexing 18k,Food,expense,1
trà đào cam sả kiếp nạn thứ 82 #8725 262k,Food,expense,1
matcha latte xịn sò over hợp #6675 235k,Food,expense,1
thưởng chuyên cần kiếp nạn thứ 82 #7039 5.2củ,Bonus,income,1
lợi nhuận bán quần áo secondhand đỉnh nóc kịch trần #1197 11.747.000 đồng,Business,income,1
mua mũ bảo hiểm có kính gét gô #7892 98k,Transport,expense,1
gửi xe trung tâm thương mại chill chill #1287 159 cành,Transport,expense,1
ting ting lương công ty flexing #8572 8.8tr,Salary,income,1
thịt bò ba chỉ flexing #300 210.000 đồng,Food,expense,1
tiền xăng xe tay ga flexing #312 447 ngàn,Transport,expense,1
tiền cà phê giao lưu đối tác vibe đỉnh #5482 298k,Investment,expense,1
mua giày sneaker mlem ầm ầm #1083 185 cành,Shopping,expense,1
trà sữa gongcha over hợp #5308 305 cành,Food,expense,1
ting ting lương công ty over hợp #517 6.6tr,Salary,income,1
mua mũ bảo hiểm có kính xu cà na #2757 261k,Transport,expense,1
lương cứng mỗi tháng đỉnh nóc kịch trần #5971 849k,Salary,income,1
hôm nay trời đẹp ghê,Food,expense,0
thịt bò ba chỉ xịn xò 305k,Food,expense,1
trà sữa phúc long healing #8547 297 cành,Food,expense,1
tiền bố mẹ tiếp tế xịn xò #5626 9.8tr,Business,income,1
rau hữu cơ bách hóa xanh cháy phố #114 265K,Food,expense,1
mua phụ kiện vòng tay vô tri #6136 481 ngàn,Shopping,expense,1
tiền mua đồ thắp hương ầm ầm #2194 161 ngàn,Investment,expense,1
gấu bông labubu flexing #3010 48K,Shopping,expense,1
son tint bóng xịn xò 147 cành,Beauty,expense,1
bia chill cùng bạn xu cà na 242 cành,Food,expense,1
mì trộn indomie over hợp #911 345.000 đồng,Food,expense,1
thưởng chuyên cần #7483 5161K,Bonus,income,1
sữa chua hy lạp healing 46K,Food,expense,1
bánh tráng trộn ét ô ét 97 cành,Food,expense,1
tiền lì xì tết tốn kém xu cà na #6800 478K,Investment,expense,1
trà sữa phê la ét ô ét #2507 384k,Food,expense,1
nước ép hoa quả healthy ngon nhức nách 96 ngàn,Food,expense,1
kệ để đồ mĩ phẩm chill chill 165k,Shopping,expense,1
mua kính râm thời trang flexing #6525 305k,Shopping,expense,1
bún đậu mắm tôm ngon nhức nách kiếp nạn thứ 82 12.000 đồng,Food,expense,1
đăng ký lớp yoga xịn xò #5179 45.000 đồng,Education,expense,1
nem chua rán vibe đỉnh 110k,Food,expense,1
mua quần áo local brand ầm ầm 87k,Shopping,expense,1
đi bar pub quẩy slay #6789 253 ngàn,Entertainment,expense,1
mua tài liệu ôn thi mlem mlem 464K,Education,expense,1
chốt đơn shopee live flexing 58.000 đồng,Shopping,expense,1
mua bông y tế tẩy trang healing 237k,Health,expense,1
nước tẩy trang bioderma healing 420 ngàn,Beauty,expense,1
sổ tay bullet journal đỉnh nóc kịch trần #8555 372k,Shopping,expense,1
thưởng vượt doanh số gét gô #7550 3.3củ,Bonus,income,1
bún đậu mắm tôm ngon nhức nách,Housing,expense,0
mua quần jean ống rộng kiếp nạn thứ 82 327K,Shopping,expense,1
thuốc nhỏ mũi xịt vô tri 135k,Health,expense,1
khoai lang mật xịn xò #7233 459k,Food,expense,1
sữa chua hy lạp đỉnh nóc kịch trần #8828 489k,Food,expense,1
vé đi triển lãm nghệ thuật gét gô #6247 82k,Entertainment,expense,1
thẻ xe bus điện vinbus ầm ầm #6689 466k,Transport,expense,1
vé xe limousine về quê xu cà na 299k,Transport,expense,1
học phí khóa học photoshop flexing #2706 254 ngàn,Education,expense,1
rong biển cuộn cơm ét ô ét #899 421K,Food,expense,1
vớ tất cao cổ chill chill #4655 398 cành,Shopping,expense,1
đế đỡ điện thoại flexing #4415 333 cành,Shopping,expense,1
chi phí đổi căn cước công dân ầm ầm #8799 131k,Investment,expense,1
bún bò huế full topping ngon nhức nách 370k,Food,expense,1
tẩy tế bào chết cocoon xu cà na #6779 267K,Beauty,expense,1
săn sale kẹp tóc ngon nhức nách #3251 339K,Shopping,expense,1
thịt bò ba chỉ gét gô #6992 89 ngàn,Food,expense,1
kem dưỡng phục hồi b5 slay #188 370k,Beauty,expense,1
mua nước lau sàn thơm chill chill 346.000 đồng,Housing,expense,1
nước ngọt coca zero ngon nhức nách #3528 12 cành,Food,expense,1
mua đồ về làm mukbang ngon nhức nách #3878 162k,Food,expense,1
sữa rửa mặt cetaphil vibe đỉnh #4801 165K,Beauty,expense,1
đi bar pub quẩy healing #6610 294k,Entertainment,expense,1
rửa xe máy sạch bong ét ô ét #6884 84k,Transport,expense,1
tiền bonus từ khách hàng ầm ầm #539 13.0Tr,Bonus,income,1
decor lại phòng trọ chill chill #8816 178k,Housing,expense,1
thu nhập từ kênh youtube ét ô ét 11833k,Business,income,1
ức gà ăn kiêng healing #4140 43k,Food,expense,1
mixue kem cây vô tri #315 123 cành,Food,expense,1
nước tẩy trang bioderma ét ô ét #8883 203 ngàn,Beauty,expense,1
hạt granola ầm ầm #3529 377k,Food,expense,1
tiền xăng xe tay ga xu cà na 100k,Transport,expense,1
vé xe limousine về quê slay #2948 52 ngàn,Transport,expense,1
tiền quỹ nhóm chia đều mlem mlem #5005 11226K,Business,income,1
bánh tráng trộn cứu rỗi tâm hồn #2009 399 ngàn,Food,expense,1
nạp vip spotify #519 394 cành,Entertainment,expense,1
học phí khóa học photoshop cứu rỗi tâm hồn 340 ngàn,Education,expense,1
thưởng sinh nhật công ty vibe đỉnh 14.186.000 đồng,Bonus,income,1
mua đồ tiktok shop ầm ầm #5775 337 ngàn,Shopping,expense,1
rong biển cuộn cơm xịn xò 84k,Food,expense,1
tiền thưởng dự án xuất sắc chill chill #4776 3414k,Bonus,income,1
góp quỹ từ thiện trường flexing 40.000 đồng,Charity,expense,1
thưởng vượt doanh số xịn xò #1548 10731K,Bonus,income,1
nước tẩy trang bioderma ét ô ét #5377 182K,Beauty,expense,1
ét ô ét cứu cái phòng trọ này,Social,expense,0
học phí khóa học photoshop slay #1476 28k,Education,expense,1
tiền thuê phòng trọ cứu rỗi tâm hồn #4860 343k,Housing,expense,1
nhận lương chạy grab kịch sàn vô tri 1.7củ,Salary,income,1
thu nhập từ kênh youtube slay 5589 ngàn,Business,income,1
thưởng sinh nhật công ty xu cà na #363 5.5Tr,Bonus,income,1
sửa vòi nước hỏng over hợp #8980 253 cành,Housing,expense,1
hát karaoke cháy máy xịn xò #4027 43k,Entertainment,expense,1
bơ đậu phộng slay 343 ngàn,Food,expense,1
kẹp bấm mi xịn đỉnh nóc kịch trần 411k,Beauty,expense,1
kẹp bấm mi xịn slay 108k,Beauty,expense,1
highlands phindi gét gô 421k,Food,expense,1
bún đậu mắm tôm ngon nhức nách,Food,expense,0
mua bút highlight ngon nhức nách 371k,Education,expense,1
săn sale kẹp tóc kiếp nạn thứ 82 #3646 340K,Shopping,expense,1
thưởng vượt doanh số đỉnh nóc kịch trần #1840 14753 cành,Bonus,income,1
tiền cho bạn vay giờ đòi được hết nấc #1855 14.1Tr,Business,income,1
cushion che khuyết điểm flexing #4927 424k,Beauty,expense,1
mua vàng tích trữ slay #8690 157K,Investment,expense,1
nước ngọt coca zero #3138 436K,Food,expense,1
tiền gửi xe hàng tháng xu cà na 53k,Investment,expense,1
bánh tráng trộn slay 405 ngàn,Food,expense,1
săn sale kẹp tóc xịn xò #3245 205k,Shopping,expense,1
chốt đơn hoodie oversize chill chill 266k,Shopping,expense,1
rửa xe máy sạch bong vô tri #5653 74K,Transport,expense,1
xúc xích ăn liền vibe đỉnh #2831 185 ngàn,Food,expense,1
lệ phí thi lại môn vibe đỉnh 25k,Education,expense,1
tiền khám bệnh phòng khám cháy phố #7703 421 ngàn,Health,expense,1
mua trà hoa cúc ngủ ngon healing 58 cành,Health,expense,1
mua đồ về làm mukbang xu cà na 183k,Food,expense,1
kẹp bấm mi xịn vô tri #326 371k,Beauty,expense,1
quạt tích điện để bàn kiếp nạn thứ 82 #3835 314k,Shopping,expense,1
phở cuốn ét ô ét #2702 39k,Food,expense,1
mua kính râm thời trang cháy phố #3175 220 ngàn,Shopping,expense,1
bảo dưỡng xe máy healing #3786 165k,Transport,expense,1
bún bò huế full topping mlem mlem 25k,Food,expense,1
săn áo thun t-shirt xịn xò #9675 199k,Shopping,expense,1
sinh tố bơ ngon ngậy vô tri 320.000 đồng,Food,expense,1
tiền thuê phòng trọ đỉnh nóc kịch trần #5372 334.000 đồng,Housing,expense,1
tiền chung cư mini ngon nhức nách #3892 218.000 đồng,Housing,expense,1
mua khóa học tik tok master kiếp nạn thứ 82 #3660 183k,Education,expense,1
sửa vòi nước hỏng ầm ầm #5590 344K,Housing,expense,1
rong biển cuộn cơm vibe đỉnh #8549 227k,Food,expense,1
nước tẩy trang bioderma vô tri #257 155 ngàn,Beauty,expense,1
tiền phạt vi phạm giao thông cháy phố 446K,Transport,expense,1
trà sữa phúc long đỉnh nóc kịch trần 203 ngàn,Food,expense,1
tiền lãi chứng khoán nổ hũ #8134 14.808.000 đồng,Business,income,1
mua quà tạ lỗi bồ cứu rỗi tâm hồn 398k,Social,expense,1
đi bar pub quẩy healing #6002 457k,Entertainment,expense,1
thảm lau chân dễ thương healing #2634 120k,Shopping,expense,1
tiền nhận từ booking quảng cáo mlem mlem #100 9.5Tr,Business,income,1
gửi xe trung tâm thương mại flexing #3256 75k,Transport,expense,1
vé máy bay vietjet over hợp 445k,Transport,expense,1
mua cây decor phòng ngủ over hợp #2186 41k,Housing,expense,1
vé xe limousine về quê cứu rỗi tâm hồn #7679 52k,Transport,expense,1
đu đỉnh chứng khoán vibe đỉnh 172k,Investment,expense,1
mặt nạ đất sét đỉnh nóc kịch trần 115k,Beauty,expense,1
trà chanh giã tay cháy phố 342k,Food,expense,1
đồ ăn vặt cổng trường xu cà na #7581 321.000 đồng,Food,expense,1
hủ tiếu gõ cứu rỗi tâm hồn #7249 249 cành,Food,expense,1
túi sưởi mini ngon nhức nách #4150 289k,Shopping,expense,1
mua giày sneaker mlem vibe đỉnh #480 11K,Shopping,expense,1
son tint bóng kiếp nạn thứ 82 #2105 172k,Beauty,expense,1
bảo dưỡng xe máy #2881 362 cành,Transport,expense,1
mua khóa học udemy slay #8161 217 cành,Education,expense,1
bánh tráng phơi sương gét gô #9770 153k,Food,expense,1
săn áo thun t-shirt ầm ầm #5439 171k,Shopping,expense,1
mua quần jean ống rộng vô tri 110k,Shopping,expense,1
lương cứng mỗi tháng vô tri #3366 13.3tr,Salary,income,1
đi siêu thị go sắm đồ đỉnh nóc kịch trần #7168 345k,Shopping,expense,1
thưởng chuyên cần ầm ầm #7431 9.110.000 đồng,Bonus,income,1
nem chua rán xu cà na #7147 365k,Food,expense,1
lương làm trợ giảng 7.805.000 đồng,Salary,income,1
vitamin c trắng da vibe đỉnh 102 cành,Health,expense,1
thuốc nhỏ mũi xịt kiếp nạn thứ 82 289K,Health,expense,1
sushi băng chuyền healing #221 229 cành,Food,expense,1
đăng ký test toeic vô tri 328k,Education,expense,1
lương làm mẫu ảnh kiếp nạn thứ 82 10.055.000 đồng,Salary,income,1
tiền cọc phòng trọ slay #1160 202 ngàn,Housing,expense,1
mua đồ tiktok shop vô tri 346.000 đồng,Shopping,expense,1
tiền mừng cưới bạn thân ét ô ét #5837 328.000 đồng,Social,expense,1
son tint bóng over hợp #9575 394.000 đồng,Beauty,expense,1
mua khẩu trang 4d vô tri 73.000 đồng,Health,expense,1
bán tài liệu học tập cũ đỉnh nóc kịch trần #9080 14.5Tr,Business,income,1
học phí khóa học photoshop hết nấc 219k,Education,expense,1
cà phê muối hết nấc #6500 349K,Food,expense,1
phòng lướt net net cỏ flexing #4045 209k,Entertainment,expense,1
bình giữ nhiệt stanley flexing #3921 320k,Shopping,expense,1
bảng mắt màu khói slay 379K,Beauty,expense,1
dầu gội bưởi mọc tóc vibe đỉnh #5834 84k,Beauty,expense,1
book phòng homestay đà lạt vô tri #505 331k,Transport,expense,1
thẻ xe bus điện vinbus chill chill 436k,Transport,expense,1
lương admin fanpage flexing #2724 1.1Tr,Salary,income,1
thuốc nhỏ mũi xịt gét gô #2611 183k,Health,expense,1
mì cay cấp độ 7 slay #3468 23K,Food,expense,1
phí dịch vụ chung cư gét gô 266k,Housing,expense,1
xiên bẩn ét ô ét 488.000 đồng,Food,expense,1
mì trộn indomie chill chill #8927 326k,Food,expense,1
book phòng homestay đà lạt healing #8400 52k,Transport,expense,1
mua sách truyện manga ét ô ét #3856 278 ngàn,Entertainment,expense,1
tiền đóng bảo hiểm y tế ngon nhức nách 139 cành,Health,expense,1
gấu bông labubu kiếp nạn thứ 82 #4814 497 cành,Shopping,expense,1
săn áo thun t-shirt vibe đỉnh #4774 344K,Shopping,expense,1
lương thực tập sinh bèo bọt healing #6513 9.0củ,Salary,income,1
mua bông y tế tẩy trang xịn xò 390.000 đồng,Health,expense,1
mì trộn indomie xu cà na 263.000 đồng,Food,expense,1
vớ tất cao cổ xịn xò #9687 323k,Shopping,expense,1
trà đào cam sả kiếp nạn thứ 82 #4325 128 cành,Food,expense,1
tiền xăng xe tay ga hết nấc #4120 21K,Transport,expense,1
tiền sinh nhật đứa bạn mlem mlem 33k,Social,expense,1
đi siêu thị go sắm đồ vibe đỉnh #573 179.000 đồng,Shopping,expense,1
bình giữ nhiệt stanley kiếp nạn thứ 82 #6757 351K,Shopping,expense,1
hôm nay trời đẹp ghê,Housing,expense,0
bảng mắt màu khói hết nấc 449.000 đồng,Beauty,expense,1
thưởng vượt doanh số flexing #5448 10890 cành,Bonus,income,1
rong biển cuộn cơm mlem mlem #3934 434.000 đồng,Food,expense,1
ting ting lương công ty flexing #6315 12661 cành,Salary,income,1
học phí học lái xe ô tô kiếp nạn thứ 82 #670 108k,Education,expense,1
sữa rửa mặt cetaphil #2584 444k,Beauty,expense,1
trà sữa phúc long slay 281k,Food,expense,1
nước cốt xương healing #5507 51 cành,Food,expense,1
cà phê muối ngon nhức nách #7721 38 ngàn,Food,expense,1
thuê xe máy đi phượt vô tri 359k,Transport,expense,1
tiền trúng thưởng mini game over hợp #8065 276k,Business,income,1
thay dầu nhớt castrol gét gô 275.000 đồng,Transport,expense,1
đi siêu thị go sắm đồ đỉnh nóc kịch trần 469k,Shopping,expense,1
tiền thuê phòng trọ flexing #5523 292k,Housing,expense,1
k buffet đỉnh nóc kịch trần #1335 222k,Food,expense,1
son tint bóng mlem mlem #3457 496k,Beauty,expense,1
tiền mạng internet wifi vô tri #2540 43k,Housing,expense,1
nước ép hoa quả healthy đỉnh nóc kịch trần #9653 340 cành,Food,expense,1
thuê gia sư kèm 1-1 vô tri 147k,Education,expense,1
tiền lãi chứng khoán nổ hũ chill chill 1390K,Business,income,1
hát karaoke cháy máy đỉnh nóc kịch trần #2728 65.000 đồng,Entertainment,expense,1
mua đồ tiktok shop ầm ầm 455k,Shopping,expense,1
nước ép hoa quả healthy cháy phố 231 ngàn,Food,expense,1
tiền thuê phòng trọ đỉnh nóc kịch trần #9044 301k,Housing,expense,1
nạp thẻ game liên quân đỉnh nóc kịch trần 96k,Entertainment,expense,1
đi chợ đầu mối healing #1477 251k,Shopping,expense,1
mua quà tạ lỗi bồ xịn xò #4400 32K,Social,expense,1
thưởng sinh nhật công ty flexing #5400 3505K,Bonus,income,1
thảm lau chân dễ thương vibe đỉnh #4421 228K,Shopping,expense,1
tiền lãi chứng khoán nổ hũ gét gô #2735 11.4Tr,Business,income,1
ức gà ăn kiêng healing 425 cành,Food,expense,1
thu nhập affliate tiktok shop đỉnh nóc kịch trần #6282 6.6Tr,Business,income,1
bảo dưỡng xe máy cháy phố #5235 302 ngàn,Transport,expense,1
serum trị mụn cứu rỗi tâm hồn 273k,Beauty,expense,1
đi bar pub quẩy hết nấc #6134 409k,Entertainment,expense,1
tiền đóng bảo hiểm y tế kiếp nạn thứ 82 421K,Health,expense,1
vé xe limousine về quê xu cà na #2418 482 ngàn,Transport,expense,1
nạp thẻ game liên quân xu cà na #2687 17k,Entertainment,expense,1
tủ quần áo lắp ráp vô tri #5716 46k,Housing,expense,1
tiền phạt vi phạm giao thông ngon nhức nách #555 498 ngàn,Transport,expense,1
nệm cao su non vô tri 61k,Housing,expense,1
vé xem phim cgv cháy phố #3162 462 ngàn,Entertainment,expense,1
mua đồ tiktok shop ầm ầm #9352 478k,Shopping,expense,1
nước cốt xương #6926 19.000 đồng,Food,expense,1
bảng mắt màu khói ầm ầm #1201 129k,Beauty,expense,1
kẹp bấm mi xịn vibe đỉnh 267.000 đồng,Beauty,expense,1
sổ tay bullet journal kiếp nạn thứ 82 #2538 322 ngàn,Shopping,expense,1
nước tẩy trang bioderma 215K,Beauty,expense,1
trà sữa phê la healing #8426 460k,Food,expense,1
sơn móng tay gel vô tri #4019 165k,Beauty,expense,1
góp quỹ từ thiện trường #5369 384K,Charity,expense,1
tiền xăng xe tay ga cháy phố #7848 471.000 đồng,Transport,expense,1
nước ép hoa quả healthy chill chill 274k,Food,expense,1
nước cốt xương ét ô ét #9478 240 ngàn,Food,expense,1
thuê xe máy đi phượt ngon nhức nách #7353 114k,Transport,expense,1
cà phê muối gét gô 496k,Food,expense,1
lương admin fanpage chill chill 6748K,Salary,income,1
mua thuốc uống cảm cúm vibe đỉnh #4623 494k,Health,expense,1
đi chợ đầu mối ngon nhức nách #8250 77 ngàn,Shopping,expense,1
phòng lướt net net cỏ #4228 276k,Entertainment,expense,1
lương part-time rủng rỉnh #6830 5.3tr,Salary,income,1
tiền thưởng kpi tháng over hợp #9988 7.9tr,Bonus,income,1
thưởng nhân viên xuất sắc #7242 3714 ngàn,Bonus,income,1
tiền khám bệnh phòng khám over hợp #2515 121 cành,Health,expense,1
bạc sỉu đá ét ô ét 324 ngàn,Food,expense,1
phí dịch vụ chung cư healing #7858 390.000 đồng,Housing,expense,1
lương admin fanpage xu cà na 10.535.000 đồng,Salary,income,1
mua quần jean ống rộng mlem mlem #4810 358K,Shopping,expense,1
tiền bán hàng shopee gét gô #1597 7.504.000 đồng,Business,income,1
lương part-time rủng rỉnh over hợp 1522k,Salary,income,1
phí dịch vụ chung cư cháy phố 445 cành,Housing,expense,1
tiền mua đồ thắp hương cháy phố #3803 339 ngàn,Investment,expense,1
tiền thưởng dự án xuất sắc ét ô ét #5139 3066 cành,Bonus,income,1
tiền lì xì tết tốn kém chill chill #3716 107k,Investment,expense,1
book phòng homestay đà lạt flexing #9708 417 ngàn,Transport,expense,1
thưởng sinh nhật công ty over hợp #4644 3181k,Bonus,income,1
tiền đóng bảo hiểm y tế kiếp nạn thứ 82 #8846 312k,Health,expense,1
mì trộn indomie chill chill #6944 145k,Food,expense,1
rửa xe máy sạch bong đỉnh nóc kịch trần #1184 390k,Transport,expense,1
mua quà tạ lỗi bồ xu cà na 227.000 đồng,Social,expense,1
gấu bông labubu ét ô ét 95 cành,Shopping,expense,1
gọi bebike đi học kiếp nạn thứ 82 257 ngàn,Transport,expense,1
gọi bebike đi học gét gô #1375 117k,Transport,expense,1
phở cuốn vô tri #3188 133k,Food,expense,1
tủ quần áo lắp ráp kiếp nạn thứ 82 #6090 67k,Housing,expense,1
tiền thuê phòng trọ ét ô ét #1772 211k,Housing,expense,1
thưởng ngày lễ 30/4 cứu rỗi tâm hồn #4754 8.3củ,Bonus,income,1
mì tôm hảo hảo chill chill 37 cành,Food,expense,1
cushion che khuyết điểm đỉnh nóc kịch trần 78k,Beauty,expense,1
tiền mừng cưới bạn thân mlem mlem #8309 476k,Social,expense,1
ơm tấm sườn bì chả đỉnh nóc kịch trần #3986 400k,Food,expense,1
tiền khám bệnh phòng khám hết nấc 287 ngàn,Health,expense,1
vớ tất cao cổ hết nấc 336k,Shopping,expense,1
mì cay cấp độ 7 flexing #6952 15K,Food,expense,1
chốt đơn chưa bồ ơi,Entertainment,expense,0
bạc sỉu đá hết nấc 53 ngàn,Food,expense,1
tiền thưởng kpi tháng cứu rỗi tâm hồn #7150 2.031.000 đồng,Bonus,income,1
sửa vòi nước hỏng gét gô #7542 379k,Housing,expense,1
quạt tích điện để bàn cứu rỗi tâm hồn 208.000 đồng,Shopping,expense,1
ting ting lương công ty ầm ầm #6234 9882 ngàn,Salary,income,1
kem chống nắng nâng tông xịn xò 25k,Beauty,expense,1
chốt đơn túi xách đeo chéo vibe đỉnh #2013 466k,Shopping,expense,1
mua kính râm thời trang vô tri #688 161k,Shopping,expense,1
tiền nhận từ booking quảng cáo vô tri #7024 6557 cành,Business,income,1
tiền xăng xe tay ga hết nấc 18k,Transport,expense,1
mua sách tiếng anh mua cứu rỗi tâm hồn #3437 432K,Education,expense,1
góp quỹ từ thiện trường mlem mlem #4588 406K,Charity,expense,1
tiền mua đồ thắp hương hết nấc #8661 172 cành,Investment,expense,1
tiền thưởng dự án xuất sắc slay #4376 6598k,Bonus,income,1
chi phí đổi căn cước công dân ầm ầm #8205 88k,Investment,expense,1
tiền phạt vi phạm giao thông cháy phố #9219 307 cành,Transport,expense,1
son tint bóng chill chill #5473 500k,Beauty,expense,1
lợi nhuận bán quần áo secondhand xu cà na #2099 14577K,Business,income,1
thưởng nóng từ sếp healing #3005 7914 cành,Bonus,income,1
tiền mừng cưới bạn thân chill chill 500k,Social,expense,1
chốt đơn shopee live chill chill 415k,Shopping,expense,1
gói khám sức khỏe tổng quát vô tri 174 ngàn,Health,expense,1
bia chill cùng bạn mlem mlem #6458 395K,Food,expense,1
tiền lì xì tết tốn kém mlem mlem #874 479k,Investment,expense,1
thưởng nhân viên xuất sắc ét ô ét #4300 12988K,Bonus,income,1
mì tôm hảo hảo đỉnh nóc kịch trần #7499 472k,Food,expense,1
kem dưỡng phục hồi b5 vô tri #8177 143k,Beauty,expense,1
kimbap siêu dài hết nấc #706 344k,Food,expense,1
học phí khóa học photoshop xịn xò #2745 413k,Education,expense,1
mua bông y tế tẩy trang chill chill #1829 283k,Health,expense,1
mua bao cao su durex healing 30k,Health,expense,1
gấu bông labubu xịn xò #3229 173k,Shopping,expense,1
rau hữu cơ bách hóa xanh vibe đỉnh 351k,Food,expense,1
túi sưởi mini cháy phố #9188 197k,Shopping,expense,1
nạp thẻ game liên quân ầm ầm #6943 225k,Entertainment,expense,1
tiền chung cư mini chill chill 21k,Housing,expense,1
son tint bóng gét gô #7090 100k,Beauty,expense,1
tiền gửi xe hàng tháng gét gô #3507 269 ngàn,Investment,expense,1
mua khóa cửa vân tay flexing 111k,Housing,expense,1
dầu gió xanh cứu cánh cháy phố 118k,Health,expense,1
mua khóa học tik tok master xịn xò #7444 374 ngàn,Education,expense,1
thuê xe máy đi phượt ngon nhức nách #2477 326k,Transport,expense,1
mua khóa cửa vân tay kiếp nạn thứ 82 280.000 đồng,Housing,expense,1
đăng ký test toeic hết nấc 193 cành,Education,expense,1
nhận lương chạy grab kịch sàn ầm ầm #7128 4.5Tr,Salary,income,1
mì trộn indomie chill chill #6906 425k,Food,expense,1
đèn led hoàng hôn chill chill #6701 396k,Shopping,expense,1
trứng gà so vibe đỉnh #3068 52K,Food,expense,1
xiên bẩn hết nấc #8387 321 ngàn,Food,expense,1
đế đỡ điện thoại #5102 450 cành,Shopping,expense,1
bia chill cùng bạn ngon nhức nách 111k,Food,expense,1
đi bar pub quẩy #9335 221.000 đồng,Entertainment,expense,1
kem chống nắng nâng tông cháy phố #2493 249 ngàn,Beauty,expense,1
rau hữu cơ bách hóa xanh ngon nhức nách #812 31.000 đồng,Food,expense,1
sữa chua hy lạp ét ô ét #2803 245K,Food,expense,1
mua khẩu trang 4d mlem mlem #8406 358k,Health,expense,1
vé máy bay vietjet chill chill #9805 497 ngàn,Transport,expense,1
matcha latte xịn sò cháy phố 149K,Food,expense,1
lương thực tập sinh bèo bọt chill chill #115 7145 ngàn,Salary,income,1
bút calligraphy mlem mlem #8910 316k,Shopping,expense,1
mua quần áo local brand ét ô ét 55K,Shopping,expense,1
mua nước súc miệng listerine cháy phố 453k,Health,expense,1
mua bao cao su durex xịn xò #4429 10k,Health,expense,1
bán tài liệu học tập cũ gét gô #6900 12.9Tr,Business,income,1
lương cứng mỗi tháng slay 6.4củ,Salary,income,1
đi chill acoustic flexing #4666 151.000 đồng,Entertainment,expense,1
tiền thanh lý đồ cũ pass đồ xu cà na 4057 ngàn,Business,income,1
kem dưỡng phục hồi b5 cháy phố #5176 123k,Beauty,expense,1
nước khoáng aquafina gét gô 35K,Food,expense,1
học phí đại học khóc thét cháy phố #5450 316 ngàn,Education,expense,1
bình giữ nhiệt stanley mlem mlem #7536 236 cành,Shopping,expense,1
phòng lướt net net cỏ xu cà na 168k,Entertainment,expense,1
thuê xe máy đi phượt 145k,Transport,expense,1
tiền nhận từ booking quảng cáo gét gô 1.7Tr,Business,income,1
phở cuốn xu cà na #6920 451k,Food,expense,1
nước cốt xương cháy phố #2639 40k,Food,expense,1
phí dịch vụ chung cư slay #278 390k,Housing,expense,1
tiền cọc phòng trọ vô tri 339.000 đồng,Housing,expense,1
mua bút highlight gét gô #5015 140k,Education,expense,1
tiền trúng thưởng mini game slay #7807 11.3Tr,Business,income,1
vé xem phim cgv vibe đỉnh #3258 135k,Entertainment,expense,1
tai nghe bluetooth chụp tai 125 cành,Shopping,expense,1
xúc xích ăn liền #8865 205k,Food,expense,1
cà phê muối mlem mlem 24.000 đồng,Food,expense,1
lương làm mẫu ảnh hết nấc #6781 7.019.000 đồng,Salary,income,1
tiền chung cư mini xịn xò 474 cành,Housing,expense,1
đồ ăn vặt cổng trường over hợp #5544 255K,Food,expense,1
đèn led hoàng hôn over hợp #1984 346 ngàn,Shopping,expense,1
tiền donate livestream hết nấc #8743 10.356.000 đồng,Business,income,1
thuốc nhỏ mũi xịt ngon nhức nách #7187 281k,Health,expense,1
mua mũ bảo hiểm có kính cháy phố #961 235.000 đồng,Transport,expense,1
lương part-time rủng rỉnh over hợp #836 5016 cành,Salary,income,1
mặt nạ đất sét ét ô ét #9987 494 cành,Beauty,expense,1
nem chua rán ét ô ét #3150 48k,Food,expense,1
vé máy bay vietjet ét ô ét #903 242k,Transport,expense,1
vào rạp chiếu phim lotte đỉnh nóc kịch trần 76 cành,Entertainment,expense,1
trà sữa phê la hết nấc 456 cành,Food,expense,1
săn sale kẹp tóc 11K,Shopping,expense,1
tiền sinh nhật đứa bạn ngon nhức nách 468k,Social,expense,1
sinh tố bơ ngon ngậy cứu rỗi tâm hồn #7099 341k,Food,expense,1
thu nhập từ kênh youtube vô tri 2912K,Business,income,1
tiền nhận từ booking quảng cáo kiếp nạn thứ 82 9323k,Business,income,1
decor lại phòng trọ đỉnh nóc kịch trần #2505 489k,Housing,expense,1
lương làm mẫu ảnh gét gô #6046 9.5tr,Salary,income,1
gọi bebike đi học xu cà na #8370 196k,Transport,expense,1
thưởng nhân viên xuất sắc đỉnh nóc kịch trần #8552 14.996.000 đồng,Bonus,income,1
ét ô ét cứu cái phòng trọ này,Entertainment,expense,0
tiền xăng xe tay ga hết nấc #1835 232k,Transport,expense,1
vào rạp chiếu phim lotte flexing #7919 476.000 đồng,Entertainment,expense,1
thưởng ngày lễ 30/4 flexing #259 7.2tr,Bonus,income,1
tiền nhổ răng khôn khóc thét 230k,Health,expense,1
thu nhập từ kênh youtube mlem mlem 6.4Tr,Business,income,1
mua kính râm thời trang kiếp nạn thứ 82 #5553 131K,Shopping,expense,1
bạc sỉu đá vibe đỉnh #1099 96 ngàn,Food,expense,1
đi chợ đầu mối healing 431k,Shopping,expense,1
lương cứng mỗi tháng ngon nhức nách #4578 8.790.000 đồng,Salary,income,1
lương thực tập sinh bèo bọt cứu rỗi tâm hồn #497 7524 cành,Salary,income,1
mua thuốc uống cảm cúm kiếp nạn thứ 82 420.000 đồng,Health,expense,1
gà tắm sốt cứu rỗi tâm hồn #2026 124k,Food,expense,1
tiền thưởng kpi tháng chill chill #4396 1128 ngàn,Bonus,income,1
tiền gửi xe hàng tháng healing #9015 482 cành,Investment,expense,1
bia chill cùng bạn kiếp nạn thứ 82 #1605 10 cành,Food,expense,1
mua mũ bảo hiểm có kính hết nấc 438.000 đồng,Transport,expense,1
tiền trúng thưởng mini game ầm ầm #7471 1833K,Business,income,1
mua máy sấy tóc ngon nhức nách 378k,Housing,expense,1
nước khoáng aquafina cháy phố 312k,Food,expense,1
mua thuốc uống cảm cúm #3805 114 ngàn,Health,expense,1
rong biển cuộn cơm cháy phố #8984 397K,Food,expense,1
phí dịch vụ chung cư gét gô #2088 105k,Housing,expense,1
nước hoa mini ngon nhức nách #9400 437k,Beauty,expense,1
mua bao cao su durex gét gô #2806 199 ngàn,Health,expense,1
thịt bò ba chỉ xu cà na #9668 362k,Food,expense,1
xiên bẩn mlem mlem 364k,Food,expense,1
tiền chung cư mini kiếp nạn thứ 82 #4491 348K,Housing,expense,1
tai nghe bluetooth chụp tai chill chill #3284 304 cành,Shopping,expense,1
mua giày sneaker mlem hết nấc 351K,Shopping,expense,1
mua khóa học tik tok master kiếp nạn thứ 82 #6352 137.000 đồng,Education,expense,1
nước ngọt coca zero vibe đỉnh #3381 299k,Food,expense,1
vào rạp chiếu phim lotte vô tri #2300 165 cành,Entertainment,expense,1
tiền đóng bảo hiểm y tế vibe đỉnh 465k,Health,expense,1
chì kẻ mày phẩy sợi mlem mlem #2772 144.000 đồng,Beauty,expense,1
lương làm mẫu ảnh ét ô ét #2059 3836 cành,Salary,income,1
tiền mua đồ thắp hương xịn xò #2657 139.000 đồng,Investment,expense,1
mua đồ tiktok shop cháy phố #3794 459k,Shopping,expense,1
hạt granola ét ô ét #5950 455k,Food,expense,1
chi phí đổi căn cước công dân gét gô #6816 22 cành,Investment,expense,1
bánh tráng phơi sương xịn xò 16K,Food,expense,1
dầu gió xanh cứu cánh ngon nhức nách #7309 49.000 đồng,Health,expense,1
lương admin fanpage chill chill #9144 463.000 đồng,Salary,income,1
thịt bò ba chỉ ét ô ét #1840 259k,Food,expense,1
tiền bonus từ khách hàng vô tri 14349K,Bonus,income,1
khoai lang mật vibe đỉnh #1830 114k,Food,expense,1
thưởng nhân viên xuất sắc ngon nhức nách 9.3củ,Bonus,income,1
cushion che khuyết điểm cháy phố #4650 251K,Beauty,expense,1
mua thuốc nhỏ mắt len mlem mlem #2951 366k,Health,expense,1
kem dưỡng phục hồi b5 xịn xò 334k,Beauty,expense,1
cơm hộp tiện lợi cháy phố #195 119k,Food,expense,1
trà sữa gongcha gét gô #9850 338k,Food,expense,1
yến mạch giảm cân cháy phố #8351 202k,Food,expense,1
lương thực tập sinh bèo bọt #5234 12091k,Salary,income,1
nhận lương chạy grab kịch sàn xu cà na #7280 6.176.000 đồng,Salary,income,1
gói khám sức khỏe tổng quát slay #1495 100k,Health,expense,1
bơ đậu phộng flexing 357 cành,Food,expense,1
tiền lì xì tết tốn kém mlem mlem #9407 194.000 đồng,Investment,expense,1
kẹp bấm mi xịn kiếp nạn thứ 82 117 ngàn,Beauty,expense,1
thu nhập từ kênh youtube ngon nhức nách #3399 7056 cành,Business,income,1
phí dịch vụ chung cư slay 407k,Housing,expense,1
đóng tiền phạt muộn xu cà na #1984 299k,Investment,expense,1
vitamin c trắng da ngon nhức nách #6493 118.000 đồng,Health,expense,1
ai đi cf không,Food,expense,0
săn áo thun t-shirt ét ô ét 15.000 đồng,Shopping,expense,1
học phí học lái xe ô tô kiếp nạn thứ 82 #1153 119 ngàn,Education,expense,1
phòng lướt net net cỏ xịn xò #1452 384 cành,Entertainment,expense,1
cushion che khuyết điểm vibe đỉnh #9156 427k,Beauty,expense,1
đi đu idol kpop hết nấc #2641 170.000 đồng,Entertainment,expense,1
mua khóa học tik tok master ét ô ét 47k,Education,expense,1
cà phê muối xịn xò #7361 243 ngàn,Food,expense,1
mua tài liệu ôn thi chill chill 83 cành,Education,expense,1
vớ tất cao cổ slay #4166 77 ngàn,Shopping,expense,1
tiền nhổ răng khôn khóc thét đỉnh nóc kịch trần #2781 134k,Health,expense,1
bánh tráng trộn vô tri #9389 132k,Food,expense,1
thưởng chuyên cần cháy phố #5948 5.7củ,Bonus,income,1
xúc xích ăn liền xịn xò 312 cành,Food,expense,1
tiền nhận từ booking quảng cáo flexing #6028 12.0tr,Business,income,1
lẩu haidilao slay #1498 430k,Food,expense,1
cushion che khuyết điểm 254k,Beauty,expense,1
đi chợ đầu mối healing #6964 357k,Shopping,expense,1
sữa chua hy lạp hết nấc #8339 488k,Food,expense,1
mua nước súc miệng listerine cháy phố #9973 176 cành,Health,expense,1
mua bông y tế tẩy trang slay #5277 164K,Health,expense,1
mua khẩu trang 4d hết nấc #6119 382 cành,Health,expense,1
yến mạch giảm cân vô tri #416 357k,Food,expense,1
mua nước súc miệng listerine flexing #8526 71 cành,Health,expense,1
lệ phí thi lại môn hết nấc 257k,Education,expense,1
chốt đơn hoodie oversize ầm ầm #3929 374k,Shopping,expense,1
tiền bonus từ khách hàng slay #4585 8.6tr,Bonus,income,1
phòng lướt net net cỏ healing 154k,Entertainment,expense,1
nem chua rán kiếp nạn thứ 82 #8605 223k,Food,expense,1
hạt granola ét ô ét 403 ngàn,Food,expense,1
tiền quỹ nhóm chia đều ầm ầm 9827 ngàn,Business,income,1
bảo dưỡng xe máy cứu rỗi tâm hồn #2940 394.000 đồng,Transport,expense,1
tiền thưởng kpi tháng vô tri 12392K,Bonus,income,1
tiền nhổ răng khôn khóc thét vibe đỉnh #8520 184k,Health,expense,1
mua nước súc miệng listerine ầm ầm #4193 293K,Health,expense,1
học phí đại học khóc thét chill chill 306k,Education,expense,1
nạp vip spotify hết nấc #8714 360 ngàn,Entertainment,expense,1
lương designer freelance cháy phố #5416 8589 cành,Salary,income,1
tiền thưởng kpi tháng cứu rỗi tâm hồn #2358 10.2tr,Bonus,income,1
thưởng ngày lễ 30/4 slay 6373 cành,Bonus,income,1
mua thực phẩm chức năng omega3 chill chill #9414 34k,Health,expense,1
mua bao cao su durex hết nấc #1662 118 ngàn,Health,expense,1
mua khẩu trang 4d vô tri #3806 338k,Health,expense,1
mixue kem cây ét ô ét 88k,Food,expense,1
thưởng tết âm lịch ấm áp 9.780.000 đồng,Bonus,income,1
bảng mắt màu khói #7501 280 ngàn,Beauty,expense,1
yến mạch giảm cân ngon nhức nách #1651 456k,Food,expense,1
kem chống nắng nâng tông ét ô ét 207K,Beauty,expense,1
mua đồ tiktok shop cháy phố #2232 139k,Shopping,expense,1
học phí khóa học photoshop mlem mlem #5200 310 ngàn,Education,expense,1
tiền lãi chứng khoán nổ hũ cứu rỗi tâm hồn 10.7củ,Business,income,1
tiền trúng thưởng mini game gét gô 6273k,Business,income,1
trà sữa phê la ét ô ét #285 133k,Food,expense,1
lương designer freelance #9841 8844 cành,Salary,income,1
lương designer freelance xịn xò #4092 5.5tr,Salary,income,1
chì kẻ mày phẩy sợi ét ô ét #9752 388k,Beauty,expense,1
phở cuốn vô tri #8744 324K,Food,expense,1
lệ phí thi lại môn #4482 396k,Education,expense,1
kem dưỡng phục hồi b5 chill chill #5304 243 cành,Beauty,expense,1
sữa chua hy lạp ầm ầm 91 ngàn,Food,expense,1
chốt đơn hoodie oversize mlem mlem #9326 208k,Shopping,expense,1
son tint bóng kiếp nạn thứ 82 459 cành,Beauty,expense,1
thưởng chuyên cần healing #2566 942.000 đồng,Bonus,income,1
thuê xe máy đi phượt flexing 84 cành,Transport,expense,1
đế đỡ điện thoại mlem mlem #6075 107.000 đồng,Shopping,expense,1
highlands phindi cứu rỗi tâm hồn #5547 394K,Food,expense,1
thưởng nóng từ sếp flexing #8308 7.4Tr,Bonus,income,1
đặt xe grabbike #3545 101k,Transport,expense,1
sữa chua hy lạp xu cà na #6871 267K,Food,expense,1
gấu bông labubu mlem mlem #543 312k,Shopping,expense,1
ting ting lương công ty cứu rỗi tâm hồn #7393 10.3tr,Salary,income,1
nước ép hoa quả healthy cứu rỗi tâm hồn #1590 500 ngàn,Food,expense,1
bảo dưỡng xe máy đỉnh nóc kịch trần #2119 239K,Transport,expense,1
tiền cọc phòng trọ gét gô 336k,Housing,expense,1
rau hữu cơ bách hóa xanh kiếp nạn thứ 82 #421 65k,Food,expense,1
tiền sinh nhật đứa bạn chill chill #3571 299k,Social,expense,1
trà sữa phê la đỉnh nóc kịch trần 325k,Food,expense,1
bảng mắt màu khói ầm ầm #4392 407K,Beauty,expense,1
nước khoáng aquafina mlem mlem #9296 494k,Food,expense,1
đăng ký test toeic vibe đỉnh #2796 128K,Education,expense,1
chi phí đổi căn cước công dân #4069 61k,Investment,expense,1
dầu gội bưởi mọc tóc healing #8327 349k,Beauty,expense,1
đu đỉnh coin cứu rỗi tâm hồn #6386 108k,Investment,expense,1
mua thực phẩm chức năng omega3 over hợp #3677 189.000 đồng,Health,expense,1
book phòng homestay đà lạt slay #6059 61 ngàn,Transport,expense,1
trà sữa phúc long xu cà na #7301 484k,Food,expense,1
chơi boardgame cùng hội bạn xu cà na #9307 260.000 đồng,Entertainment,expense,1
mua bút highlight xu cà na #3404 193k,Education,expense,1
bánh tráng trộn hết nấc #3407 287k,Food,expense,1
quạt tích điện để bàn kiếp nạn thứ 82 #8575 251 ngàn,Shopping,expense,1
lương designer freelance healing #2690 11.7Tr,Salary,income,1
học phí khóa học photoshop vibe đỉnh #3463 332 cành,Education,expense,1
phí dịch vụ chung cư slay #2667 54k,Housing,expense,1
nhận lương viết content ầm ầm 10.6Tr,Salary,income,1
đi chợ đầu mối flexing #8628 295K,Shopping,expense,1
tiền nhận từ booking quảng cáo vô tri 10.553.000 đồng,Business,income,1
lãi gửi tiết kiệm ngân hàng cháy phố #4702 5.3củ,Business,income,1
nhận lương chạy grab kịch sàn vibe đỉnh #9551 14.403.000 đồng,Salary,income,1
mua tài liệu ôn thi mlem mlem #4106 354.000 đồng,Education,expense,1
tiền nhổ răng khôn khóc thét cháy phố #1750 424 ngàn,Health,expense,1
thay dầu nhớt castrol cứu rỗi tâm hồn #5105 185 cành,Transport,expense,1
mì tôm hảo hảo slay #9176 176 ngàn,Food,expense,1
học phí khóa học photoshop ngon nhức nách #150 70K,Education,expense,1
bút calligraphy xu cà na #6181 74K,Shopping,expense,1
sticker dán laptop gét gô #3978 63k,Shopping,expense,1
tiền phạt vi phạm giao thông xịn xò 463K,Transport,expense,1
gà rán jollibee ầm ầm 143K,Food,expense,1
nước hoa mini vô tri #2761 378k,Beauty,expense,1
lẩu haidilao đỉnh nóc kịch trần 452k,Food,expense,1
cà phê muối cháy phố #5621 451 ngàn,Food,expense,1
thuốc nhỏ mũi xịt vô tri #2652 41K,Health,expense,1
lương admin fanpage xu cà na #9524 2152k,Salary,income,1
tiền mừng cưới bạn thân cháy phố #2213 331 cành,Social,expense,1
vitamin c trắng da ét ô ét 497K,Health,expense,1
thuê gia sư kèm 1-1 kiếp nạn thứ 82 #5680 422k,Education,expense,1
gà tắm sốt cháy phố 224k,Food,expense,1
hôm nay trời đẹp ghê,Social,expense,0
bún bò huế full topping cứu rỗi tâm hồn 248k,Food,expense,1
bạc sỉu đá vibe đỉnh #5392 483K,Food,expense,1
kẹp bấm mi xịn healing #8470 324 ngàn,Beauty,expense,1
thuê xe máy đi phượt ngon nhức nách #3925 83.000 đồng,Transport,expense,1
sticker dán laptop 327 cành,Shopping,expense,1
xúc xích ăn liền cháy phố #674 319 cành,Food,expense,1
gấu bông labubu xu cà na #8473 90k,Shopping,expense,1
dầu gió xanh cứu cánh flexing #5780 199 cành,Health,expense,1
mua đồ tiktok shop xịn xò #4221 270k,Shopping,expense,1
bán tài liệu học tập cũ hết nấc 4560k,Business,income,1
in tài liệu tiểu luận kiếp nạn thứ 82 #1177 454k,Education,expense,1
cơm hộp tiện lợi gét gô #1453 398k,Food,expense,1
lương cứng mỗi tháng kiếp nạn thứ 82 #1047 10.3tr,Salary,income,1
lương designer freelance slay 13.1Tr,Salary,income,1
mua tài liệu ôn thi gét gô #8305 389K,Education,expense,1
mua quần jean ống rộng cháy phố #4481 232k,Shopping,expense,1
tiền đóng bảo hiểm y tế chill chill #1880 94 ngàn,Health,expense,1
mua thực phẩm chức năng omega3 chill chill #7053 265.000 đồng,Health,expense,1
lợi nhuận bán quần áo secondhand đỉnh nóc kịch trần #3876 572.000 đồng,Business,income,1
ốp lưng iphone xịn xò cháy phố #9259 268.000 đồng,Shopping,expense,1
tiền bán hàng shopee slay #9523 5251 cành,Business,income,1
bún đậu mắm tôm ngon nhức nách cứu rỗi tâm hồn #5702 392k,Food,expense,1
đi chợ đầu mối chill chill #9640 248 cành,Shopping,expense,1
đi chill acoustic xịn xò #3489 44 ngàn,Entertainment,expense,1
decor lại phòng trọ slay #4932 427k,Housing,expense,1
tokbokki phô mai over hợp #6603 313k,Food,expense,1
tiền gửi xe hàng tháng over hợp #9708 280 cành,Investment,expense,1
mua giày sneaker mlem gét gô #2914 149.000 đồng,Shopping,expense,1
học phí khóa học photoshop ầm ầm #955 111k,Education,expense,1
mua vàng tích trữ mlem mlem 142K,Investment,expense,1
bán tài liệu học tập cũ đỉnh nóc kịch trần 1.3tr,Business,income,1
quyên góp từ thiện chống lũ hết nấc #1791 91k,Charity,expense,1
thưởng sinh nhật công ty xịn xò #2123 6337k,Bonus,income,1
mua giày sneaker mlem vibe đỉnh #3509 82 ngàn,Shopping,expense,1
chốt đơn shopee live kiếp nạn thứ 82 104k,Shopping,expense,1
book phòng homestay đà lạt kiếp nạn thứ 82 396k,Transport,expense,1
gọi bebike đi học xịn xò 285 cành,Transport,expense,1
sổ tay bullet journal slay #3790 339 cành,Shopping,expense,1
mua khóa học tik tok master ngon nhức nách 435k,Education,expense,1
tiền vệ sinh rác thải xu cà na 386k,Housing,expense,1
mixue kem cây kiếp nạn thứ 82 #3142 416 ngàn,Food,expense,1
phòng lướt net net cỏ slay #6539 224k,Entertainment,expense,1
thưởng nóng từ sếp gét gô 2437 ngàn,Bonus,income,1
tiền xăng xe tay ga slay #403 168 cành,Transport,expense,1
mua sách truyện manga cháy phố 323k,Entertainment,expense,1
đi bar pub quẩy flexing #502 163 cành,Entertainment,expense,1
nước tẩy trang bioderma slay #1228 365k,Beauty,expense,1
trà sữa gongcha đỉnh nóc kịch trần #1303 172k,Food,expense,1
bơ đậu phộng đỉnh nóc kịch trần 113 ngàn,Food,expense,1
bắt grabcar đi tiệc over hợp #3159 355k,Transport,expense,1
gửi xe trung tâm thương mại mlem mlem 480k,Transport,expense,1
mua bút highlight hết nấc 186.000 đồng,Education,expense,1
tiền chung cư mini đỉnh nóc kịch trần 453.000 đồng,Housing,expense,1
tiền donate livestream đỉnh nóc kịch trần #8839 457k,Business,income,1
tiền xăng xe tay ga ầm ầm 28k,Transport,expense,1
tiền bonus từ khách hàng #5527 10.9củ,Bonus,income,1
đu đỉnh chứng khoán over hợp #7297 217k,Investment,expense,1
mua đồ tiktok shop xu cà na #7065 347k,Shopping,expense,1
chốt đơn túi xách đeo chéo chill chill #8022 384k,Shopping,expense,1
tiền phạt vi phạm giao thông over hợp 39k,Transport,expense,1
nước ép hoa quả healthy ét ô ét 487k,Food,expense,1
thưởng nóng từ sếp slay #4160 1636 ngàn,Bonus,income,1
book phòng homestay đà lạt vibe đỉnh #7981 262.000 đồng,Transport,expense,1
tiền cọc phòng trọ đỉnh nóc kịch trần #4249 162 cành,Housing,expense,1
cà phê muối xu cà na 184k,Food,expense,1
thưởng chuyên cần ầm ầm 5.5tr,Bonus,income,1
lương part-time rủng rỉnh xịn xò 4.2Tr,Salary,income,1
phở cuốn over hợp #182 313k,Food,expense,1
lương cứng mỗi tháng over hợp #2193 10306K,Salary,income,1
bắt grabcar đi tiệc xịn xò 37K,Transport,expense,1
mua khẩu trang 4d xu cà na #9602 243.000 đồng,Health,expense,1
gà tắm sốt 97k,Food,expense,1
sushi băng chuyền ầm ầm #5139 334k,Food,expense,1
tiền bao người yêu đi ăn cháy phố #6245 499 cành,Social,expense,1
vớ tất cao cổ hết nấc #474 337K,Shopping,expense,1
đi đu idol kpop ầm ầm #3274 225k,Entertainment,expense,1
đóng tiền phạt muộn #8349 186K,Investment,expense,1
nạp thẻ game liên quân mlem mlem #8753 471k,Entertainment,expense,1
tai nghe bluetooth chụp tai cháy phố 61 cành,Shopping,expense,1
lẩu haidilao slay #7546 270k,Food,expense,1
học phí khóa học photoshop mlem mlem 58 cành,Education,expense,1
hát karaoke cháy máy chill chill #2333 449 cành,Entertainment,expense,1
kimbap siêu dài vô tri 336 ngàn,Food,expense,1
highlands phindi ầm ầm #4041 90 ngàn,Food,expense,1
in tài liệu tiểu luận vô tri #9404 205k,Education,expense,1
ăn sập sình ngon nhức nách 285k,Food,expense,1
cà phê muối #1301 243K,Food,expense,1
ức gà ăn kiêng xịn xò #5177 69 cành,Food,expense,1
lương làm mẫu ảnh over hợp #4986 10085k,Salary,income,1
thưởng tết âm lịch ấm áp cháy phố #9340 6.8củ,Bonus,income,1
lương admin fanpage mlem mlem #6667 4.7củ,Salary,income,1
đi chill acoustic gét gô #4751 36k,Entertainment,expense,1
mua trà hoa cúc ngủ ngon vibe đỉnh #2467 345K,Health,expense,1
mua thuốc nhỏ mắt len cứu rỗi tâm hồn #8620 351k,Health,expense,1
kem dưỡng phục hồi b5 ầm ầm 328k,Beauty,expense,1
mua bông y tế tẩy trang slay #4054 261k,Health,expense,1
mua sách tiếng anh mua ầm ầm #4163 49 ngàn,Education,expense,1
gói netflix xem phim chill chill #8696 389k,Entertainment,expense,1
học phí đại học khóc thét healing #457 259k,Education,expense,1
nước tẩy trang bioderma vô tri 98.000 đồng,Beauty,expense,1
dầu gió xanh cứu cánh gét gô #5230 78 cành,Health,expense,1
nước khoáng aquafina mlem mlem 45k,Food,expense,1
tiền mừng cưới bạn thân ngon nhức nách #5049 258 ngàn,Social,expense,1
sinh tố bơ ngon ngậy healing #6194 468.000 đồng,Food,expense,1
góp quỹ từ thiện trường healing #3093 26.000 đồng,Charity,expense,1
đèn led hoàng hôn chill chill #6525 239K,Shopping,expense,1
lợi nhuận bán quần áo secondhand chill chill #5532 11.803.000 đồng,Business,income,1
phí dịch vụ chung cư gét gô #1037 194k,Housing,expense,1
lương part-time rủng rỉnh healing #4652 9.5Tr,Salary,income,1
tiền cho bạn vay giờ đòi được xu cà na #5614 11.2tr,Business,income,1
tiền khám bệnh phòng khám xịn xò #1347 389k,Health,expense,1
tiền gửi xe hàng tháng xu cà na #9105 39k,Investment,expense,1
sinh tố bơ ngon ngậy cứu rỗi tâm hồn #3424 185k,Food,expense,1
rửa xe máy sạch bong xịn xò 366k,Transport,expense,1
vào rạp chiếu phim lotte kiếp nạn thứ 82 181k,Entertainment,expense,1
đăng ký lớp yoga mlem mlem #709 302k,Education,expense,1
tiền quỹ nhóm chia đều ngon nhức nách 12440 cành,Business,income,1
đăng ký lớp yoga healing #8779 242K,Education,expense,1
bắt grabcar đi tiệc over hợp 315K,Transport,expense,1
chơi boardgame cùng hội bạn #7919 153k,Entertainment,expense,1
tiền khám bệnh phòng khám gét gô #2019 319k,Health,expense,1
vào rạp chiếu phim lotte slay 421K,Entertainment,expense,1
gấu bông labubu gét gô #8214 386K,Shopping,expense,1
ơm tấm sườn bì chả cháy phố 294 cành,Food,expense,1
kệ để đồ mĩ phẩm kiếp nạn thứ 82 #2201 184k,Shopping,expense,1
nhận lương viết content ngon nhức nách #2382 11.5củ,Salary,income,1
gói netflix xem phim cứu rỗi tâm hồn #6037 346k,Entertainment,expense,1
mua cây decor phòng ngủ đỉnh nóc kịch trần #7497 221k,Housing,expense,1
tiền khám bệnh phòng khám vibe đỉnh 484K,Health,expense,1
tiền bonus từ khách hàng ngon nhức nách #8399 10.6Tr,Bonus,income,1
lương part-time rủng rỉnh hết nấc 3914 ngàn,Salary,income,1
mua nước lau sàn thơm xịn xò #2076 445k,Housing,expense,1
sticker dán laptop vibe đỉnh 230.000 đồng,Shopping,expense,1
gói khám sức khỏe tổng quát đỉnh nóc kịch trần #4509 127K,Health,expense,1
dầu gội bưởi mọc tóc 497k,Beauty,expense,1
sinh tố bơ ngon ngậy vibe đỉnh #9472 91k,Food,expense,1
hủ tiếu gõ mlem mlem 325.000 đồng,Food,expense,1
sơn móng tay gel over hợp 266 cành,Beauty,expense,1
mua nước súc miệng listerine ngon nhức nách #3075 181 cành,Health,expense,1
tẩy tế bào chết cocoon 486k,Beauty,expense,1
tiền donate livestream #2531 7.7tr,Business,income,1
mì trộn indomie đỉnh nóc kịch trần 462k,Food,expense,1
thưởng tết âm lịch ấm áp gét gô 13.8tr,Bonus,income,1
trà sữa phúc long healing 178k,Food,expense,1
cà phê muối gét gô #3523 355.000 đồng,Food,expense,1
tiền thuê phòng trọ vô tri 139k,Housing,expense,1
phòng lướt net net cỏ đỉnh nóc kịch trần #8910 285K,Entertainment,expense,1
vitamin c trắng da xu cà na #3831 377K,Health,expense,1
đèn led hoàng hôn chill chill 334k,Shopping,expense,1
đặt xe grabbike đỉnh nóc kịch trần 421 cành,Transport,expense,1
tiền thưởng kpi tháng ét ô ét 6583 ngàn,Bonus,income,1
cơm hộp tiện lợi ầm ầm #2052 155K,Food,expense,1
gọi bebike đi học gét gô 374k,Transport,expense,1
rong biển cuộn cơm xịn xò #7916 318k,Food,expense,1
đã chuyển khoản quỹ chưa nhỉ,Food,expense,0
thưởng vượt doanh số xịn xò #7913 8.6củ,Bonus,income,1
lệ phí thi lại môn cứu rỗi tâm hồn #7832 312k,Education,expense,1
serum trị mụn vô tri 148k,Beauty,expense,1
tiền thanh lý đồ cũ pass đồ flexing #1901 6018k,Business,income,1
highlands phindi ngon nhức nách #5477 478k,Food,expense,1
bánh tráng phơi sương over hợp #6528 68 ngàn,Food,expense,1
mì trộn indomie ầm ầm #7020 311k,Food,expense,1
bánh tráng phơi sương đỉnh nóc kịch trần 445k,Food,expense,1
lương admin fanpage flexing #1821 5.1Tr,Salary,income,1
tiền chung cư mini vô tri 159k,Housing,expense,1
đi chợ đầu mối chill chill 38.000 đồng,Shopping,expense,1
sổ tay bullet journal healing #1564 144 ngàn,Shopping,expense,1
lợi nhuận bán quần áo secondhand cứu rỗi tâm hồn 744 cành,Business,income,1
gói netflix xem phim ét ô ét 300 cành,Entertainment,expense,1
lương designer freelance healing #2969 9.345.000 đồng,Salary,income,1
mua quần jean ống rộng chill chill #9471 116k,Shopping,expense,1
nạp thẻ game liên quân vô tri 395k,Entertainment,expense,1
mua thuốc nhỏ mắt len flexing #2190 200k,Health,expense,1
mua tài liệu ôn thi ầm ầm 385k,Education,expense,1
tủ quần áo lắp ráp #5361 473.000 đồng,Housing,expense,1
mua nước lau sàn thơm vô tri 143k,Housing,expense,1
thuốc nhỏ mũi xịt cứu rỗi tâm hồn 373k,Health,expense,1
bún đậu mắm tôm ngon nhức nách flexing 340 ngàn,Food,expense,1
ơm tấm sườn bì chả kiếp nạn thứ 82 439k,Food,expense,1
tiền donate livestream healing #2794 8.4Tr,Business,income,1
bình giữ nhiệt stanley cháy phố #138 248k,Shopping,expense,1
tiền nhận từ booking quảng cáo xu cà na #6829 7660 ngàn,Business,income,1
bánh tráng trộn xu cà na #7810 84k,Food,expense,1
lãi gửi tiết kiệm ngân hàng cứu rỗi tâm hồn #5396 1253k,Business,income,1
vào rạp chiếu phim lotte healing 383k,Entertainment,expense,1
nước cốt xương vô tri 408.000 đồng,Food,expense,1
xúc xích ăn liền chill chill #284 384 cành,Food,expense,1
book phòng homestay đà lạt đỉnh nóc kịch trần 13k,Transport,expense,1
tokbokki phô mai gét gô #3991 17 cành,Food,expense,1
k buffet vibe đỉnh 499 cành,Food,expense,1
lãi gửi tiết kiệm ngân hàng cháy phố #8554 3488 ngàn,Business,income,1
tiền cọc phòng trọ ngon nhức nách #8931 115 ngàn,Housing,expense,1
vé xe limousine về quê flexing #6066 155k,Transport,expense,1
trứng gà so kiếp nạn thứ 82 #7058 176K,Food,expense,1
thuốc nhỏ mũi xịt mlem mlem #682 80k,Health,expense,1
nạp thẻ game liên quân slay 176.000 đồng,Entertainment,expense,1
bình giữ nhiệt stanley vibe đỉnh 101.000 đồng,Shopping,expense,1
tiền lãi đầu tư coin #6890 10.628.000 đồng,Business,income,1
tiền donate livestream đỉnh nóc kịch trần 13833K,Business,income,1
mua quần jean ống rộng kiếp nạn thứ 82 #1871 385k,Shopping,expense,1
thưởng ngày lễ 30/4 flexing #6908 2587 ngàn,Bonus,income,1
chì kẻ mày phẩy sợi cứu rỗi tâm hồn #2524 419k,Beauty,expense,1
ức gà ăn kiêng mlem mlem 469K,Food,expense,1
xin review quán này với,Social,expense,0
mua quần jean ống rộng vô tri #3012 109k,Shopping,expense,1
tiền donate livestream chill chill 4811 ngàn,Business,income,1
cơm hộp tiện lợi xịn xò #8649 286 cành,Food,expense,1
bắt grabcar đi tiệc over hợp #5975 239k,Transport,expense,1
mua máy sấy tóc gét gô #484 453.000 đồng,Housing,expense,1
bán tài liệu học tập cũ gét gô #2484 8918 cành,Business,income,1
phí dịch vụ chung cư vibe đỉnh #4369 500K,Housing,expense,1
mua bút highlight cứu rỗi tâm hồn #1194 96 ngàn,Education,expense,1
lẩu haidilao ngon nhức nách 391K,Food,expense,1
mua phụ kiện vòng tay hết nấc #7326 260k,Shopping,expense,1
tiền donate livestream cứu rỗi tâm hồn 14748 ngàn,Business,income,1
lương cứng mỗi tháng gét gô #7491 13941k,Salary,income,1
đóng tiền phạt muộn đỉnh nóc kịch trần #6258 462 ngàn,Investment,expense,1
mua đồ về làm mukbang flexing #2179 494 ngàn,Food,expense,1
sổ tay bullet journal cứu rỗi tâm hồn #9719 469k,Shopping,expense,1
tẩy tế bào chết cocoon over hợp 107K,Beauty,expense,1
mua khóa học udemy mlem mlem #3049 15.000 đồng,Education,expense,1
tiền lãi chứng khoán nổ hũ cháy phố #5687 1440k,Business,income,1
lương admin fanpage slay #2684 3.5Tr,Salary,income,1
tiền mua đồ thắp hương cứu rỗi tâm hồn #3451 271 ngàn,Investment,expense,1
bảo dưỡng xe máy gét gô #9934 450k,Transport,expense,1
tiền sinh nhật đứa bạn ầm ầm 422k,Social,expense,1
đi siêu thị go sắm đồ hết nấc #168 272k,Shopping,expense,1
ăn sập sình slay 484k,Food,expense,1
ting ting lương công ty slay 5.775.000 đồng,Salary,income,1
rửa xe máy sạch bong flexing #5642 121 ngàn,Transport,expense,1
dầu gió xanh cứu cánh cháy phố #9443 22k,Health,expense,1
tiền mạng internet wifi healing #5268 31k,Housing,expense,1
sushi băng chuyền #7425 24k,Food,expense,1
ức gà ăn kiêng slay #3801 481k,Food,expense,1
bạc sỉu đá 70k,Food,expense,1
tủ quần áo lắp ráp #9600 365k,Housing,expense,1
gà rán jollibee kiếp nạn thứ 82 270k,Food,expense,1
bạc sỉu đá cháy phố 137k,Food,expense,1
kem chống nắng nâng tông kiếp nạn thứ 82 #4771 370 ngàn,Beauty,expense,1
bánh tráng trộn 203k,Food,expense,1
mua sách truyện manga vibe đỉnh 32K,Entertainment,expense,1
kimbap siêu dài đỉnh nóc kịch trần 462.000 đồng,Food,expense,1
tiền mạng internet wifi kiếp nạn thứ 82 #1663 124k,Housing,expense,1
rau hữu cơ bách hóa xanh cháy phố #7816 254K,Food,expense,1
gói netflix xem phim đỉnh nóc kịch trần #8737 198k,Entertainment,expense,1
học phí đại học khóc thét healing #5853 399k,Education,expense,1
thưởng tết âm lịch ấm áp hết nấc #7380 10204K,Bonus,income,1
ốp lưng iphone xịn xò mlem mlem #2193 294k,Shopping,expense,1
phở cuốn gét gô #8478 247 cành,Food,expense,1
tiền lãi chứng khoán nổ hũ xịn xò #8494 14.5Tr,Business,income,1
nước ngọt coca zero vibe đỉnh #4045 316 ngàn,Food,expense,1
ăn sập sình ầm ầm #9955 389k,Food,expense,1
tiền mừng cưới bạn thân cháy phố #7746 397k,Social,expense,1
vé xe limousine về quê cháy phố 127 cành,Transport,expense,1
lương cứng mỗi tháng slay #2372 14115K,Salary,income,1
ăn sập sình chill chill 250 ngàn,Food,expense,1
lãi gửi tiết kiệm ngân hàng xu cà na #4163 9.4tr,Business,income,1
tokbokki phô mai chill chill 114k,Food,expense,1
tiền mạng internet wifi flexing 218k,Housing,expense,1
nước cốt xương cháy phố #5356 354K,Food,expense,1
vào rạp chiếu phim lotte over hợp #4371 457k,Entertainment,expense,1
mua phụ kiện vòng tay xu cà na #229 243K,Shopping,expense,1
nước cốt xương slay #7089 305k,Food,expense,1
thưởng chuyên cần xu cà na #2422 1.8củ,Bonus,income,1
đi chill acoustic xu cà na #9051 16k,Entertainment,expense,1
mua sách tiếng anh mua gét gô #9368 109.000 đồng,Education,expense,1
lương admin fanpage gét gô #4676 10.467.000 đồng,Salary,income,1
tiền bonus từ khách hàng cứu rỗi tâm hồn #6557 12.2Tr,Bonus,income,1
học phí khóa học photoshop ầm ầm #6886 378k,Education,expense,1
bảo dưỡng xe máy cháy phố #9289 73k,Transport,expense,1
trà sữa gongcha over hợp 295k,Food,expense,1
săn áo thun t-shirt cháy phố #1495 149k,Shopping,expense,1
rong biển cuộn cơm cứu rỗi tâm hồn #7564 362k,Food,expense,1
tai nghe bluetooth chụp tai vô tri #9328 80k,Shopping,expense,1
lợi nhuận bán quần áo secondhand vibe đỉnh #9492 11.943.000 đồng,Business,income,1
tiền nhận từ booking quảng cáo đỉnh nóc kịch trần #1578 3143k,Business,income,1
bảng mắt màu khói ầm ầm #2428 145k,Beauty,expense,1
tiền thưởng dự án xuất sắc hết nấc #5087 2.577.000 đồng,Bonus,income,1
mua bao cao su durex ngon nhức nách 142K,Health,expense,1
chi phí đổi căn cước công dân over hợp #9759 132K,Investment,expense,1
nước tẩy trang bioderma mlem mlem 251k,Beauty,expense,1
đế đỡ điện thoại ngon nhức nách 359k,Shopping,expense,1
rong biển cuộn cơm flexing 262k,Food,expense,1
decor lại phòng trọ vô tri #5900 329 ngàn,Housing,expense,1
đóng tiền phạt muộn hết nấc #8961 440 cành,Investment,expense,1
bút calligraphy cứu rỗi tâm hồn 33k,Shopping,expense,1
mua giày sneaker mlem chill chill #104 224.000 đồng,Shopping,expense,1
mua cây decor phòng ngủ hết nấc #6018 415k,Housing,expense,1
mua cây decor phòng ngủ cháy phố 364 cành,Housing,expense,1
bún đậu mắm tôm ngon nhức nách vibe đỉnh #9975 66k,Food,expense,1
góp quỹ từ thiện trường slay 84K,Charity,expense,1
mua vàng tích trữ xịn xò #5434 173 cành,Investment,expense,1
lương thực tập sinh bèo bọt gét gô #7865 1428k,Salary,income,1
tiền bố mẹ tiếp tế mlem mlem 476K,Business,income,1
túi sưởi mini xịn xò #2003 265.000 đồng,Shopping,expense,1
hạt granola kiếp nạn thứ 82 #1424 359k,Food,expense,1
nước tẩy trang bioderma flexing #7662 428k,Beauty,expense,1
khóa học tiếng anh ielts ngon nhức nách 267k,Education,expense,1
vé đi triển lãm nghệ thuật healing #5906 331k,Entertainment,expense,1
tai nghe bluetooth chụp tai ầm ầm #5598 385 ngàn,Shopping,expense,1
thuê xe máy đi phượt over hợp #9910 381k,Transport,expense,1
thay dầu nhớt castrol gét gô #6172 434 ngàn,Transport,expense,1
bơ đậu phộng cháy phố 216k,Food,expense,1
mua thuốc nhỏ mắt len kiếp nạn thứ 82 #525 268k,Health,expense,1
thưởng nóng từ sếp vô tri #3993 5147 cành,Bonus,income,1
tiền cọc phòng trọ chill chill #1580 355 cành,Housing,expense,1
góp quỹ từ thiện trường cháy phố 490k,Charity,expense,1
nạp thẻ game liên quân vibe đỉnh #9005 101k,Entertainment,expense,1
gọi bebike đi học xu cà na #5811 361.000 đồng,Transport,expense,1
nem chua rán xịn xò #4195 305.000 đồng,Food,expense,1
tiền đóng bảo hiểm y tế chill chill #523 284.000 đồng,Health,expense,1
thảm lau chân dễ thương healing 371k,Shopping,expense,1
thay dầu nhớt castrol healing #1957 79 ngàn,Transport,expense,1
tiền cho bạn vay giờ đòi được cứu rỗi tâm hồn #4880 11705K,Business,income,1
thưởng nóng từ sếp ngon nhức nách #3237 10.4củ,Bonus,income,1
tiền khám bệnh phòng khám vô tri 166.000 đồng,Health,expense,1
trà sữa gongcha healing #1444 162 ngàn,Food,expense,1
mua tài liệu ôn thi flexing 172.000 đồng,Education,expense,1
tiền điện nước giá kinh hoàng cháy phố 220 ngàn,Housing,expense,1
mua đồ tiktok shop mlem mlem 198k,Shopping,expense,1
lương admin fanpage flexing 3015k,Salary,income,1
tiền xăng xe tay ga hết nấc #3986 302k,Transport,expense,1
tẩy tế bào chết cocoon flexing 38 cành,Beauty,expense,1
lương làm trợ giảng hết nấc #2242 12.3Tr,Salary,income,1
dầu gội bưởi mọc tóc ngon nhức nách 214k,Beauty,expense,1
mua khẩu trang 4d đỉnh nóc kịch trần #9312 24k,Health,expense,1
tiền thưởng kpi tháng healing #9862 12.4củ,Bonus,income,1
mặt nạ đất sét đỉnh nóc kịch trần #9545 332k,Beauty,expense,1
ăn sập sình mlem mlem 83K,Food,expense,1
vitamin c trắng da ngon nhức nách 364 cành,Health,expense,1
tiền thanh lý đồ cũ pass đồ over hợp #2404 12658 cành,Business,income,1
thuốc nhỏ mũi xịt vô tri #1769 336k,Health,expense,1
mua khóa cửa vân tay chill chill #6764 159 ngàn,Housing,expense,1
đế đỡ điện thoại cháy phố #1303 287k,Shopping,expense,1
bia chill cùng bạn hết nấc 209 ngàn,Food,expense,1
gói netflix xem phim cháy phố #6514 99K,Entertainment,expense,1
nước ngọt coca zero hết nấc #2278 56k,Food,expense,1
tiền thưởng dự án xuất sắc vô tri 3.3Tr,Bonus,income,1
tiền trúng thưởng mini game xu cà na #976 4332k,Business,income,1
decor lại phòng trọ cháy phố #612 240k,Housing,expense,1
thảm lau chân dễ thương cứu rỗi tâm hồn #1518 469 ngàn,Shopping,expense,1
xiên bẩn vibe đỉnh 219 cành,Food,expense,1
yến mạch giảm cân cháy phố 318k,Food,expense,1
trứng gà so flexing #6772 340k,Food,expense,1
sữa chua hy lạp xu cà na #712 315k,Food,expense,1
gói khám sức khỏe tổng quát healing 437K,Health,expense,1
thay dầu nhớt castrol ét ô ét #1183 59k,Transport,expense,1
son tint bóng healing #9379 88k,Beauty,expense,1
tiền quỹ nhóm chia đều xu cà na #8447 9590K,Business,income,1
mua tài liệu ôn thi flexing #2004 312K,Education,expense,1
bán tài liệu học tập cũ vibe đỉnh #5104 9.908.000 đồng,Business,income,1
tiền chung cư mini gét gô 299 ngàn,Housing,expense,1
tiền bố mẹ tiếp tế xu cà na #6281 5.4Tr,Business,income,1
mua quà tạ lỗi bồ xu cà na #9021 371k,Social,expense,1
mua phụ kiện vòng tay ét ô ét #5124 231 ngàn,Shopping,expense,1
đã chuyển khoản quỹ chưa nhỉ,Food,expense,0
trà sữa phê la đỉnh nóc kịch trần #1348 104k,Food,expense,1
đồ ăn vặt cổng trường over hợp #4093 162 cành,Food,expense,1
tiền thanh lý đồ cũ pass đồ cứu rỗi tâm hồn #5769 9256K,Business,income,1
dầu gió xanh cứu cánh healing 395k,Health,expense,1
vé máy bay vietjet đỉnh nóc kịch trần 13k,Transport,expense,1
gửi xe trung tâm thương mại xu cà na 314.000 đồng,Transport,expense,1
mua sách tiếng anh mua hết nấc #3806 239k,Education,expense,1
decor lại phòng trọ ngon nhức nách #1579 316k,Housing,expense,1
trà sữa phúc long gét gô 181k,Food,expense,1
thưởng chuyên cần cháy phố 248K,Bonus,income,1
nước tẩy trang bioderma mlem mlem #494 52 cành,Beauty,expense,1
chơi boardgame cùng hội bạn cứu rỗi tâm hồn #8406 162k,Entertainment,expense,1
bút calligraphy vô tri #8438 40k,Shopping,expense,1
săn áo thun t-shirt slay #9590 429k,Shopping,expense,1
bia chill cùng bạn slay #9606 403 ngàn,Food,expense,1
đi siêu thị go sắm đồ slay #6473 314.000 đồng,Shopping,expense,1
khóa học tiếng anh ielts flexing #875 275k,Education,expense,1
săn sale lazada 11.11 flexing #5453 154k,Shopping,expense,1
đế đỡ điện thoại flexing 70k,Shopping,expense,1
mua cây decor phòng ngủ gét gô #9164 212 cành,Housing,expense,1
lương designer freelance hết nấc #8588 10.735.000 đồng,Salary,income,1
bia chill cùng bạn vibe đỉnh #2024 348 cành,Food,expense,1
thuê gia sư kèm 1-1 xu cà na #4601 259k,Education,expense,1
bán tài liệu học tập cũ over hợp #4165 7.208.000 đồng,Business,income,1
hạt granola slay 398k,Food,expense,1
mua cây decor phòng ngủ cứu rỗi tâm hồn #3001 205k,Housing,expense,1
tiền cho bạn vay giờ đòi được flexing #5146 8988 ngàn,Business,income,1
khóa học tiếng anh ielts mlem mlem #888 419.000 đồng,Education,expense,1
tiền thanh lý đồ cũ pass đồ flexing #4185 6595k,Business,income,1
k buffet slay 272k,Food,expense,1
cushion che khuyết điểm kiếp nạn thứ 82 #7688 353k,Beauty,expense,1
mua khẩu trang 4d cháy phố 306k,Health,expense,1
trà sữa phúc long đỉnh nóc kịch trần #1599 303 cành,Food,expense,1
tiền sinh nhật đứa bạn mlem mlem #6843 299k,Social,expense,1
thuê gia sư kèm 1-1 gét gô #2721 408k,Education,expense,1
tiền bonus từ khách hàng 8771 ngàn,Bonus,income,1
mua quà tạ lỗi bồ hết nấc #4818 340 cành,Social,expense,1
bún đậu mắm tôm ngon nhức nách,Food,expense,0
đế đỡ điện thoại ầm ầm 96k,Shopping,expense,1
thưởng vượt doanh số vibe đỉnh #3840 8225 ngàn,Bonus,income,1
gà tắm sốt cháy phố #5179 311k,Food,expense,1
gọi bebike đi học ngon nhức nách 313k,Transport,expense,1
tokbokki phô mai healing #6527 160k,Food,expense,1
săn áo thun t-shirt ngon nhức nách #3744 61k,Shopping,expense,1
serum trị mụn cháy phố #509 313 ngàn,Beauty,expense,1
tẩy tế bào chết cocoon healing #7523 177k,Beauty,expense,1
nạp thẻ game liên quân ngon nhức nách #6802 394k,Entertainment,expense,1
lương thực tập sinh bèo bọt xịn xò 892K,Salary,income,1
chơi boardgame cùng hội bạn ầm ầm #6656 237 ngàn,Entertainment,expense,1
book phòng homestay đà lạt chill chill 305k,Transport,expense,1
thưởng chuyên cần ngon nhức nách #9006 11690 ngàn,Bonus,income,1
chốt đơn túi xách đeo chéo flexing 246K,Shopping,expense,1
vé máy bay vietjet xu cà na #5478 50k,Transport,expense,1
trà sữa gongcha cứu rỗi tâm hồn #7217 275k,Food,expense,1
thưởng ngày lễ 30/4 hết nấc 1680 ngàn,Bonus,income,1
chốt đơn shopee live mlem mlem 47k,Shopping,expense,1
bánh tráng trộn slay #8255 361 ngàn,Food,expense,1
thay dầu nhớt castrol kiếp nạn thứ 82 127k,Transport,expense,1
đi đu idol kpop ngon nhức nách #1155 328k,Entertainment,expense,1
mua tài liệu ôn thi ầm ầm #3541 36 cành,Education,expense,1
nhận lương viết content slay #2212 3.3củ,Salary,income,1
gửi xe trung tâm thương mại chill chill 473 cành,Transport,expense,1
thưởng tết âm lịch ấm áp xịn xò 9.9tr,Bonus,income,1
k buffet 171 ngàn,Food,expense,1
tiền khám bệnh phòng khám flexing 416 cành,Health,expense,1
nước khoáng aquafina vô tri #4381 354K,Food,expense,1
sổ tay bullet journal flexing 196k,Shopping,expense,1
vớ tất cao cổ cháy phố #3732 492k,Shopping,expense,1
kem chống nắng nâng tông flexing #9263 179 cành,Beauty,expense,1
cơm hộp tiện lợi hết nấc #1606 498 ngàn,Food,expense,1
lương thực tập sinh bèo bọt #2207 7.7Tr,Salary,income,1
vé đi triển lãm nghệ thuật vô tri #223 309k,Entertainment,expense,1
tiền quỹ lớp cháy phố 497k,Education,expense,1
mua thuốc nhỏ mắt len xịn xò 352k,Health,expense,1
mua bút highlight cứu rỗi tâm hồn 248k,Education,expense,1
củ sạc nhanh baseus ngon nhức nách #7475 485k,Shopping,expense,1
thịt bò ba chỉ slay 174K,Food,expense,1
gói khám sức khỏe tổng quát chill chill 188k,Health,expense,1
lương admin fanpage vô tri #7044 6768 cành,Salary,income,1
tiền chung cư mini gét gô #1389 445k,Housing,expense,1
mua tài liệu ôn thi ét ô ét #4894 415k,Education,expense,1
nước cốt xương ngon nhức nách 484K,Food,expense,1
túi sưởi mini cháy phố #2397 156.000 đồng,Shopping,expense,1
kimbap siêu dài kiếp nạn thứ 82 #7536 476k,Food,expense,1
kệ để đồ mĩ phẩm cháy phố #2394 207 ngàn,Shopping,expense,1
tiền thưởng dự án xuất sắc chill chill #6651 10316k,Bonus,income,1
tiền thuê phòng trọ hết nấc 131k,Housing,expense,1
thưởng ngày lễ 30/4 ét ô ét #6366 8843 ngàn,Bonus,income,1
lương thực tập sinh bèo bọt cứu rỗi tâm hồn 10.2tr,Salary,income,1
trà chanh giã tay healing 241k,Food,expense,1
mua khóa cửa vân tay healing #7759 292k,Housing,expense,1
phí dịch vụ chung cư #4271 138k,Housing,expense,1
lãi gửi tiết kiệm ngân hàng chill chill #2054 5.7tr,Business,income,1
sữa chua hy lạp gét gô 463 ngàn,Food,expense,1
trà sữa phúc long ngon nhức nách 447 ngàn,Food,expense,1
cà phê muối cứu rỗi tâm hồn #2498 112k,Food,expense,1
mua cây decor phòng ngủ flexing 477 ngàn,Housing,expense,1
tiền thanh lý đồ cũ pass đồ vô tri 13267K,Business,income,1
tiền khám bệnh phòng khám healing #9285 128 ngàn,Health,expense,1
lương làm trợ giảng cứu rỗi tâm hồn 13.2củ,Salary,income,1
kem dưỡng phục hồi b5 ét ô ét 59.000 đồng,Beauty,expense,1
tiền quỹ lớp ngon nhức nách #652 456k,Education,expense,1
thu nhập từ kênh youtube gét gô 10485 cành,Business,income,1
thưởng tết âm lịch ấm áp over hợp 4.1Tr,Bonus,income,1
matcha latte xịn sò ét ô ét #2095 240.000 đồng,Food,expense,1
thuê xe máy đi phượt ầm ầm #4619 64 ngàn,Transport,expense,1
mua khóa học udemy slay #8088 41k,Education,expense,1
dầu gội bưởi mọc tóc gét gô 90 cành,Beauty,expense,1
book phòng homestay đà lạt vô tri 490 cành,Transport,expense,1
gọi bebike đi học đỉnh nóc kịch trần #6499 433 cành,Transport,expense,1
tiền phạt vi phạm giao thông healing #3001 326k,Transport,expense,1
bảng mắt màu khói vibe đỉnh #313 480k,Beauty,expense,1
mua khóa học tik tok master ét ô ét #996 25.000 đồng,Education,expense,1
bảng mắt màu khói healing #5590 129k,Beauty,expense,1
highlands phindi vibe đỉnh #1191 394 cành,Food,expense,1
mua sách tiếng anh mua ngon nhức nách 368k,Education,expense,1
tiền chung cư mini ngon nhức nách 361K,Housing,expense,1
nhận lương chạy grab kịch sàn over hợp #6471 7.6Tr,Salary,income,1
mua đồ tiktok shop hết nấc #2487 175k,Shopping,expense,1
sữa rửa mặt cetaphil chill chill 122K,Beauty,expense,1
thưởng vượt doanh số cháy phố 14898 cành,Bonus,income,1
bình giữ nhiệt stanley xịn xò 220k,Shopping,expense,1
đu đỉnh coin hết nấc 306k,Investment,expense,1
tiền cọc phòng trọ ầm ầm 399k,Housing,expense,1
đu đỉnh coin ầm ầm 447k,Investment,expense,1
tiền gửi xe hàng tháng đỉnh nóc kịch trần #1119 93k,Investment,expense,1
đóng tiền phạt muộn vô tri #6040 205K,Investment,expense,1
nước ngọt coca zero ét ô ét #9684 236 ngàn,Food,expense,1
ting ting lương công ty hết nấc #4593 11.9tr,Salary,income,1
hát karaoke cháy máy healing #5880 159.000 đồng,Entertainment,expense,1
mua cây decor phòng ngủ #9970 28 ngàn,Housing,expense,1
thưởng nóng từ sếp xu cà na #5816 14.8tr,Bonus,income,1
nước ngọt coca zero #4432 232k,Food,expense,1
mua khóa học tik tok master slay #1696 66 ngàn,Education,expense,1
lương part-time rủng rỉnh mlem mlem 4512 cành,Salary,income,1
thưởng nhân viên xuất sắc gét gô 12.8củ,Bonus,income,1
ét ô ét cứu cái phòng trọ này,Entertainment,expense,0
đóng tiền phạt muộn kiếp nạn thứ 82 #1014 184k,Investment,expense,1
thịt bò ba chỉ chill chill #6129 228 cành,Food,expense,1
in tài liệu tiểu luận chill chill #9619 166k,Education,expense,1
mua sách tiếng anh mua flexing 248 cành,Education,expense,1
tiền bonus từ khách hàng over hợp #8769 4115k,Bonus,income,1
gà tắm sốt ầm ầm #4089 440 cành,Food,expense,1
sữa chua hy lạp vibe đỉnh #535 248 ngàn,Food,expense,1
tiền thưởng dự án xuất sắc chill chill #8546 14.8tr,Bonus,income,1
highlands phindi flexing #1509 20K,Food,expense,1
tủ quần áo lắp ráp gét gô 79 cành,Housing,expense,1
thưởng ngày lễ 30/4 ét ô ét #1962 8.145.000 đồng,Bonus,income,1
thưởng sinh nhật công ty over hợp #1890 10222 ngàn,Bonus,income,1
nhận lương viết content đỉnh nóc kịch trần #7199 11.881.000 đồng,Salary,income,1
bánh tráng trộn slay #2211 459K,Food,expense,1
lương admin fanpage chill chill #9789 13.080.000 đồng,Salary,income,1
nhận lương viết content đỉnh nóc kịch trần 14308k,Salary,income,1
củ sạc nhanh baseus slay 474 ngàn,Shopping,expense,1
săn áo thun t-shirt vibe đỉnh #5779 270.000 đồng,Shopping,expense,1
cà phê muối slay 121 cành,Food,expense,1
tiền xăng xe tay ga chill chill #2973 59k,Transport,expense,1
mua nước súc miệng listerine hết nấc #9969 321k,Health,expense,1
tiền nhổ răng khôn khóc thét ét ô ét 76K,Health,expense,1
đồ ăn vặt cổng trường ét ô ét #7238 371k,Food,expense,1
thưởng tết âm lịch ấm áp slay #8358 9.6củ,Bonus,income,1
thưởng tết âm lịch ấm áp gét gô #8473 232.000 đồng,Bonus,income,1
đi chợ đầu mối xịn xò #1183 103k,Shopping,expense,1
dầu gió xanh cứu cánh cứu rỗi tâm hồn #5044 454k,Health,expense,1
vé xe limousine về quê flexing 457 cành,Transport,expense,1
tiền điện nước giá kinh hoàng slay #7570 211k,Housing,expense,1
hát karaoke cháy máy over hợp #638 486k,Entertainment,expense,1
vé máy bay vietjet ét ô ét #9744 364K,Transport,expense,1
yến mạch giảm cân ét ô ét 56.000 đồng,Food,expense,1
xin review quán này với,Social,expense,0
chơi boardgame cùng hội bạn hết nấc #5662 443 cành,Entertainment,expense,1
thuê gia sư kèm 1-1 hết nấc 201K,Education,expense,1
đăng ký lớp yoga slay #2331 183k,Education,expense,1
tiền phạt vi phạm giao thông đỉnh nóc kịch trần #531 15.000 đồng,Transport,expense,1
mua khóa học tik tok master kiếp nạn thứ 82 #4841 117.000 đồng,Education,expense,1
thịt bò ba chỉ chill chill 42 cành,Food,expense,1
thuốc nhỏ mũi xịt flexing 177 cành,Health,expense,1
nước khoáng aquafina 82 cành,Food,expense,1
tiền bán hàng shopee xịn xò 1059K,Business,income,1
tiền lì xì tết tốn kém vô tri 107k,Investment,expense,1
mua kính râm thời trang kiếp nạn thứ 82 #3975 487 ngàn,Shopping,expense,1
góp quỹ từ thiện trường chill chill 351k,Charity,expense,1
vé đi triển lãm nghệ thuật xịn xò 88k,Entertainment,expense,1
bạc sỉu đá kiếp nạn thứ 82 #1141 164k,Food,expense,1
khoai lang mật #8558 17k,Food,expense,1
khóa học tiếng anh ielts vibe đỉnh 165k,Education,expense,1
học phí khóa học photoshop ngon nhức nách #325 129 ngàn,Education,expense,1
tiền mua đồ thắp hương xu cà na #6754 478k,Investment,expense,1
thưởng sinh nhật công ty over hợp #1959 7.5Tr,Bonus,income,1
quyên góp từ thiện chống lũ mlem mlem #6184 224k,Charity,expense,1
kem chống nắng nâng tông cháy phố 461K,Beauty,expense,1
chơi boardgame cùng hội bạn ngon nhức nách 192.000 đồng,Entertainment,expense,1
tiền bonus từ khách hàng chill chill 12769k,Bonus,income,1
mua khóa cửa vân tay over hợp #3058 332k,Housing,expense,1
thưởng nhân viên xuất sắc xu cà na #1214 6.7củ,Bonus,income,1
đi chợ đầu mối 263k,Shopping,expense,1
quyên góp từ thiện chống lũ xu cà na #3708 419k,Charity,expense,1
thu nhập affliate tiktok shop over hợp 1.9tr,Business,income,1
sổ tay bullet journal over hợp #811 18k,Shopping,expense,1
book phòng homestay đà lạt #6953 327k,Transport,expense,1
thưởng nóng từ sếp vibe đỉnh 3555K,Bonus,income,1
kimbap siêu dài ét ô ét 23 cành,Food,expense,1
học phí khóa học photoshop cứu rỗi tâm hồn #6176 203 cành,Education,expense,1
củ sạc nhanh baseus vibe đỉnh #7243 189k,Shopping,expense,1
đèn led hoàng hôn xịn xò 94k,Shopping,expense,1
sticker dán laptop xịn xò 273k,Shopping,expense,1
lương cứng mỗi tháng chill chill #9039 2482K,Salary,income,1
chì kẻ mày phẩy sợi hết nấc 70 ngàn,Beauty,expense,1
trứng gà so kiếp nạn thứ 82 93k,Food,expense,1
tiền cà phê giao lưu đối tác ngon nhức nách 421k,Investment,expense,1
hát karaoke cháy máy #9205 32k,Entertainment,expense,1
serum trị mụn chill chill #5559 19.000 đồng,Beauty,expense,1
popmart blindbox ét ô ét #6152 260k,Shopping,expense,1
tiền bonus từ khách hàng xịn xò #8748 2.5tr,Bonus,income,1
nạp vip spotify vibe đỉnh #4284 457k,Entertainment,expense,1
vé xe limousine về quê chill chill #9141 203.000 đồng,Transport,expense,1
sơn móng tay gel xịn xò 345k,Beauty,expense,1
lương làm trợ giảng cháy phố #7223 6085K,Salary,income,1
tiền bố mẹ tiếp tế gét gô #727 12670K,Business,income,1
thưởng sinh nhật công ty ầm ầm 14073k,Bonus,income,1
lương cứng mỗi tháng kiếp nạn thứ 82 #9217 8836k,Salary,income,1
thu nhập affliate tiktok shop cứu rỗi tâm hồn #2542 4.5tr,Business,income,1
tiền lãi đầu tư coin vibe đỉnh #9477 4114k,Business,income,1
chơi boardgame cùng hội bạn ét ô ét 358 ngàn,Entertainment,expense,1
hạt granola vô tri 206k,Food,expense,1
tiền cho bạn vay giờ đòi được mlem mlem #1136 7174K,Business,income,1
lệ phí thi lại môn ét ô ét #6007 53.000 đồng,Education,expense,1
bún bò huế full topping 70k,Food,expense,1
sổ tay bullet journal xu cà na #6072 229k,Shopping,expense,1
mì tôm hảo hảo over hợp #2502 389k,Food,expense,1
đi chill acoustic vibe đỉnh #8578 19k,Entertainment,expense,1
thuê gia sư kèm 1-1 hết nấc #4899 398k,Education,expense,1
popmart blindbox vô tri #3889 153k,Shopping,expense,1
decor lại phòng trọ cứu rỗi tâm hồn #2526 120k,Housing,expense,1
son tint bóng kiếp nạn thứ 82 #2905 105 ngàn,Beauty,expense,1
đăng ký lớp yoga cứu rỗi tâm hồn #6821 344k,Education,expense,1
mua khóa cửa vân tay cứu rỗi tâm hồn 259 cành,Housing,expense,1
tiền cho bạn vay giờ đòi được vô tri #7773 1.831.000 đồng,Business,income,1
củ sạc nhanh baseus flexing #7692 350k,Shopping,expense,1
nhận lương chạy grab kịch sàn ầm ầm 8.0củ,Salary,income,1
gói netflix xem phim gét gô #2968 50k,Entertainment,expense,1
thưởng chuyên cần cháy phố #107 14670 cành,Bonus,income,1
tiền quỹ nhóm chia đều vibe đỉnh #9926 3394 ngàn,Business,income,1
học phí đại học khóc thét gét gô 240 cành,Education,expense,1
nước cốt xương xu cà na #1335 165k,Food,expense,1
bình giữ nhiệt stanley over hợp #903 291k,Shopping,expense,1
ốp lưng iphone xịn xò over hợp #7814 312k,Shopping,expense,1
kẹp bấm mi xịn 346 cành,Beauty,expense,1
tiền donate livestream healing 609k,Business,income,1
thuê xe máy đi phượt #2105 498K,Transport,expense,1
nạp vip spotify flexing 182k,Entertainment,expense,1
ting ting lương công ty xu cà na #670 4.3củ,Salary,income,1
tiền bán hàng shopee xu cà na #6526 11.0Tr,Business,income,1
thưởng nhân viên xuất sắc cháy phố #5931 2.6Tr,Bonus,income,1
thưởng vượt doanh số vô tri #4233 7729k,Bonus,income,1
bình giữ nhiệt stanley over hợp #2416 30 ngàn,Shopping,expense,1
đăng ký lớp yoga 19K,Education,expense,1
sổ tay bullet journal đỉnh nóc kịch trần 336k,Shopping,expense,1
sữa chua hy lạp cứu rỗi tâm hồn 21.000 đồng,Food,expense,1
kem dưỡng phục hồi b5 cứu rỗi tâm hồn #3709 243K,Beauty,expense,1
sổ tay bullet journal kiếp nạn thứ 82 #1062 397 ngàn,Shopping,expense,1
thưởng sinh nhật công ty #2848 6.1tr,Bonus,income,1
tiền sinh nhật đứa bạn healing 438k,Social,expense,1
tiền lì xì tết tốn kém cứu rỗi tâm hồn #4582 211k,Investment,expense,1
mua khẩu trang 4d vô tri #2216 12k,Health,expense,1
gửi xe trung tâm thương mại hết nấc 206k,Transport,expense,1
lương cứng mỗi tháng chill chill #8263 14.601.000 đồng,Salary,income,1
tiền phạt vi phạm giao thông cháy phố #7445 14K,Transport,expense,1
quyên góp từ thiện chống lũ hết nấc 319k,Charity,expense,1
đóng tiền phạt muộn healing #1534 55k,Investment,expense,1
kẹp bấm mi xịn vô tri #8455 387K,Beauty,expense,1
mua sách tiếng anh mua ngon nhức nách #5008 57 cành,Education,expense,1
tai nghe bluetooth chụp tai ầm ầm #8684 77k,Shopping,expense,1
hát karaoke cháy máy over hợp #7093 323K,Entertainment,expense,1
sinh tố bơ ngon ngậy cứu rỗi tâm hồn #4036 216k,Food,expense,1
đóng tiền phạt muộn slay #6989 38.000 đồng,Investment,expense,1
lương cứng mỗi tháng over hợp #180 8.8củ,Salary,income,1
chốt đơn chưa bồ ơi,Entertainment,expense,0
tiền mua đồ thắp hương ét ô ét 221 cành,Investment,expense,1
nước tẩy trang bioderma xu cà na 229.000 đồng,Beauty,expense,1
học phí đại học khóc thét xịn xò 197 cành,Education,expense,1
trứng gà so cháy phố #2947 466 cành,Food,expense,1
bún đậu mắm tôm ngon nhức nách đỉnh nóc kịch trần #5536 25 ngàn,Food,expense,1
tiền phạt vi phạm giao thông cứu rỗi tâm hồn 298 ngàn,Transport,expense,1
bánh tráng trộn over hợp 333 cành,Food,expense,1
tiền thuê phòng trọ slay 83k,Housing,expense,1
kem dưỡng phục hồi b5 ầm ầm #9916 411 ngàn,Beauty,expense,1
lương cứng mỗi tháng gét gô #9614 4629 ngàn,Salary,income,1
học phí học lái xe ô tô ét ô ét 95k,Education,expense,1
tiền trúng thưởng mini game vibe đỉnh #2472 3.4củ,Business,income,1
mua game trên steam chill chill #370 93k,Entertainment,expense,1
tiền thưởng dự án xuất sắc #2950 10.0củ,Bonus,income,1
thịt bò ba chỉ ét ô ét #4104 114k,Food,expense,1
phí dịch vụ chung cư vô tri #6432 336 cành,Housing,expense,1
đi chill acoustic cứu rỗi tâm hồn #4280 10k,Entertainment,expense,1
hủ tiếu gõ 194.000 đồng,Food,expense,1
tiền bonus từ khách hàng flexing #1381 710K,Bonus,income,1
chốt đơn hoodie oversize đỉnh nóc kịch trần 381k,Shopping,expense,1
nước cốt xương flexing #1330 180k,Food,expense,1
mua máy sấy tóc ầm ầm #7395 320 cành,Housing,expense,1
săn sale kẹp tóc ét ô ét #1208 308k,Shopping,expense,1
mua khóa học tik tok master healing #3937 149.000 đồng,Education,expense,1
lương admin fanpage over hợp #2815 10270K,Salary,income,1
mua nước súc miệng listerine mlem mlem #9078 324k,Health,expense,1
bơ đậu phộng hết nấc #1613 74 cành,Food,expense,1
kẹp bấm mi xịn vô tri #5834 343 cành,Beauty,expense,1
tiền khám bệnh phòng khám over hợp 293k,Health,expense,1
sinh tố bơ ngon ngậy vibe đỉnh 366k,Food,expense,1
mì trộn indomie kiếp nạn thứ 82 301 cành,Food,expense,1
bút calligraphy gét gô 169k,Shopping,expense,1
mua máy sấy tóc vibe đỉnh #196 192k,Housing,expense,1
thưởng nhân viên xuất sắc ầm ầm 11.5củ,Bonus,income,1
mua kính râm thời trang healing #1479 162k,Shopping,expense,1
chốt đơn túi xách đeo chéo gét gô 90k,Shopping,expense,1
in tài liệu tiểu luận đỉnh nóc kịch trần #9540 124K,Education,expense,1
dầu gội bưởi mọc tóc vibe đỉnh #3478 292k,Beauty,expense,1
nhận lương viết content vô tri #3158 2875K,Salary,income,1
thưởng vượt doanh số hết nấc #3760 13362K,Bonus,income,1
xiên bẩn vô tri 415k,Food,expense,1
mua nước súc miệng listerine kiếp nạn thứ 82 #2293 278k,Health,expense,1
mua phụ kiện vòng tay healing #433 397 cành,Shopping,expense,1
sữa rửa mặt cetaphil vô tri 250k,Beauty,expense,1
lương cứng mỗi tháng xịn xò #610 612 cành,Salary,income,1
đế đỡ điện thoại xịn xò 304k,Shopping,expense,1
đu đỉnh chứng khoán over hợp #3122 306k,Investment,expense,1
gà tắm sốt mlem mlem #9467 345k,Food,expense,1
thưởng ngày lễ 30/4 gét gô 2987 ngàn,Bonus,income,1
khoai lang mật flexing #3159 235K,Food,expense,1
bún đậu mắm tôm ngon nhức nách vô tri #2966 123 ngàn,Food,expense,1
quạt tích điện để bàn cháy phố #384 157k,Shopping,expense,1
đi siêu thị go sắm đồ ngon nhức nách 383k,Shopping,expense,1
mặt nạ đất sét over hợp 261k,Beauty,expense,1
tiền lãi chứng khoán nổ hũ slay 4772 ngàn,Business,income,1
mua khóa cửa vân tay gét gô #4349 467k,Housing,expense,1
thuê xe máy đi phượt healing #7682 487k,Transport,expense,1
lương cứng mỗi tháng flexing 4.311.000 đồng,Salary,income,1
sticker dán laptop ét ô ét 467k,Shopping,expense,1
nạp thẻ game liên quân slay #7347 464k,Entertainment,expense,1
học phí đại học khóc thét over hợp #332 68 cành,Education,expense,1
tiền bán hàng shopee vibe đỉnh #6814 13209K,Business,income,1
matcha latte xịn sò gét gô 499 ngàn,Food,expense,1
tiền xăng xe tay ga over hợp 458 cành,Transport,expense,1
lợi nhuận bán quần áo secondhand #263 8.4Tr,Business,income,1
lương admin fanpage kiếp nạn thứ 82 #2657 12.2tr,Salary,income,1
chì kẻ mày phẩy sợi vô tri #9722 263k,Beauty,expense,1
tiền xăng xe tay ga flexing #4186 21k,Transport,expense,1
quyên góp từ thiện chống lũ slay 491.000 đồng,Charity,expense,1
bánh tráng trộn cháy phố #1739 357k,Food,expense,1
tiền mua đồ thắp hương đỉnh nóc kịch trần 326.000 đồng,Investment,expense,1
popmart blindbox hết nấc #2329 203K,Shopping,expense,1
thưởng sinh nhật công ty #4730 7391 cành,Bonus,income,1
tẩy tế bào chết cocoon hết nấc #1759 302K,Beauty,expense,1
trà sữa phúc long mlem mlem #8957 314.000 đồng,Food,expense,1
thẻ xe bus điện vinbus slay 465k,Transport,expense,1
tiền thưởng dự án xuất sắc cháy phố #6032 3321 cành,Bonus,income,1
tiền đóng bảo hiểm y tế ngon nhức nách #3598 253K,Health,expense,1
rửa xe máy sạch bong cứu rỗi tâm hồn 289k,Transport,expense,1
tiền phạt vi phạm giao thông 498 cành,Transport,expense,1
bánh tráng trộn cứu rỗi tâm hồn #1719 240.000 đồng,Food,expense,1
mua trà hoa cúc ngủ ngon hết nấc #2649 240k,Health,expense,1
tiền lãi đầu tư coin vô tri 5206 ngàn,Business,income,1
thay dầu nhớt castrol healing 120k,Transport,expense,1
tiền mừng cưới bạn thân slay #2481 87k,Social,expense,1
thưởng chuyên cần hết nấc #9368 11492K,Bonus,income,1
vé xe limousine về quê vibe đỉnh #2556 394k,Transport,expense,1
mặt nạ đất sét xịn xò #3354 99k,Beauty,expense,1
mua bút highlight ngon nhức nách #5711 111k,Education,expense,1
vé concert anh trai over hợp 389.000 đồng,Entertainment,expense,1
ốp lưng iphone xịn xò cháy phố 134k,Shopping,expense,1
trà sữa phúc long hết nấc #1177 327 ngàn,Food,expense,1
mua thực phẩm chức năng omega3 mlem mlem #9127 279k,Health,expense,1
bún đậu mắm tôm ngon nhức nách over hợp #1647 287k,Food,expense,1
tiền thưởng kpi tháng chill chill #9083 5916 ngàn,Bonus,income,1
nước hoa mini kiếp nạn thứ 82 #7468 281k,Beauty,expense,1
thu nhập affliate tiktok shop healing #8950 6.3củ,Business,income,1
lương làm mẫu ảnh ét ô ét #8659 5782 cành,Salary,income,1
cơm hộp tiện lợi #1433 264K,Food,expense,1
lương làm trợ giảng cứu rỗi tâm hồn #1622 5.3củ,Salary,income,1
lương part-time rủng rỉnh ầm ầm #4705 2.9Tr,Salary,income,1
tiền lì xì tết tốn kém vô tri #1601 122 cành,Investment,expense,1
tiền donate livestream cháy phố #5090 3.5củ,Business,income,1
thưởng ngày lễ 30/4 over hợp 11380 ngàn,Bonus,income,1
sửa vòi nước hỏng kiếp nạn thứ 82 #8713 378k,Housing,expense,1
quyên góp từ thiện chống lũ xịn xò #5080 235k,Charity,expense,1
sổ tay bullet journal ét ô ét #831 185.000 đồng,Shopping,expense,1
vớ tất cao cổ mlem mlem 174k,Shopping,expense,1
sushi băng chuyền chill chill #3367 374k,Food,expense,1
mua khóa cửa vân tay over hợp #9789 274k,Housing,expense,1
thịt bò ba chỉ slay #506 103 cành,Food,expense,1
xiên bẩn xu cà na 376K,Food,expense,1
phòng lướt net net cỏ vibe đỉnh 481 ngàn,Entertainment,expense,1
mua bút highlight over hợp #6717 380k,Education,expense,1
thưởng sinh nhật công ty xịn xò #1841 2882k,Bonus,income,1
mua thực phẩm chức năng omega3 đỉnh nóc kịch trần 17k,Health,expense,1
tiền nhận từ booking quảng cáo vibe đỉnh #7568 4944k,Business,income,1
mua bút highlight ầm ầm #5797 178K,Education,expense,1
mua mũ bảo hiểm có kính cứu rỗi tâm hồn #7274 122k,Transport,expense,1
lương admin fanpage slay 13.5tr,Salary,income,1
lợi nhuận bán quần áo secondhand vô tri #7844 10.0củ,Business,income,1
thu nhập affliate tiktok shop healing #514 8.8củ,Business,income,1
lương admin fanpage ngon nhức nách #3017 12.7củ,Salary,income,1
sửa vòi nước hỏng over hợp #2957 17k,Housing,expense,1
bơ đậu phộng mlem mlem #5927 288k,Food,expense,1
mua nước súc miệng listerine healing #9770 410 cành,Health,expense,1
tiền lãi chứng khoán nổ hũ slay #3271 5235 ngàn,Business,income,1
mua máy sấy tóc gét gô #6837 287K,Housing,expense,1
trà sữa phê la chill chill #794 98 ngàn,Food,expense,1
lợi nhuận bán quần áo secondhand ét ô ét #9009 2.6tr,Business,income,1
mua bút highlight vô tri #4082 306k,Education,expense,1
phí dịch vụ chung cư hết nấc #3396 391 cành,Housing,expense,1
lương part-time rủng rỉnh slay #3486 4276 cành,Salary,income,1
tiền điện nước giá kinh hoàng gét gô #6716 289k,Housing,expense,1
trà sữa phúc long vibe đỉnh #2956 340k,Food,expense,1
phở cuốn healing #8922 20k,Food,expense,1
mua thuốc nhỏ mắt len kiếp nạn thứ 82 489.000 đồng,Health,expense,1
đèn led hoàng hôn đỉnh nóc kịch trần #9855 330 cành,Shopping,expense,1
tai nghe bluetooth chụp tai cháy phố #6689 24 cành,Shopping,expense,1
học phí khóa học photoshop xịn xò 247 cành,Education,expense,1
đồ ăn vặt cổng trường đỉnh nóc kịch trần #2850 14 ngàn,Food,expense,1
mua khẩu trang 4d chill chill #317 268.000 đồng,Health,expense,1
thẻ xe bus điện vinbus mlem mlem #7882 30k,Transport,expense,1
tiền cho bạn vay giờ đòi được xu cà na #4930 8.8củ,Business,income,1
son tint bóng chill chill #2116 301 ngàn,Beauty,expense,1
tủ quần áo lắp ráp ét ô ét #1100 77k,Housing,expense,1
tiền bonus từ khách hàng xu cà na #4357 11.8tr,Bonus,income,1
xin review quán này với,Housing,expense,0
mua khóa học udemy đỉnh nóc kịch trần #983 27 ngàn,Education,expense,1
ốp lưng iphone xịn xò mlem mlem #9611 242k,Shopping,expense,1
kimbap siêu dài đỉnh nóc kịch trần #3918 340k,Food,expense,1
nệm cao su non ét ô ét #6981 251 ngàn,Housing,expense,1
tiền trúng thưởng mini game cứu rỗi tâm hồn 10.0tr,Business,income,1
mua thực phẩm chức năng omega3 ầm ầm #4348 444k,Health,expense,1
tiền vệ sinh rác thải vibe đỉnh #8650 256k,Housing,expense,1
mua sách truyện manga hết nấc 243k,Entertainment,expense,1
mua nước lau sàn thơm đỉnh nóc kịch trần 202k,Housing,expense,1
mua vàng tích trữ kiếp nạn thứ 82 240k,Investment,expense,1
mua cây decor phòng ngủ đỉnh nóc kịch trần #6293 158 cành,Housing,expense,1
thưởng ngày lễ 30/4 đỉnh nóc kịch trần #5746 5.7Tr,Bonus,income,1
phí dịch vụ chung cư #5923 485k,Housing,expense,1
mua nước lau sàn thơm ngon nhức nách #8121 30.000 đồng,Housing,expense,1
mua bút highlight cứu rỗi tâm hồn #1882 356k,Education,expense,1
phở cuốn hết nấc #3953 138 cành,Food,expense,1
bán tài liệu học tập cũ vibe đỉnh 3.905.000 đồng,Business,income,1
lương designer freelance hết nấc 13613K,Salary,income,1
vé đi triển lãm nghệ thuật xu cà na #1577 82.000 đồng,Entertainment,expense,1
vibe hôm nay heal lắm,Food,expense,0
đế đỡ điện thoại chill chill 361K,Shopping,expense,1
mua cây decor phòng ngủ 297k,Housing,expense,1
thưởng nóng từ sếp vô tri 11205 ngàn,Bonus,income,1
thịt bò ba chỉ vô tri #3864 416k,Food,expense,1
mì cay cấp độ 7 ét ô ét 74k,Food,expense,1
mua quà tạ lỗi bồ ét ô ét #924 270k,Social,expense,1
thưởng ngày lễ 30/4 slay #361 1.3củ,Bonus,income,1
tiền xăng xe tay ga hết nấc #9283 93k,Transport,expense,1
ốp lưng iphone xịn xò đỉnh nóc kịch trần #5418 11 ngàn,Shopping,expense,1
xiên bẩn over hợp 90k,Food,expense,1
bảo dưỡng xe máy cứu rỗi tâm hồn 112k,Transport,expense,1
thưởng nhân viên xuất sắc xu cà na #4710 9.2củ,Bonus,income,1
lương thực tập sinh bèo bọt slay #6829 10301 ngàn,Salary,income,1
đu đỉnh coin cứu rỗi tâm hồn #7252 239k,Investment,expense,1
gửi xe trung tâm thương mại ngon nhức nách #239 399K,Transport,expense,1
mua quần áo local brand #5716 192.000 đồng,Shopping,expense,1
rau hữu cơ bách hóa xanh ầm ầm #4438 21 cành,Food,expense,1
tai nghe bluetooth chụp tai healing #7990 25K,Shopping,expense,1
sinh tố bơ ngon ngậy mlem mlem 83k,Food,expense,1
lương cứng mỗi tháng đỉnh nóc kịch trần 13.948.000 đồng,Salary,income,1
bảng mắt màu khói cháy phố #1605 360k,Beauty,expense,1
phí dịch vụ chung cư vô tri 392k,Housing,expense,1
vitamin c trắng da 40 cành,Health,expense,1
mua khóa học tik tok master slay #9285 105k,Education,expense,1
mua kính râm thời trang gét gô #6143 130K,Shopping,expense,1
trà sữa phúc long cứu rỗi tâm hồn #3512 436 ngàn,Food,expense,1
nước cốt xương cháy phố 340k,Food,expense,1
mua bao cao su durex xịn xò #2100 45k,Health,expense,1
bán tài liệu học tập cũ ầm ầm #2424 7270 ngàn,Business,income,1
thưởng chuyên cần kiếp nạn thứ 82 8.8củ,Bonus,income,1
tiền khám bệnh phòng khám flexing #1082 477 ngàn,Health,expense,1
nước ép hoa quả healthy đỉnh nóc kịch trần 11 cành,Food,expense,1
vé máy bay vietjet ầm ầm #210 109 cành,Transport,expense,1
sushi băng chuyền ét ô ét 344k,Food,expense,1
ơm tấm sườn bì chả over hợp 195.000 đồng,Food,expense,1
kẹp bấm mi xịn ngon nhức nách 499k,Beauty,expense,1
lãi gửi tiết kiệm ngân hàng gét gô 11828 cành,Business,income,1
sinh tố bơ ngon ngậy ét ô ét 150k,Food,expense,1
lương cứng mỗi tháng vibe đỉnh #7989 5.978.000 đồng,Salary,income,1
mua khóa học tik tok master over hợp #8440 117 cành,Education,expense,1
gà rán jollibee gét gô 477.000 đồng,Food,expense,1
bạc sỉu đá cháy phố #6231 252 ngàn,Food,expense,1
mua khẩu trang 4d cháy phố #289 461k,Health,expense,1
tiền nhổ răng khôn khóc thét đỉnh nóc kịch trần #1242 97k,Health,expense,1
sữa chua hy lạp cháy phố #8425 193 cành,Food,expense,1
in tài liệu tiểu luận slay #768 472k,Education,expense,1
săn sale kẹp tóc slay 92K,Shopping,expense,1
bảo dưỡng xe máy cháy phố #8145 450 ngàn,Transport,expense,1
săn áo thun t-shirt vô tri 98k,Shopping,expense,1
chốt đơn hoodie oversize cháy phố #6300 168k,Shopping,expense,1
tiền xăng xe tay ga chill chill 147k,Transport,expense,1
vé xe limousine về quê slay #9425 15k,Transport,expense,1
gói netflix xem phim xịn xò #2463 470k,Entertainment,expense,1
quyên góp từ thiện chống lũ over hợp 184k,Charity,expense,1
vớ tất cao cổ vô tri #6021 95K,Shopping,expense,1
mua thực phẩm chức năng omega3 hết nấc #2998 55K,Health,expense,1
ăn sập sình ngon nhức nách #1551 342k,Food,expense,1
nhận lương viết content gét gô 430k,Salary,income,1
tiền cọc phòng trọ vibe đỉnh 394k,Housing,expense,1
nạp vip spotify slay #7353 155k,Entertainment,expense,1
tiền mạng internet wifi over hợp #4125 435 cành,Housing,expense,1
thưởng nóng từ sếp ngon nhức nách #3795 8.2Tr,Bonus,income,1
hủ tiếu gõ #5070 488k,Food,expense,1
tiền thanh lý đồ cũ pass đồ ngon nhức nách 5487K,Business,income,1
lương admin fanpage kiếp nạn thứ 82 #9234 6916 cành,Salary,income,1
tiền donate livestream cứu rỗi tâm hồn #726 9272k,Business,income,1
đăng ký lớp yoga hết nấc #3849 32K,Education,expense,1
nước ép hoa quả healthy vibe đỉnh #9771 29k,Food,expense,1
tiền vệ sinh rác thải ét ô ét 229 ngàn,Housing,expense,1
lương admin fanpage mlem mlem 905k,Salary,income,1
sơn móng tay gel cứu rỗi tâm hồn 271k,Beauty,expense,1
xúc xích ăn liền vibe đỉnh #2179 160 ngàn,Food,expense,1
vé xem phim cgv flexing #601 144 ngàn,Entertainment,expense,1
sữa chua hy lạp ngon nhức nách #911 16k,Food,expense,1
thẻ xe bus điện vinbus cứu rỗi tâm hồn #6494 355k,Transport,expense,1
chì kẻ mày phẩy sợi cứu rỗi tâm hồn 481.000 đồng,Beauty,expense,1
lương làm mẫu ảnh chill chill #8626 5.1củ,Salary,income,1
mua khẩu trang 4d vibe đỉnh #3310 172k,Health,expense,1
tiền đóng bảo hiểm y tế gét gô #2983 49K,Health,expense,1
vào rạp chiếu phim lotte #4895 119 cành,Entertainment,expense,1
mua quà tạ lỗi bồ healing #4031 41.000 đồng,Social,expense,1
mua bông y tế tẩy trang hết nấc #2520 125 ngàn,Health,expense,1
chốt đơn shopee live vibe đỉnh #8431 472k,Shopping,expense,1
bút calligraphy #985 238K,Shopping,expense,1
ai đi cf không,Housing,expense,0
sữa rửa mặt cetaphil hết nấc 178k,Beauty,expense,1
tiền mạng internet wifi đỉnh nóc kịch trần 458k,Housing,expense,1
vé máy bay vietjet kiếp nạn thứ 82 285k,Transport,expense,1
ơm tấm sườn bì chả chill chill 360k,Food,expense,1
tủ quần áo lắp ráp xu cà na 482k,Housing,expense,1
thu nhập affliate tiktok shop ngon nhức nách #6635 5.2củ,Business,income,1
tiền nhổ răng khôn khóc thét chill chill 405k,Health,expense,1
chì kẻ mày phẩy sợi ngon nhức nách #782 268K,Beauty,expense,1
mua kính râm thời trang hết nấc 317k,Shopping,expense,1
nước khoáng aquafina slay 271k,Food,expense,1
book phòng homestay đà lạt ét ô ét 252k,Transport,expense,1
tiền thưởng kpi tháng ầm ầm 14.232.000 đồng,Bonus,income,1
tiền bonus từ khách hàng vibe đỉnh #1183 6575k,Bonus,income,1
mua đồ tiktok shop xịn xò 316 cành,Shopping,expense,1
tiền xăng xe tay ga healing #5478 451.000 đồng,Transport,expense,1
lẩu haidilao slay 292 ngàn,Food,expense,1
lương admin fanpage vô tri #9229 14184 ngàn,Salary,income,1
tiền khám bệnh phòng khám 25 ngàn,Health,expense,1
học phí đại học khóc thét cứu rỗi tâm hồn #3138 165k,Education,expense,1
bún bò huế full topping đỉnh nóc kịch trần 474k,Food,expense,1
phí dịch vụ chung cư flexing #7763 137k,Housing,expense,1
tiền trúng thưởng mini game ầm ầm 10277k,Business,income,1
mua tài liệu ôn thi cứu rỗi tâm hồn #1411 349k,Education,expense,1
ức gà ăn kiêng ầm ầm #1518 485k,Food,expense,1
đi chill acoustic vô tri #3881 206 cành,Entertainment,expense,1
ăn sập sình ngon nhức nách #2104 380.000 đồng,Food,expense,1
nhận lương chạy grab kịch sàn ầm ầm #4082 5.8củ,Salary,income,1
lương làm trợ giảng đỉnh nóc kịch trần #8641 11731 cành,Salary,income,1
chốt đơn túi xách đeo chéo vô tri #6810 307k,Shopping,expense,1
nhận lương chạy grab kịch sàn ét ô ét 13735k,Salary,income,1
vớ tất cao cổ #5882 423k,Shopping,expense,1
yến mạch giảm cân mlem mlem #4915 118k,Food,expense,1
thuê gia sư kèm 1-1 vibe đỉnh 484 cành,Education,expense,1
nước cốt xương healing #5990 192k,Food,expense,1
kem dưỡng phục hồi b5 hết nấc #7123 211k,Beauty,expense,1
mì trộn indomie ngon nhức nách 199 ngàn,Food,expense,1
tiền xăng xe tay ga gét gô #8630 424k,Transport,expense,1
mì trộn indomie ét ô ét 227k,Food,expense,1
gà rán jollibee vô tri 340K,Food,expense,1
popmart blindbox đỉnh nóc kịch trần 120 cành,Shopping,expense,1
bún đậu mắm tôm ngon nhức nách vibe đỉnh 64k,Food,expense,1
đu đỉnh chứng khoán ầm ầm #9134 490 cành,Investment,expense,1
nạp thẻ game liên quân ét ô ét 282k,Entertainment,expense,1
bánh tráng phơi sương #9035 296.000 đồng,Food,expense,1
mua bao cao su durex slay #6794 35K,Health,expense,1
thay dầu nhớt castrol xịn xò #7824 190k,Transport,expense,1
chơi boardgame cùng hội bạn xu cà na 61k,Entertainment,expense,1
mua máy sấy tóc gét gô 445k,Housing,expense,1
tiền đóng bảo hiểm y tế cháy phố #3129 234k,Health,expense,1
mua thuốc nhỏ mắt len đỉnh nóc kịch trần #7300 468k,Health,expense,1
đi siêu thị go sắm đồ vô tri 483k,Shopping,expense,1
mua đồ về làm mukbang healing #5548 278 cành,Food,expense,1
tiền mua đồ thắp hương slay 420k,Investment,expense,1
tiền lãi đầu tư coin vô tri #5236 5.7củ,Business,income,1
mua quà tạ lỗi bồ slay #5575 37 ngàn,Social,expense,1
săn sale kẹp tóc #5027 268k,Shopping,expense,1
đi siêu thị go sắm đồ hết nấc #4354 158k,Shopping,expense,1
mixue kem cây xu cà na 496k,Food,expense,1
nước hoa mini #9147 365k,Beauty,expense,1
bảng mắt màu khói ầm ầm 300k,Beauty,expense,1
tiền mừng cưới bạn thân cứu rỗi tâm hồn #997 217.000 đồng,Social,expense,1
tủ quần áo lắp ráp slay #9808 427 ngàn,Housing,expense,1
mua quần jean ống rộng vibe đỉnh #972 361 ngàn,Shopping,expense,1
mua quần áo local brand đỉnh nóc kịch trần #6301 154k,Shopping,expense,1
tiền khám bệnh phòng khám mlem mlem 165 ngàn,Health,expense,1
dầu gió xanh cứu cánh xu cà na 409k,Health,expense,1
học phí đại học khóc thét hết nấc 94k,Education,expense,1
yến mạch giảm cân mlem mlem #119 15k,Food,expense,1
mua khẩu trang 4d kiếp nạn thứ 82 #3090 432.000 đồng,Health,expense,1
tiền cho bạn vay giờ đòi được over hợp #5201 898.000 đồng,Business,income,1
ăn sập sình healing 362 cành,Food,expense,1
tiền nhổ răng khôn khóc thét #9657 13k,Health,expense,1
mua thuốc uống cảm cúm hết nấc #4605 448 cành,Health,expense,1
kem chống nắng nâng tông 369k,Beauty,expense,1
serum trị mụn #5567 52.000 đồng,Beauty,expense,1
sữa rửa mặt cetaphil vibe đỉnh #1274 177 ngàn,Beauty,expense,1
đăng ký test toeic slay 235k,Education,expense,1
bánh tráng trộn healing #4660 343 ngàn,Food,expense,1
tủ quần áo lắp ráp xịn xò #3843 87k,Housing,expense,1
lệ phí thi lại môn mlem mlem 359k,Education,expense,1
lương làm mẫu ảnh hết nấc 1.8tr,Salary,income,1
học phí khóa học photoshop ầm ầm #4077 206k,Education,expense,1
đi bar pub quẩy hết nấc #1273 412k,Entertainment,expense,1
tiền quỹ nhóm chia đều vô tri 539.000 đồng,Business,income,1
tiền phạt vi phạm giao thông ét ô ét 433k,Transport,expense,1
rong biển cuộn cơm flexing #4862 195 ngàn,Food,expense,1
mì tôm hảo hảo xu cà na 20 cành,Food,expense,1
thịt bò ba chỉ mlem mlem 13 ngàn,Food,expense,1
bún bò huế full topping kiếp nạn thứ 82 269K,Food,expense,1
vớ tất cao cổ vibe đỉnh #7994 208.000 đồng,Shopping,expense,1
hạt granola #2895 320 ngàn,Food,expense,1
dầu gió xanh cứu cánh gét gô 335.000 đồng,Health,expense,1
vé xe limousine về quê over hợp #4573 115K,Transport,expense,1
tiền mừng cưới bạn thân cứu rỗi tâm hồn #8049 177K,Social,expense,1
tiền cho bạn vay giờ đòi được hết nấc 7549 cành,Business,income,1
đóng tiền phạt muộn mlem mlem #3166 65.000 đồng,Investment,expense,1
vé đi triển lãm nghệ thuật kiếp nạn thứ 82 280.000 đồng,Entertainment,expense,1
mì tôm hảo hảo hết nấc 83k,Food,expense,1
book phòng homestay đà lạt ầm ầm #5132 262.000 đồng,Transport,expense,1
serum trị mụn slay #6649 93.000 đồng,Beauty,expense,1
chi phí đổi căn cước công dân slay 86k,Investment,expense,1
đi đu idol kpop cứu rỗi tâm hồn #2465 378K,Entertainment,expense,1
bánh tráng trộn healing 482 ngàn,Food,expense,1
trà sữa phúc long xu cà na 160k,Food,expense,1
phí dịch vụ chung cư mlem mlem #478 470.000 đồng,Housing,expense,1
rau hữu cơ bách hóa xanh over hợp #3044 471k,Food,expense,1
lẩu haidilao flexing 269K,Food,expense,1
tiền trúng thưởng mini game cháy phố #792 7075 cành,Business,income,1
đi chill acoustic hết nấc #8600 231k,Entertainment,expense,1
bắt grabcar đi tiệc mlem mlem #8683 382k,Transport,expense,1
kem dưỡng phục hồi b5 đỉnh nóc kịch trần #8296 289k,Beauty,expense,1
tiền cà phê giao lưu đối tác flexing 316k,Investment,expense,1
quạt tích điện để bàn slay #4428 173K,Shopping,expense,1
tiền thanh lý đồ cũ pass đồ vô tri #9003 2699K,Business,income,1
mua khẩu trang 4d flexing #4265 461 cành,Health,expense,1
phòng lướt net net cỏ 46k,Entertainment,expense,1
rong biển cuộn cơm cứu rỗi tâm hồn 332 cành,Food,expense,1
in tài liệu tiểu luận vibe đỉnh #6233 223 ngàn,Education,expense,1
quyên góp từ thiện chống lũ xịn xò #1943 126k,Charity,expense,1
bơ đậu phộng healing 61K,Food,expense,1
gọi bebike đi học mlem mlem #6382 138K,Transport,expense,1
bảo dưỡng xe máy over hợp #1271 457k,Transport,expense,1
gà tắm sốt cứu rỗi tâm hồn #1260 300.000 đồng,Food,expense,1
hôm nay trời đẹp ghê,Entertainment,expense,0
tiền cọc phòng trọ cháy phố #6661 430k,Housing,expense,1
đồ ăn vặt cổng trường xịn xò #1158 33k,Food,expense,1
cà phê muối #9839 333k,Food,expense,1
thảm lau chân dễ thương kiếp nạn thứ 82 435 cành,Shopping,expense,1
tiền điện nước giá kinh hoàng gét gô #7514 263 ngàn,Housing,expense,1
in tài liệu tiểu luận xịn xò #6079 72k,Education,expense,1
thay dầu nhớt castrol ngon nhức nách 66 cành,Transport,expense,1
mua nước súc miệng listerine xu cà na #8001 471K,Health,expense,1
thưởng chuyên cần healing 10840 cành,Bonus,income,1
góp quỹ từ thiện trường hết nấc #4322 329K,Charity,expense,1
đồ ăn vặt cổng trường healing #8054 347k,Food,expense,1
mua phụ kiện vòng tay kiếp nạn thứ 82 #2237 448 ngàn,Shopping,expense,1
tiền thưởng dự án xuất sắc đỉnh nóc kịch trần 13.4Tr,Bonus,income,1
yến mạch giảm cân flexing #1335 59k,Food,expense,1
vé xe limousine về quê gét gô #5698 372 ngàn,Transport,expense,1
son tint bóng over hợp 358 cành,Beauty,expense,1
thuê gia sư kèm 1-1 hết nấc #802 496k,Education,expense,1
nước khoáng aquafina mlem mlem #9432 223k,Food,expense,1
ting ting lương công ty over hợp #9510 13.1Tr,Salary,income,1
tiền sinh nhật đứa bạn vô tri #2848 452k,Social,expense,1
mua bông y tế tẩy trang #4299 130.000 đồng,Health,expense,1
mặt nạ đất sét kiếp nạn thứ 82 #8253 477k,Beauty,expense,1
tiền sinh nhật đứa bạn ngon nhức nách #4400 11.000 đồng,Social,expense,1
mua game trên steam đỉnh nóc kịch trần #9684 337k,Entertainment,expense,1
chốt đơn shopee live cháy phố #6549 398k,Shopping,expense,1
yến mạch giảm cân cứu rỗi tâm hồn #7494 92k,Food,expense,1
tokbokki phô mai over hợp #5748 167k,Food,expense,1
thảm lau chân dễ thương chill chill 30 ngàn,Shopping,expense,1
highlands phindi ngon nhức nách #2982 209K,Food,expense,1
gói netflix xem phim gét gô 210k,Entertainment,expense,1
mặt nạ đất sét cứu rỗi tâm hồn #7789 305K,Beauty,expense,1
tiền gửi xe hàng tháng cứu rỗi tâm hồn #2019 474k,Investment,expense,1
thuốc nhỏ mũi xịt mlem mlem #3602 491k,Health,expense,1
tiền thưởng dự án xuất sắc ét ô ét #1777 3.8củ,Bonus,income,1
lương part-time rủng rỉnh healing #3297 9596K,Salary,income,1
tiền nhổ răng khôn khóc thét over hợp 428k,Health,expense,1
vibe hôm nay heal lắm,Food,expense,0
học phí đại học khóc thét slay #3613 25.000 đồng,Education,expense,1
ting ting lương công ty cháy phố #1307 4322K,Salary,income,1
góp quỹ từ thiện trường gét gô #6833 51k,Charity,expense,1
thu nhập từ kênh youtube xịn xò 13788 cành,Business,income,1
mua thực phẩm chức năng omega3 ầm ầm 217 ngàn,Health,expense,1
mua tài liệu ôn thi cứu rỗi tâm hồn 217k,Education,expense,1
đu đỉnh chứng khoán vibe đỉnh #622 304K,Investment,expense,1
mua mũ bảo hiểm có kính ầm ầm 22.000 đồng,Transport,expense,1
vé đi triển lãm nghệ thuật hết nấc #8932 153K,Entertainment,expense,1
mua thực phẩm chức năng omega3 mlem mlem 173k,Health,expense,1
decor lại phòng trọ over hợp #1236 222K,Housing,expense,1
tiền lãi chứng khoán nổ hũ hết nấc #4523 6172K,Business,income,1
ting ting lương công ty ầm ầm #710 5614K,Salary,income,1
lãi gửi tiết kiệm ngân hàng cứu rỗi tâm hồn 8.318.000 đồng,Business,income,1
hát karaoke cháy máy ầm ầm #9731 80k,Entertainment,expense,1
serum trị mụn chill chill #1050 218k,Beauty,expense,1
góp quỹ từ thiện trường ầm ầm #6180 240k,Charity,expense,1
lãi gửi tiết kiệm ngân hàng cứu rỗi tâm hồn #575 6.000.000 đồng,Business,income,1
mua máy sấy tóc mlem mlem #4495 182K,Housing,expense,1
tiền thưởng kpi tháng hết nấc #3042 9.1tr,Bonus,income,1
sổ tay bullet journal cháy phố 44k,Shopping,expense,1
book phòng homestay đà lạt cứu rỗi tâm hồn #5076 252k,Transport,expense,1
lương cứng mỗi tháng đỉnh nóc kịch trần #6994 5180k,Salary,income,1
book phòng homestay đà lạt cháy phố 104 ngàn,Transport,expense,1
thưởng tết âm lịch ấm áp healing 3.0Tr,Bonus,income,1
tiền khám bệnh phòng khám mlem mlem #2263 276.000 đồng,Health,expense,1
học phí học lái xe ô tô xịn xò #2131 46 cành,Education,expense,1
thảm lau chân dễ thương vô tri 73k,Shopping,expense,1
bắt grabcar đi tiệc healing #9438 300 cành,Transport,expense,1
mua quần áo local brand cứu rỗi tâm hồn #2058 167K,Shopping,expense,1
nhận lương viết content xịn xò 3511k,Salary,income,1
thưởng vượt doanh số #9421 1.4củ,Bonus,income,1
tiền mạng internet wifi slay 401K,Housing,expense,1
serum trị mụn xu cà na 446k,Beauty,expense,1
quyên góp từ thiện chống lũ ngon nhức nách #5296 301.000 đồng,Charity,expense,1
tiền quỹ nhóm chia đều kiếp nạn thứ 82 #6928 12.2tr,Business,income,1
trứng gà so #1666 387K,Food,expense,1
thưởng nhân viên xuất sắc gét gô #6538 14099K,Bonus,income,1
củ sạc nhanh baseus cháy phố 420K,Shopping,expense,1
thưởng nhân viên xuất sắc slay #6102 9.2tr,Bonus,income,1
chi phí đổi căn cước công dân vibe đỉnh #7960 38k,Investment,expense,1
lương cứng mỗi tháng #2264 3.0tr,Salary,income,1
popmart blindbox over hợp 53K,Shopping,expense,1
tiền thưởng dự án xuất sắc hết nấc 6624K,Bonus,income,1
mì trộn indomie healing 326k,Food,expense,1
cơm hộp tiện lợi hết nấc 371k,Food,expense,1
sinh tố bơ ngon ngậy hết nấc #6302 248 cành,Food,expense,1
thưởng ngày lễ 30/4 ầm ầm #1532 2237k,Bonus,income,1
phòng lướt net net cỏ kiếp nạn thứ 82 120 cành,Entertainment,expense,1
mua sách truyện manga slay #3346 492k,Entertainment,expense,1
tiền thưởng dự án xuất sắc xịn xò 8.433.000 đồng,Bonus,income,1
mua nước súc miệng listerine xịn xò 418k,Health,expense,1
tiền thưởng kpi tháng vibe đỉnh #3576 10407 cành,Bonus,income,1
học phí đại học khóc thét vibe đỉnh #9155 159k,Education,expense,1
nhận lương viết content mlem mlem 2.4tr,Salary,income,1
nước ép hoa quả healthy chill chill #8372 324 cành,Food,expense,1
quyên góp từ thiện chống lũ xịn xò #3898 89 ngàn,Charity,expense,1
mua bút highlight hết nấc #8564 279k,Education,expense,1
săn áo thun t-shirt ngon nhức nách 262 cành,Shopping,expense,1
book phòng homestay đà lạt chill chill #4012 345k,Transport,expense,1
mua bao cao su durex healing #591 101k,Health,expense,1
serum trị mụn cháy phố #3877 309k,Beauty,expense,1
chơi boardgame cùng hội bạn kiếp nạn thứ 82 #3523 311k,Entertainment,expense,1
ăn sập sình cháy phố #5363 330 cành,Food,expense,1
hát karaoke cháy máy ngon nhức nách #5105 388k,Entertainment,expense,1
tokbokki phô mai xịn xò #9653 469.000 đồng,Food,expense,1
thay dầu nhớt castrol ngon nhức nách #7930 95k,Transport,expense,1
tai nghe bluetooth chụp tai mlem mlem 371k,Shopping,expense,1
mua thuốc nhỏ mắt len xịn xò #447 447k,Health,expense,1
son tint bóng slay 258k,Beauty,expense,1
mua nước súc miệng listerine #4556 369k,Health,expense,1
lương làm mẫu ảnh chill chill #165 8.8Tr,Salary,income,1
tiền xăng xe tay ga kiếp nạn thứ 82 #854 24K,Transport,expense,1
mua giày sneaker mlem đỉnh nóc kịch trần #661 90k,Shopping,expense,1
xiên bẩn over hợp #7895 284.000 đồng,Food,expense,1
đèn led hoàng hôn healing #1067 154 ngàn,Shopping,expense,1
lãi gửi tiết kiệm ngân hàng kiếp nạn thứ 82 4395k,Business,income,1
rong biển cuộn cơm ầm ầm 457 cành,Food,expense,1
thưởng vượt doanh số flexing #5851 5.1Tr,Bonus,income,1
chì kẻ mày phẩy sợi kiếp nạn thứ 82 150k,Beauty,expense,1
đi chill acoustic over hợp #7541 339 cành,Entertainment,expense,1
kem dưỡng phục hồi b5 ngon nhức nách 464 cành,Beauty,expense,1
đóng tiền phạt muộn healing #6023 278 ngàn,Investment,expense,1
phở cuốn #6874 489k,Food,expense,1
phí dịch vụ chung cư cháy phố #9767 424.000 đồng,Housing,expense,1
tiền mạng internet wifi healing #3733 49k,Housing,expense,1
đế đỡ điện thoại ngon nhức nách #6083 154k,Shopping,expense,1
tiền thanh lý đồ cũ pass đồ cứu rỗi tâm hồn #9049 3871 ngàn,Business,income,1
bún đậu mắm tôm ngon nhức nách ét ô ét 256k,Food,expense,1
nước hoa mini mlem mlem 494k,Beauty,expense,1
dầu gội bưởi mọc tóc over hợp 473k,Beauty,expense,1
ức gà ăn kiêng ngon nhức nách #9209 22.000 đồng,Food,expense,1
vé xem phim cgv flexing #2435 59 ngàn,Entertainment,expense,1
vào rạp chiếu phim lotte chill chill #5834 267.000 đồng,Entertainment,expense,1
nước ép hoa quả healthy mlem mlem 352k,Food,expense,1
trà sữa phúc long xịn xò #3488 285 cành,Food,expense,1
bình giữ nhiệt stanley vibe đỉnh #2089 356k,Shopping,expense,1
ét ô ét cứu cái phòng trọ này,Entertainment,expense,0
tiền cho bạn vay giờ đòi được hết nấc #6489 217K,Business,income,1
tiền mạng internet wifi over hợp #7607 87k,Housing,expense,1
vớ tất cao cổ cháy phố #2061 34 cành,Shopping,expense,1
rau hữu cơ bách hóa xanh healing 314.000 đồng,Food,expense,1
vé đi triển lãm nghệ thuật healing #6205 399k,Entertainment,expense,1
lương admin fanpage ầm ầm #4738 1.928.000 đồng,Salary,income,1
gà rán jollibee #5079 97k,Food,expense,1
tiền lãi đầu tư coin gét gô #3009 10813 cành,Business,income,1
đóng tiền phạt muộn vô tri #403 271k,Investment,expense,1
mua vàng tích trữ ét ô ét #5289 156k,Investment,expense,1
cơm hộp tiện lợi healing #9112 465k,Food,expense,1
cushion che khuyết điểm flexing #4392 278k,Beauty,expense,1
mua máy sấy tóc đỉnh nóc kịch trần #6915 177K,Housing,expense,1
tiền mua đồ thắp hương vibe đỉnh 38.000 đồng,Investment,expense,1
thưởng tết âm lịch ấm áp ầm ầm #8292 8.2tr,Bonus,income,1
sinh tố bơ ngon ngậy vô tri #3161 172k,Food,expense,1
học phí khóa học photoshop vibe đỉnh #6684 431k,Education,expense,1
tiền điện nước giá kinh hoàng over hợp 69.000 đồng,Housing,expense,1
lương thực tập sinh bèo bọt over hợp #2712 14.568.000 đồng,Salary,income,1
mì cay cấp độ 7 chill chill #3334 453k,Food,expense,1
thưởng vượt doanh số kiếp nạn thứ 82 #5043 987 ngàn,Bonus,income,1
tiền quỹ lớp ngon nhức nách #5906 175.000 đồng,Education,expense,1
hôm nay trời đẹp ghê,Social,expense,0
sổ tay bullet journal cháy phố #2558 152 ngàn,Shopping,expense,1
bút calligraphy cháy phố 407k,Shopping,expense,1
hát karaoke cháy máy vibe đỉnh #7332 448 cành,Entertainment,expense,1
mua nước lau sàn thơm slay #5612 62 cành,Housing,expense,1
nem chua rán mlem mlem #9744 485 ngàn,Food,expense,1
ốp lưng iphone xịn xò hết nấc 149k,Shopping,expense,1
thu nhập affliate tiktok shop ầm ầm #7071 10.5tr,Business,income,1
khoai lang mật cháy phố 444k,Food,expense,1
nước tẩy trang bioderma ét ô ét #9913 140k,Beauty,expense,1
tiền quỹ nhóm chia đều slay 4.247.000 đồng,Business,income,1
tiền quỹ lớp slay #9785 268K,Education,expense,1
mua cây decor phòng ngủ cứu rỗi tâm hồn #1845 56k,Housing,expense,1
bún đậu mắm tôm ngon nhức nách,Social,expense,0
lương designer freelance chill chill #2264 2685K,Salary,income,1
tiền điện nước giá kinh hoàng cứu rỗi tâm hồn #7008 469 ngàn,Housing,expense,1
chốt đơn shopee live mlem mlem #6470 462k,Shopping,expense,1
tiền cà phê giao lưu đối tác cháy phố #5393 428 cành,Investment,expense,1
nước ngọt coca zero slay #8622 32 cành,Food,expense,1
mua đồ tiktok shop hết nấc 499k,Shopping,expense,1
bún đậu mắm tôm ngon nhức nách ngon nhức nách 285K,Food,expense,1
mua quà tạ lỗi bồ chill chill #6766 43k,Social,expense,1
tiền khám bệnh phòng khám ầm ầm 24k,Health,expense,1
thưởng nóng từ sếp ầm ầm #514 12256 cành,Bonus,income,1
trà sữa phúc long vô tri #6426 68k,Food,expense,1
vitamin c trắng da chill chill #3158 325K,Health,expense,1
mua giày sneaker mlem vibe đỉnh 84 ngàn,Shopping,expense,1
sticker dán laptop over hợp #8011 79k,Shopping,expense,1
phí dịch vụ chung cư chill chill 102k,Housing,expense,1
củ sạc nhanh baseus vibe đỉnh #2276 46k,Shopping,expense,1
đặt xe grabbike kiếp nạn thứ 82 #3140 101k,Transport,expense,1
tiền bán hàng shopee hết nấc #6384 14547 cành,Business,income,1
thu nhập từ kênh youtube flexing #7007 9.1củ,Business,income,1
nước tẩy trang bioderma hết nấc #2246 161k,Beauty,expense,1
trà đào cam sả đỉnh nóc kịch trần #6342 137 cành,Food,expense,1
tiền mạng internet wifi đỉnh nóc kịch trần #2402 426k,Housing,expense,1
bơ đậu phộng slay #841 15K,Food,expense,1
bút calligraphy slay 264k,Shopping,expense,1
mua cây decor phòng ngủ slay #5808 228k,Housing,expense,1
decor lại phòng trọ gét gô 199k,Housing,expense,1
thưởng ngày lễ 30/4 xu cà na #3182 8.8tr,Bonus,income,1
thu nhập affliate tiktok shop over hợp #6470 7664K,Business,income,1
rong biển cuộn cơm chill chill #7923 209 cành,Food,expense,1
vé xe limousine về quê ngon nhức nách #6623 108 cành,Transport,expense,1
cà phê muối gét gô #7728 450k,Food,expense,1
mua nước lau sàn thơm cứu rỗi tâm hồn #433 237k,Housing,expense,1
sửa vòi nước hỏng xu cà na #3332 229 cành,Housing,expense,1
hôm nay trời đẹp ghê,Housing,expense,0
thưởng nóng từ sếp vô tri #9665 14948k,Bonus,income,1
tiền thưởng kpi tháng xu cà na #9788 8.4tr,Bonus,income,1
đi đu idol kpop ngon nhức nách #1700 320.000 đồng,Entertainment,expense,1
mua quần jean ống rộng gét gô 483 ngàn,Shopping,expense,1
thưởng nhân viên xuất sắc vibe đỉnh #6035 9.9củ,Bonus,income,1
tiền quỹ nhóm chia đều mlem mlem 5.3Tr,Business,income,1
thưởng nóng từ sếp ét ô ét #8623 13.8Tr,Bonus,income,1
lương cứng mỗi tháng kiếp nạn thứ 82 #8239 7776k,Salary,income,1
đóng tiền phạt muộn chill chill #6699 474 cành,Investment,expense,1
nước tẩy trang bioderma gét gô 281k,Beauty,expense,1
đăng ký test toeic xu cà na #8591 239.000 đồng,Education,expense,1
đế đỡ điện thoại healing #8200 439k,Shopping,expense,1
phí dịch vụ chung cư mlem mlem 336 ngàn,Housing,expense,1
mua tài liệu ôn thi healing 347 cành,Education,expense,1
tiền bán hàng shopee cháy phố 10.373.000 đồng,Business,income,1
tiền trúng thưởng mini game kiếp nạn thứ 82 #6144 1703 cành,Business,income,1
đu đỉnh coin flexing #2247 279.000 đồng,Investment,expense,1
mua nước lau sàn thơm healing 180.000 đồng,Housing,expense,1
tiền thưởng kpi tháng ét ô ét #2747 6.518.000 đồng,Bonus,income,1
bắt grabcar đi tiệc vibe đỉnh #1317 432k,Transport,expense,1
lương cứng mỗi tháng vô tri #2431 12017 cành,Salary,income,1
tiền thưởng dự án xuất sắc vibe đỉnh 12408K,Bonus,income,1
mua bút highlight chill chill #2352 436 cành,Education,expense,1
tiền bố mẹ tiếp tế ầm ầm 13163K,Business,income,1
chi phí đổi căn cước công dân ầm ầm #8970 320K,Investment,expense,1
sổ tay bullet journal kiếp nạn thứ 82 437k,Shopping,expense,1
vé đi triển lãm nghệ thuật đỉnh nóc kịch trần #9770 124k,Entertainment,expense,1
tiền nhổ răng khôn khóc thét vibe đỉnh #5140 469k,Health,expense,1
bia chill cùng bạn flexing #9917 216k,Food,expense,1
đặt xe grabbike ầm ầm #5501 100k,Transport,expense,1
tiền lì xì tết tốn kém flexing #8469 253 ngàn,Investment,expense,1
nước tẩy trang bioderma slay #4690 419.000 đồng,Beauty,expense,1
nước hoa mini ầm ầm #3512 101.000 đồng,Beauty,expense,1
khoai lang mật hết nấc 227k,Food,expense,1
chốt đơn shopee live đỉnh nóc kịch trần #4937 260k,Shopping,expense,1
tiền bố mẹ tiếp tế chill chill #7531 7355K,Business,income,1
kệ để đồ mĩ phẩm kiếp nạn thứ 82 124k,Shopping,expense,1
săn áo thun t-shirt vibe đỉnh 17k,Shopping,expense,1
dầu gội bưởi mọc tóc gét gô #8699 454K,Beauty,expense,1
đi siêu thị go sắm đồ over hợp #8102 15k,Shopping,expense,1
in tài liệu tiểu luận cháy phố #6708 124k,Education,expense,1
tokbokki phô mai gét gô #532 228K,Food,expense,1
thẻ xe bus điện vinbus gét gô #1135 212K,Transport,expense,1
mua mũ bảo hiểm có kính hết nấc #1535 472k,Transport,expense,1
vé concert anh trai 320k,Entertainment,expense,1
đế đỡ điện thoại ầm ầm #6099 34k,Shopping,expense,1
sửa vòi nước hỏng ầm ầm #8030 198 ngàn,Housing,expense,1
trà sữa phúc long cháy phố 317k,Food,expense,1
mua thuốc nhỏ mắt len xu cà na 397.000 đồng,Health,expense,1
đồ ăn vặt cổng trường đỉnh nóc kịch trần #720 18.000 đồng,Food,expense,1
mua nước súc miệng listerine healing #1559 422.000 đồng,Health,expense,1
tiền nhổ răng khôn khóc thét #345 57k,Health,expense,1
lương làm trợ giảng vô tri 14.3Tr,Salary,income,1
đăng ký lớp yoga healing #8384 453k,Education,expense,1
bán tài liệu học tập cũ vô tri #1644 10.839.000 đồng,Business,income,1
nạp vip spotify over hợp #8068 195 ngàn,Entertainment,expense,1
nước hoa mini kiếp nạn thứ 82 #2611 305K,Beauty,expense,1
chi phí đổi căn cước công dân cháy phố #646 126k,Investment,expense,1
nước khoáng aquafina kiếp nạn thứ 82 #1621 347 ngàn,Food,expense,1
thưởng nóng từ sếp ét ô ét #1229 11542 cành,Bonus,income,1
học phí học lái xe ô tô vibe đỉnh #679 496k,Education,expense,1
sổ tay bullet journal cứu rỗi tâm hồn 251k,Shopping,expense,1
thuê xe máy đi phượt chill chill 85K,Transport,expense,1
decor lại phòng trọ chill chill 226.000 đồng,Housing,expense,1
mua quần áo local brand chill chill #7557 231k,Shopping,expense,1
đu đỉnh chứng khoán cứu rỗi tâm hồn 168k,Investment,expense,1
yến mạch giảm cân chill chill 384k,Food,expense,1
trà đào cam sả cứu rỗi tâm hồn 221.000 đồng,Food,expense,1
hôm nay trời đẹp ghê,Entertainment,expense,0
sushi băng chuyền chill chill #1648 103k,Food,expense,1
tiền mạng internet wifi healing #1848 332 cành,Housing,expense,1
popmart blindbox cháy phố 429 cành,Shopping,expense,1
ting ting lương công ty over hợp 1638K,Salary,income,1
tủ quần áo lắp ráp vibe đỉnh 372k,Housing,expense,1
thưởng nhân viên xuất sắc cứu rỗi tâm hồn #6742 9.762.000 đồng,Bonus,income,1
nước khoáng aquafina ngon nhức nách #9276 203k,Food,expense,1
đi chợ đầu mối kiếp nạn thứ 82 132K,Shopping,expense,1
mì tôm hảo hảo 85 cành,Food,expense,1
nệm cao su non xịn xò #8557 297K,Housing,expense,1
thưởng nóng từ sếp ngon nhức nách #1124 7954 cành,Bonus,income,1
mua quần jean ống rộng kiếp nạn thứ 82 #7781 201.000 đồng,Shopping,expense,1
mua bao cao su durex gét gô 297k,Health,expense,1
vé xe limousine về quê vibe đỉnh #3474 185k,Transport,expense,1
gà rán jollibee mlem mlem 211k,Food,expense,1
ăn sập sình flexing #6016 28.000 đồng,Food,expense,1
trà đào cam sả ét ô ét #102 32 ngàn,Food,expense,1
mua trà hoa cúc ngủ ngon cháy phố #6452 117k,Health,expense,1
mua trà hoa cúc ngủ ngon flexing #3852 469K,Health,expense,1
tiền donate livestream xịn xò 3318 cành,Business,income,1
sơn móng tay gel healing 130k,Beauty,expense,1
khoai lang mật vô tri #1508 456k,Food,expense,1
vớ tất cao cổ ét ô ét #5150 30k,Shopping,expense,1
ting ting lương công ty 460k,Salary,income,1
mua khóa học udemy xịn xò #193 99k,Education,expense,1
tiền bố mẹ tiếp tế cháy phố #2600 9.1Tr,Business,income,1
mixue kem cây xu cà na #1624 344 ngàn,Food,expense,1
thưởng nóng từ sếp đỉnh nóc kịch trần #1890 3.6Tr,Bonus,income,1
mua vàng tích trữ cứu rỗi tâm hồn 99 cành,Investment,expense,1
quyên góp từ thiện chống lũ ầm ầm #6663 443K,Charity,expense,1
góp quỹ từ thiện trường chill chill #9516 271K,Charity,expense,1
ting ting lương công ty hết nấc #2533 9040k,Salary,income,1
tiền lãi chứng khoán nổ hũ xịn xò 542k,Business,income,1
dầu gió xanh cứu cánh xịn xò #6740 151k,Health,expense,1
tiền lì xì tết tốn kém #8503 345k,Investment,expense,1
lương designer freelance ét ô ét #3570 3428K,Salary,income,1
nhận lương viết content #238 10.945.000 đồng,Salary,income,1
thu nhập từ kênh youtube #1978 7606K,Business,income,1
lương designer freelance healing #1860 5395 ngàn,Salary,income,1
tiền bố mẹ tiếp tế hết nấc #3069 8097K,Business,income,1
tiền thưởng kpi tháng vibe đỉnh #2959 8243 cành,Bonus,income,1
tiền donate livestream kiếp nạn thứ 82 #865 7462 cành,Business,income,1
vé máy bay vietjet cứu rỗi tâm hồn #8229 457k,Transport,expense,1
tiền lãi chứng khoán nổ hũ vô tri #451 6703 cành,Business,income,1
nạp thẻ game liên quân ầm ầm #8545 346k,Entertainment,expense,1
mua quần jean ống rộng over hợp #7581 283 ngàn,Shopping,expense,1
củ sạc nhanh baseus chill chill 110k,Shopping,expense,1
xúc xích ăn liền over hợp #716 118k,Food,expense,1
hát karaoke cháy máy hết nấc 15k,Entertainment,expense,1
nước tẩy trang bioderma ét ô ét 488k,Beauty,expense,1
tiền lì xì tết tốn kém vibe đỉnh #4002 489K,Investment,expense,1
săn sale lazada 11.11 cháy phố 357k,Shopping,expense,1
thưởng vượt doanh số ngon nhức nách #2155 3623 ngàn,Bonus,income,1
nem chua rán healing 432.000 đồng,Food,expense,1
xúc xích ăn liền healing #7954 343k,Food,expense,1
thuê gia sư kèm 1-1 chill chill #276 271.000 đồng,Education,expense,1
bạc sỉu đá healing #6684 12k,Food,expense,1
tiền mua đồ thắp hương cứu rỗi tâm hồn #7501 50 cành,Investment,expense,1
gà rán jollibee hết nấc 327k,Food,expense,1
kệ để đồ mĩ phẩm ngon nhức nách #2442 238k,Shopping,expense,1
mua thuốc nhỏ mắt len flexing 189k,Health,expense,1
in tài liệu tiểu luận ầm ầm #4030 408k,Education,expense,1
quyên góp từ thiện chống lũ mlem mlem #5489 365 cành,Charity,expense,1
sổ tay bullet journal xu cà na 217 cành,Shopping,expense,1
đu đỉnh chứng khoán flexing 397k,Investment,expense,1
serum trị mụn 310K,Beauty,expense,1
mua khóa cửa vân tay cháy phố 321.000 đồng,Housing,expense,1
cà phê muối vô tri #8798 470 ngàn,Food,expense,1
tiền khám bệnh phòng khám đỉnh nóc kịch trần #6252 451k,Health,expense,1
khóa học tiếng anh ielts mlem mlem #472 142k,Education,expense,1
mua nước súc miệng listerine mlem mlem #8909 293k,Health,expense,1
mua cây decor phòng ngủ vibe đỉnh 29k,Housing,expense,1
bánh tráng phơi sương flexing 370K,Food,expense,1
phòng lướt net net cỏ cháy phố #6079 228 cành,Entertainment,expense,1
túi sưởi mini flexing #9336 311k,Shopping,expense,1
mua tài liệu ôn thi kiếp nạn thứ 82 #6033 53K,Education,expense,1
phí dịch vụ chung cư ét ô ét 53k,Housing,expense,1
tokbokki phô mai #9917 59.000 đồng,Food,expense,1
nước ép hoa quả healthy vô tri 458k,Food,expense,1
mixue kem cây kiếp nạn thứ 82 #2296 256K,Food,expense,1
thu nhập affliate tiktok shop healing #9731 7189k,Business,income,1
lương part-time rủng rỉnh over hợp #3315 11.7tr,Salary,income,1
đóng tiền phạt muộn ngon nhức nách 51.000 đồng,Investment,expense,1
k buffet hết nấc 322.000 đồng,Food,expense,1
ức gà ăn kiêng mlem mlem #648 111k,Food,expense,1
nạp thẻ game liên quân cứu rỗi tâm hồn #6863 296k,Entertainment,expense,1
phí dịch vụ chung cư 412k,Housing,expense,1
tiền bán hàng shopee flexing 12408k,Business,income,1
đăng ký lớp yoga cứu rỗi tâm hồn #6294 264 cành,Education,expense,1
lương làm mẫu ảnh ét ô ét 2.0Tr,Salary,income,1
lương designer freelance slay #6280 9.338.000 đồng,Salary,income,1
ting ting lương công ty cứu rỗi tâm hồn #8125 6.9Tr,Salary,income,1
lương làm mẫu ảnh vibe đỉnh #987 12.823.000 đồng,Salary,income,1
nước ngọt coca zero #6435 271 cành,Food,expense,1
tiền thưởng dự án xuất sắc hết nấc #4761 12.4củ,Bonus,income,1
mua thuốc nhỏ mắt len over hợp 35k,Health,expense,1
quạt tích điện để bàn ầm ầm #6014 482 ngàn,Shopping,expense,1
mua cây decor phòng ngủ cứu rỗi tâm hồn 457k,Housing,expense,1
ức gà ăn kiêng slay #6749 459k,Food,expense,1
học phí khóa học photoshop ét ô ét 130k,Education,expense,1
thưởng ngày lễ 30/4 kiếp nạn thứ 82 8.0củ,Bonus,income,1
bảo dưỡng xe máy healing #9315 420k,Transport,expense,1
tiền bonus từ khách hàng over hợp 3.897.000 đồng,Bonus,income,1
thưởng vượt doanh số đỉnh nóc kịch trần #720 9917 cành,Bonus,income,1
hôm nay trời đẹp ghê,Social,expense,0
kimbap siêu dài xu cà na 40k,Food,expense,1
vitamin c trắng da đỉnh nóc kịch trần #1297 171k,Health,expense,1
thưởng sinh nhật công ty slay 6728k,Bonus,income,1
tiền bao người yêu đi ăn gét gô #7808 311k,Social,expense,1
mua khóa cửa vân tay kiếp nạn thứ 82 #5660 347k,Housing,expense,1
ức gà ăn kiêng xịn xò #9021 306k,Food,expense,1
mì cay cấp độ 7 cứu rỗi tâm hồn #8469 327K,Food,expense,1
tiền bố mẹ tiếp tế hết nấc 8.3tr,Business,income,1
tiền quỹ lớp flexing #1081 151k,Education,expense,1
cơm hộp tiện lợi vibe đỉnh #3673 16k,Food,expense,1
nệm cao su non healing #8677 357K,Housing,expense,1
bút calligraphy xu cà na #8500 163k,Shopping,expense,1
mua quần áo local brand mlem mlem 91.000 đồng,Shopping,expense,1
củ sạc nhanh baseus xu cà na 478K,Shopping,expense,1
highlands phindi chill chill #7130 241k,Food,expense,1
mua sách truyện manga flexing 299k,Entertainment,expense,1
mua nước lau sàn thơm over hợp 110k,Housing,expense,1
kẹp bấm mi xịn slay #1655 51 ngàn,Beauty,expense,1
mua sách truyện manga over hợp #8765 92.000 đồng,Entertainment,expense,1
gửi xe trung tâm thương mại chill chill #6601 446k,Transport,expense,1
sushi băng chuyền ét ô ét #772 53.000 đồng,Food,expense,1
mua máy sấy tóc over hợp #8821 147 cành,Housing,expense,1
tiền bán hàng shopee over hợp #9495 4.498.000 đồng,Business,income,1
thịt bò ba chỉ xu cà na #1401 278 cành,Food,expense,1
nem chua rán vô tri 266.000 đồng,Food,expense,1
mua sách tiếng anh mua chill chill 60k,Education,expense,1
thưởng nhân viên xuất sắc cứu rỗi tâm hồn #7410 7.1củ,Bonus,income,1
góp quỹ từ thiện trường healing #9798 183k,Charity,expense,1
ốp lưng iphone xịn xò slay #1509 130.000 đồng,Shopping,expense,1
thưởng nhân viên xuất sắc hết nấc 13719k,Bonus,income,1
bánh tráng phơi sương vô tri 352k,Food,expense,1
bún đậu mắm tôm ngon nhức nách slay #687 489K,Food,expense,1
bia chill cùng bạn kiếp nạn thứ 82 #5688 455k,Food,expense,1
mua kính râm thời trang cháy phố 175k,Shopping,expense,1
mì tôm hảo hảo gét gô #1175 281k,Food,expense,1
mua game trên steam ét ô ét #5557 186k,Entertainment,expense,1
vé máy bay vietjet flexing #972 159 ngàn,Transport,expense,1
tiền thưởng dự án xuất sắc ét ô ét 13.2củ,Bonus,income,1
tiền nhổ răng khôn khóc thét đỉnh nóc kịch trần #9183 351 cành,Health,expense,1
ăn sập sình slay #3770 125k,Food,expense,1
tiền quỹ nhóm chia đều ét ô ét #8178 13747 cành,Business,income,1
mua quà tạ lỗi bồ healing #6021 252k,Social,expense,1
gói khám sức khỏe tổng quát cháy phố 250K,Health,expense,1
vớ tất cao cổ vibe đỉnh #6359 42K,Shopping,expense,1
lương làm mẫu ảnh over hợp #7955 4968 cành,Salary,income,1
thảm lau chân dễ thương hết nấc 357 cành,Shopping,expense,1
đặt xe grabbike kiếp nạn thứ 82 #8336 199K,Transport,expense,1
chốt đơn túi xách đeo chéo vô tri 183k,Shopping,expense,1
mua khóa học tik tok master slay 243k,Education,expense,1
trà sữa phúc long vibe đỉnh 339 ngàn,Food,expense,1
gói netflix xem phim slay #3905 99k,Entertainment,expense,1
tiền thanh lý đồ cũ pass đồ ét ô ét 9480K,Business,income,1
đi siêu thị go sắm đồ ầm ầm #5989 123K,Shopping,expense,1
quạt tích điện để bàn cháy phố 427k,Shopping,expense,1
kệ để đồ mĩ phẩm cháy phố 259.000 đồng,Shopping,expense,1
săn sale kẹp tóc over hợp #426 223k,Shopping,expense,1
tiền cho bạn vay giờ đòi được cứu rỗi tâm hồn #2313 9145k,Business,income,1
rửa xe máy sạch bong chill chill #8550 353K,Transport,expense,1
thay dầu nhớt castrol cứu rỗi tâm hồn #2951 323k,Transport,expense,1
đi đu idol kpop #7716 270 cành,Entertainment,expense,1
son tint bóng xịn xò #4843 151k,Beauty,expense,1
tiền cho bạn vay giờ đòi được vô tri 9.9tr,Business,income,1
lương admin fanpage cứu rỗi tâm hồn #5564 13664 cành,Salary,income,1
thuốc nhỏ mũi xịt xịn xò #3290 117k,Health,expense,1
tiền nhận từ booking quảng cáo kiếp nạn thứ 82 #3833 12828K,Business,income,1
lệ phí thi lại môn #6640 361K,Education,expense,1
lương thực tập sinh bèo bọt hết nấc #2564 12.4tr,Salary,income,1
tiền lì xì tết tốn kém 155 cành,Investment,expense,1
bạc sỉu đá healing #1128 92 cành,Food,expense,1
vé xem phim cgv đỉnh nóc kịch trần #2002 33 ngàn,Entertainment,expense,1
chốt đơn hoodie oversize chill chill #2161 262k,Shopping,expense,1
đế đỡ điện thoại #8227 164k,Shopping,expense,1
vé xem phim cgv xu cà na #7705 65k,Entertainment,expense,1
mixue kem cây ngon nhức nách #7260 48k,Food,expense,1
nhận lương viết content cứu rỗi tâm hồn #4814 3604K,Salary,income,1
gà tắm sốt mlem mlem #2770 435.000 đồng,Food,expense,1
mặt nạ đất sét healing #9917 34k,Beauty,expense,1
đăng ký test toeic slay #777 398k,Education,expense,1
highlands phindi ét ô ét #839 67 cành,Food,expense,1
khoai lang mật đỉnh nóc kịch trần #4476 362k,Food,expense,1
in tài liệu tiểu luận #8082 377k,Education,expense,1
thưởng sinh nhật công ty #236 1.278.000 đồng,Bonus,income,1
đế đỡ điện thoại flexing #8334 282k,Shopping,expense,1
mua máy sấy tóc xịn xò #5944 27k,Housing,expense,1
mua khóa cửa vân tay vô tri #5444 470k,Housing,expense,1
chốt đơn chưa bồ ơi,Entertainment,expense,0
mua nước súc miệng listerine đỉnh nóc kịch trần 411k,Health,expense,1
lương thực tập sinh bèo bọt cháy phố 8.6tr,Salary,income,1
tiền nhổ răng khôn khóc thét đỉnh nóc kịch trần #3595 294.000 đồng,Health,expense,1
yến mạch giảm cân mlem mlem 469k,Food,expense,1
góp quỹ từ thiện trường hết nấc 294k,Charity,expense,1
lệ phí thi lại môn healing #9028 414.000 đồng,Education,expense,1
mì trộn indomie mlem mlem #7562 340K,Food,expense,1
trà đào cam sả kiếp nạn thứ 82 #3678 177 ngàn,Food,expense,1
mua trà hoa cúc ngủ ngon mlem mlem #8780 151 ngàn,Health,expense,1
tiền lì xì tết tốn kém flexing #4955 408k,Investment,expense,1
nước cốt xương xịn xò 147 ngàn,Food,expense,1
bún đậu mắm tôm ngon nhức nách chill chill #9310 354k,Food,expense,1
sticker dán laptop cháy phố 408.000 đồng,Shopping,expense,1
lương làm mẫu ảnh xịn xò #7513 11088 cành,Salary,income,1
đồ ăn vặt cổng trường over hợp #2136 158k,Food,expense,1
tẩy tế bào chết cocoon cháy phố 341k,Beauty,expense,1
chúc mừng sinh nhật nhé,Food,expense,0
mua thuốc uống cảm cúm ầm ầm #1424 108.000 đồng,Health,expense,1
tiền thanh lý đồ cũ pass đồ ét ô ét #253 7400k,Business,income,1
tẩy tế bào chết cocoon cứu rỗi tâm hồn #7728 72k,Beauty,expense,1
mua đồ về làm mukbang xịn xò 369k,Food,expense,1
lương admin fanpage đỉnh nóc kịch trần #6820 1818K,Salary,income,1
yến mạch giảm cân over hợp #2788 40.000 đồng,Food,expense,1
mua nước súc miệng listerine vibe đỉnh 159k,Health,expense,1
tokbokki phô mai slay 78k,Food,expense,1
thu nhập affliate tiktok shop chill chill #8009 14136 ngàn,Business,income,1
săn sale kẹp tóc over hợp #7553 218k,Shopping,expense,1
thẻ xe bus điện vinbus cháy phố 258k,Transport,expense,1
k buffet cứu rỗi tâm hồn #2702 228k,Food,expense,1
thuê xe máy đi phượt slay 210.000 đồng,Transport,expense,1
nạp vip spotify healing #8454 28K,Entertainment,expense,1
mua bao cao su durex chill chill 470k,Health,expense,1
mì trộn indomie cháy phố 201k,Food,expense,1
tiền bonus từ khách hàng flexing #6301 8188 ngàn,Bonus,income,1
khóa học tiếng anh ielts kiếp nạn thứ 82 104k,Education,expense,1
k buffet cứu rỗi tâm hồn #5010 351k,Food,expense,1
hôm nay trời đẹp ghê,Social,expense,0
tiền lãi đầu tư coin hết nấc 3181K,Business,income,1
tiền vệ sinh rác thải ầm ầm #4024 178 cành,Housing,expense,1
trà sữa phê la ngon nhức nách 156 ngàn,Food,expense,1
xiên bẩn đỉnh nóc kịch trần #894 328K,Food,expense,1
vé xem phim cgv healing #9304 361k,Entertainment,expense,1
bán tài liệu học tập cũ cứu rỗi tâm hồn #4071 8660K,Business,income,1
trứng gà so đỉnh nóc kịch trần #4295 156k,Food,expense,1
tiền bán hàng shopee flexing #6077 10554 ngàn,Business,income,1
mặt nạ đất sét mlem mlem #4443 25.000 đồng,Beauty,expense,1
hôm nay trời đẹp ghê,Food,expense,0
tiền bố mẹ tiếp tế cháy phố 6062 ngàn,Business,income,1
ơm tấm sườn bì chả flexing 405k,Food,expense,1
hủ tiếu gõ kiếp nạn thứ 82 334k,Food,expense,1
son tint bóng vibe đỉnh #7080 466k,Beauty,expense,1
thưởng sinh nhật công ty over hợp #3316 7.6tr,Bonus,income,1
mua bông y tế tẩy trang over hợp #5910 293k,Health,expense,1
tai nghe bluetooth chụp tai flexing 29k,Shopping,expense,1
tiền donate livestream flexing 5.3Tr,Business,income,1
mua nước súc miệng listerine ầm ầm #7557 137k,Health,expense,1
lương làm mẫu ảnh vô tri #6442 2326 ngàn,Salary,income,1
lương cứng mỗi tháng xịn xò #2794 14712k,Salary,income,1
mua kính râm thời trang vibe đỉnh 329k,Shopping,expense,1
vé máy bay vietjet healing #5573 53.000 đồng,Transport,expense,1
đóng tiền phạt muộn xu cà na 259.000 đồng,Investment,expense,1
mua vàng tích trữ chill chill 412k,Investment,expense,1
tiền quỹ lớp hết nấc #5754 302K,Education,expense,1
ăn sập sình flexing #4550 167k,Food,expense,1
đu đỉnh chứng khoán healing #7415 101K,Investment,expense,1
nước hoa mini hết nấc #9080 422 cành,Beauty,expense,1
lương cứng mỗi tháng cháy phố #6454 535 cành,Salary,income,1
thu nhập từ kênh youtube ầm ầm 11.258.000 đồng,Business,income,1
bia chill cùng bạn cứu rỗi tâm hồn #6690 50k,Food,expense,1
mặt nạ đất sét ầm ầm #636 158 ngàn,Beauty,expense,1
mua đồ về làm mukbang cứu rỗi tâm hồn 467k,Food,expense,1
túi sưởi mini over hợp 497K,Shopping,expense,1
nem chua rán mlem mlem 442k,Food,expense,1
chốt đơn túi xách đeo chéo ngon nhức nách 375k,Shopping,expense,1
vé concert anh trai slay #1823 69 ngàn,Entertainment,expense,1
quyên góp từ thiện chống lũ slay #2064 433.000 đồng,Charity,expense,1
học phí học lái xe ô tô 407K,Education,expense,1
tiền thưởng dự án xuất sắc flexing #308 2.7Tr,Bonus,income,1
bún đậu mắm tôm ngon nhức nách,Food,expense,0
vào rạp chiếu phim lotte cháy phố #264 370k,Entertainment,expense,1
lãi gửi tiết kiệm ngân hàng vô tri #3831 9.7củ,Business,income,1
kem chống nắng nâng tông hết nấc #8052 227k,Beauty,expense,1
chốt đơn chưa bồ ơi,Food,expense,0
tiền vệ sinh rác thải mlem mlem #3532 297 ngàn,Housing,expense,1
tiền chung cư mini ét ô ét #9208 304.000 đồng,Housing,expense,1
tiền bonus từ khách hàng slay #1644 6.7củ,Bonus,income,1
khóa học tiếng anh ielts vô tri #7667 335k,Education,expense,1
bạc sỉu đá xu cà na 57.000 đồng,Food,expense,1
in tài liệu tiểu luận xịn xò #9319 167k,Education,expense,1
dầu gội bưởi mọc tóc cứu rỗi tâm hồn #1621 395k,Beauty,expense,1
tiền thanh lý đồ cũ pass đồ cháy phố #6336 8794 cành,Business,income,1
vé concert anh trai healing #6840 222k,Entertainment,expense,1
lương làm trợ giảng slay #7324 3288k,Salary,income,1
nhận lương viết content cứu rỗi tâm hồn 6288 ngàn,Salary,income,1
mì trộn indomie vibe đỉnh 153 ngàn,Food,expense,1
tiền mạng internet wifi hết nấc #9254 243k,Housing,expense,1
ting ting lương công ty ét ô ét #6776 10.6củ,Salary,income,1
vé đi triển lãm nghệ thuật chill chill 472k,Entertainment,expense,1
son tint bóng chill chill #9317 335.000 đồng,Beauty,expense,1
thưởng sinh nhật công ty over hợp #8587 1.713.000 đồng,Bonus,income,1
đi chill acoustic ngon nhức nách #3714 272.000 đồng,Entertainment,expense,1
bia chill cùng bạn vibe đỉnh #1484 304.000 đồng,Food,expense,1
sinh tố bơ ngon ngậy vô tri #7114 337k,Food,expense,1
mua sách truyện manga ầm ầm #9924 121k,Entertainment,expense,1
mua bút highlight cháy phố #5819 49k,Education,expense,1
đóng tiền phạt muộn cứu rỗi tâm hồn #8024 214k,Investment,expense,1
thưởng ngày lễ 30/4 vibe đỉnh 7.6tr,Bonus,income,1
mua khóa cửa vân tay #3587 416 ngàn,Housing,expense,1
ét ô ét cứu cái phòng trọ này,Housing,expense,0
tiền lì xì tết tốn kém #5948 448k,Investment,expense,1
mua bút highlight vô tri #412 438.000 đồng,Education,expense,1
đi bar pub quẩy cháy phố 423 ngàn,Entertainment,expense,1
gọi bebike đi học vô tri #6695 449k,Transport,expense,1
chốt đơn hoodie oversize cứu rỗi tâm hồn 255 ngàn,Shopping,expense,1
tiền lãi chứng khoán nổ hũ chill chill #6459 12371K,Business,income,1
sticker dán laptop vibe đỉnh #3019 429k,Shopping,expense,1
phòng lướt net net cỏ vô tri 415 cành,Entertainment,expense,1
xiên bẩn ét ô ét #1865 498k,Food,expense,1
tiền mừng cưới bạn thân mlem mlem #8850 81k,Social,expense,1
nước ngọt coca zero mlem mlem #4865 80k,Food,expense,1
lương designer freelance gét gô #696 4.954.000 đồng,Salary,income,1
học phí học lái xe ô tô chill chill 482k,Education,expense,1
tiền đóng bảo hiểm y tế ét ô ét #9710 342 ngàn,Health,expense,1
thịt bò ba chỉ ét ô ét #8943 363 ngàn,Food,expense,1
trứng gà so xu cà na 231k,Food,expense,1
thưởng chuyên cần chill chill #3587 698.000 đồng,Bonus,income,1
tiền quỹ nhóm chia đều kiếp nạn thứ 82 #9603 7322 cành,Business,income,1
mua tài liệu ôn thi ngon nhức nách #852 338k,Education,expense,1
bơ đậu phộng over hợp #4855 26k,Food,expense,1
chi phí đổi căn cước công dân ầm ầm #1146 22 ngàn,Investment,expense,1
mua kính râm thời trang gét gô 164k,Shopping,expense,1
chì kẻ mày phẩy sợi vô tri #8877 36k,Beauty,expense,1
mua quần áo local brand cứu rỗi tâm hồn 205k,Shopping,expense,1
phòng lướt net net cỏ flexing 424k,Entertainment,expense,1
quạt tích điện để bàn đỉnh nóc kịch trần #5653 233k,Shopping,expense,1
bắt grabcar đi tiệc healing #7994 455.000 đồng,Transport,expense,1
rong biển cuộn cơm kiếp nạn thứ 82 253k,Food,expense,1
mua sách tiếng anh mua kiếp nạn thứ 82 363K,Education,expense,1
lương làm mẫu ảnh ầm ầm #1343 8680 cành,Salary,income,1
decor lại phòng trọ flexing 171k,Housing,expense,1
trà đào cam sả chill chill #8204 201.000 đồng,Food,expense,1
mua giày sneaker mlem ngon nhức nách 465K,Shopping,expense,1
ai đi cf không,Social,expense,0
mua vàng tích trữ vibe đỉnh 67k,Investment,expense,1
tiền nhổ răng khôn khóc thét hết nấc #7210 199 cành,Health,expense,1
cơm hộp tiện lợi vibe đỉnh #7995 167k,Food,expense,1
ăn sập sình kiếp nạn thứ 82 12K,Food,expense,1
bảo dưỡng xe máy slay 57 cành,Transport,expense,1
thưởng nhân viên xuất sắc vibe đỉnh #1602 8329k,Bonus,income,1
tiền quỹ lớp ngon nhức nách #9707 185 ngàn,Education,expense,1
vé xe limousine về quê ét ô ét 473k,Transport,expense,1
lương cứng mỗi tháng healing #2691 9052 cành,Salary,income,1
quạt tích điện để bàn hết nấc #3048 326k,Shopping,expense,1
lương admin fanpage mlem mlem #6892 8.9tr,Salary,income,1
tiền mạng internet wifi hết nấc #6008 352k,Housing,expense,1
gấu bông labubu gét gô 299K,Shopping,expense,1
mua phụ kiện vòng tay vibe đỉnh 280.000 đồng,Shopping,expense,1
xiên bẩn xịn xò #2459 205k,Food,expense,1
trà sữa phê la vibe đỉnh 237k,Food,expense,1
khóa học tiếng anh ielts ngon nhức nách #6530 475k,Education,expense,1
đồ ăn vặt cổng trường ngon nhức nách 125k,Food,expense,1
đóng tiền phạt muộn ét ô ét 201k,Investment,expense,1
lương admin fanpage mlem mlem #9492 7.6Tr,Salary,income,1
mua nước lau sàn thơm over hợp #9257 41 ngàn,Housing,expense,1
tiền lãi đầu tư coin chill chill #6733 1.6củ,Business,income,1
chốt đơn shopee live slay 420k,Shopping,expense,1
tiền sinh nhật đứa bạn vô tri #8109 265K,Social,expense,1
cơm hộp tiện lợi slay #8443 251 ngàn,Food,expense,1
tiền lãi đầu tư coin cứu rỗi tâm hồn #4434 7746 cành,Business,income,1
lương thực tập sinh bèo bọt over hợp #3657 10687 cành,Salary,income,1
bán tài liệu học tập cũ kiếp nạn thứ 82 6.5củ,Business,income,1
tiền donate livestream ngon nhức nách #1514 10401K,Business,income,1
rong biển cuộn cơm cứu rỗi tâm hồn #9850 349 ngàn,Food,expense,1
kem dưỡng phục hồi b5 ét ô ét #1281 270k,Beauty,expense,1
nước ép hoa quả healthy cứu rỗi tâm hồn #7872 275.000 đồng,Food,expense,1
lệ phí thi lại môn xu cà na 330k,Education,expense,1
mua tài liệu ôn thi cứu rỗi tâm hồn #7846 351k,Education,expense,1
kem dưỡng phục hồi b5 over hợp #5858 497 ngàn,Beauty,expense,1
nước cốt xương hết nấc 476k,Food,expense,1
đi chợ đầu mối kiếp nạn thứ 82 #977 131k,Shopping,expense,1
sticker dán laptop healing #2860 500k,Shopping,expense,1
sữa chua hy lạp đỉnh nóc kịch trần #6586 498k,Food,expense,1
lương thực tập sinh bèo bọt 783k,Salary,income,1
thu nhập từ kênh youtube slay #8003 7.8tr,Business,income,1
bạc sỉu đá mlem mlem 463 ngàn,Food,expense,1
khoai lang mật xu cà na #6395 345 cành,Food,expense,1
tiền bonus từ khách hàng gét gô #8378 12.3tr,Bonus,income,1
sinh tố bơ ngon ngậy vô tri #5996 218 ngàn,Food,expense,1
nạp thẻ game liên quân mlem mlem 83k,Entertainment,expense,1
tiền điện nước giá kinh hoàng xu cà na 318k,Housing,expense,1
sửa vòi nước hỏng cứu rỗi tâm hồn #1689 165k,Housing,expense,1
lẩu haidilao cứu rỗi tâm hồn #7315 404 cành,Food,expense,1
bia chill cùng bạn chill chill 404k,Food,expense,1
tiền điện nước giá kinh hoàng ầm ầm #1610 99.000 đồng,Housing,expense,1
tiền bonus từ khách hàng cháy phố #3293 3843k,Bonus,income,1
mua mũ bảo hiểm có kính gét gô #2928 14.000 đồng,Transport,expense,1
popmart blindbox đỉnh nóc kịch trần #6366 441k,Shopping,expense,1
lãi gửi tiết kiệm ngân hàng ầm ầm #1611 12.4củ,Business,income,1
sửa vòi nước hỏng gét gô #3805 105.000 đồng,Housing,expense,1
lương admin fanpage over hợp #4199 9.3củ,Salary,income,1
tiền sinh nhật đứa bạn đỉnh nóc kịch trần 259k,Social,expense,1
trà chanh giã tay flexing 375K,Food,expense,1
tai nghe bluetooth chụp tai kiếp nạn thứ 82 271K,Shopping,expense,1
mua thuốc nhỏ mắt len ngon nhức nách #4055 99K,Health,expense,1
mua mũ bảo hiểm có kính ầm ầm #2475 383K,Transport,expense,1
lợi nhuận bán quần áo secondhand ầm ầm 5.0tr,Business,income,1
mua trà hoa cúc ngủ ngon mlem mlem 387k,Health,expense,1
tiền mua đồ thắp hương gét gô 469k,Investment,expense,1
thưởng sinh nhật công ty #1240 768K,Bonus,income,1
lương admin fanpage mlem mlem #599 12795k,Salary,income,1
sữa chua hy lạp cháy phố #5326 386 ngàn,Food,expense,1
kem dưỡng phục hồi b5 cứu rỗi tâm hồn 211k,Beauty,expense,1
phở cuốn xu cà na 146 cành,Food,expense,1
rau hữu cơ bách hóa xanh cứu rỗi tâm hồn #3832 15K,Food,expense,1
đi siêu thị go sắm đồ mlem mlem #2282 12k,Shopping,expense,1
săn sale kẹp tóc flexing 293k,Shopping,expense,1
tẩy tế bào chết cocoon flexing #2549 252 cành,Beauty,expense,1
thưởng vượt doanh số vibe đỉnh #7067 4.6củ,Bonus,income,1
thuê xe máy đi phượt xu cà na 448k,Transport,expense,1
thuê xe máy đi phượt mlem mlem 126 ngàn,Transport,expense,1
chốt đơn shopee live over hợp 475K,Shopping,expense,1
lệ phí thi lại môn over hợp 152k,Education,expense,1
thuê xe máy đi phượt ngon nhức nách #9169 170.000 đồng,Transport,expense,1
highlands phindi ngon nhức nách 274k,Food,expense,1
ức gà ăn kiêng xịn xò #9262 390 ngàn,Food,expense,1
thuê xe máy đi phượt xịn xò #8417 213k,Transport,expense,1
trà đào cam sả ngon nhức nách #2025 108 ngàn,Food,expense,1
khoai lang mật xu cà na #6798 495k,Food,expense,1
nước ép hoa quả healthy vibe đỉnh 134.000 đồng,Food,expense,1
dầu gội bưởi mọc tóc hết nấc #9705 447.000 đồng,Beauty,expense,1
popmart blindbox flexing #2298 296 cành,Shopping,expense,1
bún đậu mắm tôm ngon nhức nách,Entertainment,expense,0
thưởng sinh nhật công ty over hợp #1832 3671K,Bonus,income,1
nhận lương viết content mlem mlem #5460 7.585.000 đồng,Salary,income,1
củ sạc nhanh baseus 97 cành,Shopping,expense,1
thu nhập affliate tiktok shop cứu rỗi tâm hồn #9156 4.302.000 đồng,Business,income,1
mua khóa cửa vân tay 486K,Housing,expense,1
tiền chung cư mini đỉnh nóc kịch trần #4753 68k,Housing,expense,1
lương làm mẫu ảnh gét gô 2100K,Salary,income,1
xiên bẩn đỉnh nóc kịch trần #9678 258K,Food,expense,1
mặt nạ đất sét ngon nhức nách 102.000 đồng,Beauty,expense,1
yến mạch giảm cân hết nấc #7994 224.000 đồng,Food,expense,1
mua đồ tiktok shop đỉnh nóc kịch trần #2883 108k,Shopping,expense,1
lợi nhuận bán quần áo secondhand vô tri #4064 9.1tr,Business,income,1
thuốc nhỏ mũi xịt đỉnh nóc kịch trần #2900 22 ngàn,Health,expense,1
tiền trúng thưởng mini game 5.661.000 đồng,Business,income,1
mua cây decor phòng ngủ ngon nhức nách #3165 393k,Housing,expense,1
mua nước súc miệng listerine #9731 290k,Health,expense,1
mua giày sneaker mlem ngon nhức nách #127 500k,Shopping,expense,1
mua mũ bảo hiểm có kính cháy phố #6231 111K,Transport,expense,1
xúc xích ăn liền ngon nhức nách 285k,Food,expense,1
mua khẩu trang 4d healing #9874 494k,Health,expense,1
gọi bebike đi học hết nấc #4639 308k,Transport,expense,1
rau hữu cơ bách hóa xanh kiếp nạn thứ 82 #5547 74k,Food,expense,1
mì trộn indomie ngon nhức nách #2971 214k,Food,expense,1
mua nước lau sàn thơm ầm ầm #9897 376K,Housing,expense,1
lợi nhuận bán quần áo secondhand slay #221 9.388.000 đồng,Business,income,1
thuê xe máy đi phượt xịn xò 199k,Transport,expense,1
mua thuốc nhỏ mắt len gét gô #1531 40 ngàn,Health,expense,1
chốt đơn shopee live vibe đỉnh #615 40 ngàn,Shopping,expense,1
thuốc nhỏ mũi xịt vibe đỉnh 465 cành,Health,expense,1
mua khóa học tik tok master vibe đỉnh 106k,Education,expense,1
tiền cọc phòng trọ kiếp nạn thứ 82 409 ngàn,Housing,expense,1
mua thực phẩm chức năng omega3 kiếp nạn thứ 82 265k,Health,expense,1
thưởng chuyên cần chill chill #6287 5.3củ,Bonus,income,1
mua thuốc uống cảm cúm healing 371k,Health,expense,1
thuốc nhỏ mũi xịt xịn xò #2910 397k,Health,expense,1
vibe hôm nay heal lắm,Entertainment,expense,0
gói netflix xem phim ngon nhức nách 443k,Entertainment,expense,1
xúc xích ăn liền over hợp #9966 270 ngàn,Food,expense,1
chi phí đổi căn cước công dân vibe đỉnh 337.000 đồng,Investment,expense,1
cushion che khuyết điểm over hợp 456 ngàn,Beauty,expense,1
chi phí đổi căn cước công dân vô tri #9772 228 ngàn,Investment,expense,1
chì kẻ mày phẩy sợi vô tri #432 340 ngàn,Beauty,expense,1
đèn led hoàng hôn hết nấc 103k,Shopping,expense,1
đu đỉnh chứng khoán cháy phố 232k,Investment,expense,1
chốt đơn shopee live vô tri #6663 59 cành,Shopping,expense,1
nệm cao su non ngon nhức nách 275.000 đồng,Housing,expense,1
đi chill acoustic cháy phố #5839 364k,Entertainment,expense,1
tiền nhổ răng khôn khóc thét hết nấc #3493 450.000 đồng,Health,expense,1
thưởng tết âm lịch ấm áp đỉnh nóc kịch trần #6524 8236K,Bonus,income,1
mua đồ về làm mukbang gét gô 311K,Food,expense,1
mua sách truyện manga gét gô 285 cành,Entertainment,expense,1
kẹp bấm mi xịn slay #3577 15k,Beauty,expense,1
tiền donate livestream vô tri #3713 6009k,Business,income,1
tiền sinh nhật đứa bạn over hợp 149k,Social,expense,1
tiền thuê phòng trọ flexing #8339 267K,Housing,expense,1
dầu gió xanh cứu cánh xịn xò #5010 373k,Health,expense,1
đèn led hoàng hôn gét gô 403K,Shopping,expense,1
mặt nạ đất sét đỉnh nóc kịch trần #2187 438k,Beauty,expense,1
gửi xe trung tâm thương mại flexing #8986 464k,Transport,expense,1
bạc sỉu đá xu cà na #517 366K,Food,expense,1
trà sữa phê la over hợp 121k,Food,expense,1
vé concert anh trai ngon nhức nách 77K,Entertainment,expense,1
mua cây decor phòng ngủ mlem mlem #584 125k,Housing,expense,1
bơ đậu phộng gét gô 467.000 đồng,Food,expense,1
vé đi triển lãm nghệ thuật gét gô #7717 202 cành,Entertainment,expense,1
lương làm trợ giảng chill chill #2201 9.2tr,Salary,income,1
gét gô thôi anh em,Entertainment,expense,0
lệ phí thi lại môn cứu rỗi tâm hồn #8856 319k,Education,expense,1
lương designer freelance ầm ầm 14092K,Salary,income,1
đồ ăn vặt cổng trường kiếp nạn thứ 82 499k,Food,expense,1
bún đậu mắm tôm ngon nhức nách hết nấc 163k,Food,expense,1
rong biển cuộn cơm healing 415k,Food,expense,1
kệ để đồ mĩ phẩm hết nấc 345 cành,Shopping,expense,1
thưởng vượt doanh số cháy phố #146 11107k,Bonus,income,1
kẹp bấm mi xịn ngon nhức nách #9703 83 ngàn,Beauty,expense,1
sữa rửa mặt cetaphil xu cà na 123.000 đồng,Beauty,expense,1
tiền bao người yêu đi ăn vô tri 471.000 đồng,Social,expense,1
tiền chung cư mini ét ô ét #8210 469k,Housing,expense,1
mua khẩu trang 4d hết nấc 295K,Health,expense,1
lương part-time rủng rỉnh vibe đỉnh 7988 cành,Salary,income,1
sinh tố bơ ngon ngậy slay 216 ngàn,Food,expense,1
trà sữa phê la flexing 124K,Food,expense,1
nhận lương viết content vibe đỉnh #9810 11496k,Salary,income,1
vào rạp chiếu phim lotte #5295 410.000 đồng,Entertainment,expense,1
hôm nay trời đẹp ghê,Housing,expense,0
k buffet xu cà na #9571 207k,Food,expense,1
tai nghe bluetooth chụp tai chill chill #2104 476 ngàn,Shopping,expense,1
thưởng ngày lễ 30/4 healing #3151 9.133.000 đồng,Bonus,income,1
tiền đóng bảo hiểm y tế ầm ầm 297k,Health,expense,1
book phòng homestay đà lạt ngon nhức nách #8582 81k,Transport,expense,1
mua sách truyện manga cháy phố #2202 21.000 đồng,Entertainment,expense,1
thịt bò ba chỉ cứu rỗi tâm hồn 435 ngàn,Food,expense,1
lương designer freelance vô tri #3465 4421K,Salary,income,1
thịt bò ba chỉ cháy phố 249k,Food,expense,1
đế đỡ điện thoại ét ô ét #3387 199.000 đồng,Shopping,expense,1
mua sách truyện manga ầm ầm 116 ngàn,Entertainment,expense,1
mua game trên steam slay #3983 394 cành,Entertainment,expense,1
mua giày sneaker mlem over hợp #9253 424K,Shopping,expense,1
sữa chua hy lạp vibe đỉnh #4682 260k,Food,expense,1
tủ quần áo lắp ráp #7604 155.000 đồng,Housing,expense,1
tai nghe bluetooth chụp tai chill chill 233.000 đồng,Shopping,expense,1
bơ đậu phộng #794 469K,Food,expense,1
mua máy sấy tóc cháy phố #9711 470k,Housing,expense,1
tiền cho bạn vay giờ đòi được ngon nhức nách 14390 cành,Business,income,1
vibe hôm nay heal lắm,Social,expense,0
túi sưởi mini gét gô #9010 439k,Shopping,expense,1
nước cốt xương cứu rỗi tâm hồn #5147 141K,Food,expense,1
chốt đơn túi xách đeo chéo #4247 425k,Shopping,expense,1
lương làm trợ giảng hết nấc #2800 6303K,Salary,income,1
mua quà tạ lỗi bồ ầm ầm 407k,Social,expense,1
tiền lì xì tết tốn kém mlem mlem 294 cành,Investment,expense,1
thưởng nóng từ sếp ầm ầm #1024 2.7tr,Bonus,income,1
tiền nhổ răng khôn khóc thét slay 421K,Health,expense,1
nước tẩy trang bioderma #3970 103k,Beauty,expense,1
góp quỹ từ thiện trường cứu rỗi tâm hồn 87K,Charity,expense,1
trà sữa gongcha xu cà na #9044 10K,Food,expense,1
thưởng vượt doanh số vibe đỉnh #4301 712k,Bonus,income,1
thuê gia sư kèm 1-1 flexing #171 74 ngàn,Education,expense,1
lương làm trợ giảng vô tri #2294 5.4Tr,Salary,income,1
sữa chua hy lạp 186k,Food,expense,1
đã chuyển khoản quỹ chưa nhỉ,Food,expense,0
vào rạp chiếu phim lotte flexing #6067 375K,Entertainment,expense,1
đèn led hoàng hôn slay #8813 298 cành,Shopping,expense,1
phở cuốn over hợp 153.000 đồng,Food,expense,1
khoai lang mật vô tri #8011 144.000 đồng,Food,expense,1
lương cứng mỗi tháng slay #4618 5.0Tr,Salary,income,1
chốt đơn shopee live mlem mlem #2373 321k,Shopping,expense,1
mua đồ tiktok shop cháy phố #2790 186k,Shopping,expense,1
gấu bông labubu kiếp nạn thứ 82 #3522 408 ngàn,Shopping,expense,1
ting ting lương công ty flexing #2921 4512k,Salary,income,1
tiền mua đồ thắp hương mlem mlem #850 190k,Investment,expense,1
tiền thuê phòng trọ mlem mlem #9084 483K,Housing,expense,1
thưởng tết âm lịch ấm áp đỉnh nóc kịch trần 8527K,Bonus,income,1
rau hữu cơ bách hóa xanh chill chill #2441 240 cành,Food,expense,1
mua đồ tiktok shop vibe đỉnh 27 ngàn,Shopping,expense,1
sơn móng tay gel ầm ầm #9847 192K,Beauty,expense,1
săn áo thun t-shirt ét ô ét #7821 323K,Shopping,expense,1
săn áo thun t-shirt flexing 450K,Shopping,expense,1
mua máy sấy tóc 460 cành,Housing,expense,1
book phòng homestay đà lạt đỉnh nóc kịch trần #7064 372k,Transport,expense,1
lương cứng mỗi tháng flexing #6782 7.1tr,Salary,income,1
sơn móng tay gel chill chill 469k,Beauty,expense,1
thưởng sinh nhật công ty gét gô 5932 cành,Bonus,income,1
thẻ xe bus điện vinbus slay #8488 57.000 đồng,Transport,expense,1
popmart blindbox ầm ầm #3376 405k,Shopping,expense,1
túi sưởi mini đỉnh nóc kịch trần 224K,Shopping,expense,1
gà tắm sốt chill chill 408k,Food,expense,1
tiền sinh nhật đứa bạn hết nấc 48 cành,Social,expense,1
tiền bán hàng shopee slay #5540 12.049.000 đồng,Business,income,1
chúc mừng sinh nhật nhé,Social,expense,0
vitamin c trắng da xịn xò #7408 432k,Health,expense,1
tiền lì xì tết tốn kém slay #9542 349k,Investment,expense,1
đóng tiền phạt muộn xu cà na #9772 284 cành,Investment,expense,1
serum trị mụn #5470 427 cành,Beauty,expense,1
mua quần jean ống rộng cứu rỗi tâm hồn #808 450k,Shopping,expense,1
lương part-time rủng rỉnh kiếp nạn thứ 82 #4304 2534 cành,Salary,income,1
nạp vip spotify kiếp nạn thứ 82 #350 416k,Entertainment,expense,1
thu nhập từ kênh youtube over hợp #792 7901 cành,Business,income,1
bánh tráng phơi sương chill chill 140k,Food,expense,1
mua trà hoa cúc ngủ ngon kiếp nạn thứ 82 #7879 478k,Health,expense,1
ức gà ăn kiêng chill chill #9641 78K,Food,expense,1
vào rạp chiếu phim lotte cháy phố #5264 287 ngàn,Entertainment,expense,1
tiền bonus từ khách hàng vibe đỉnh #6560 4.9củ,Bonus,income,1
son tint bóng flexing #5440 321.000 đồng,Beauty,expense,1
góp quỹ từ thiện trường #1148 291K,Charity,expense,1
tiền quỹ lớp ét ô ét #8344 30k,Education,expense,1
mua bao cao su durex vibe đỉnh 360.000 đồng,Health,expense,1
đu đỉnh coin ét ô ét 189k,Investment,expense,1
ting ting lương công ty hết nấc #1948 4.8tr,Salary,income,1
mua quần áo local brand ngon nhức nách 21k,Shopping,expense,1
thay dầu nhớt castrol vô tri #2310 14k,Transport,expense,1
thưởng chuyên cần xu cà na #9613 10.547.000 đồng,Bonus,income,1
sổ tay bullet journal cháy phố #5766 121 ngàn,Shopping,expense,1
vé xe limousine về quê #4586 12k,Transport,expense,1
thuốc nhỏ mũi xịt ầm ầm #2217 368 ngàn,Health,expense,1
tiền nhổ răng khôn khóc thét chill chill #4320 415.000 đồng,Health,expense,1
hạt granola flexing #1847 217 ngàn,Food,expense,1
chì kẻ mày phẩy sợi cứu rỗi tâm hồn #1683 387 cành,Beauty,expense,1
chi phí đổi căn cước công dân mlem mlem 160k,Investment,expense,1
matcha latte xịn sò vibe đỉnh #6926 248 cành,Food,expense,1
mua sách tiếng anh mua xu cà na 486k,Education,expense,1
chốt đơn túi xách đeo chéo ầm ầm #7100 102k,Shopping,expense,1
thưởng tết âm lịch ấm áp #2200 4951k,Bonus,income,1
đi chill acoustic hết nấc #8562 174.000 đồng,Entertainment,expense,1
xúc xích ăn liền flexing #7477 350k,Food,expense,1
lợi nhuận bán quần áo secondhand xu cà na #1699 7.1củ,Business,income,1
xiên bẩn kiếp nạn thứ 82 75k,Food,expense,1
tủ quần áo lắp ráp chill chill #4371 208k,Housing,expense,1
tiền thưởng kpi tháng mlem mlem 13047k,Bonus,income,1
mua game trên steam hết nấc #7630 418.000 đồng,Entertainment,expense,1
tiền bố mẹ tiếp tế xịn xò #9034 9604 cành,Business,income,1
mixue kem cây ét ô ét #1424 487k,Food,expense,1
bắt grabcar đi tiệc vô tri #579 429k,Transport,expense,1
tiền bán hàng shopee mlem mlem #7709 7.4Tr,Business,income,1
bút calligraphy over hợp #9814 433k,Shopping,expense,1
tiền chung cư mini ầm ầm 154 cành,Housing,expense,1
thưởng chuyên cần mlem mlem #4069 13028K,Bonus,income,1
thưởng tết âm lịch ấm áp đỉnh nóc kịch trần #4035 13177 ngàn,Bonus,income,1
tiền thưởng dự án xuất sắc gét gô 13.5Tr,Bonus,income,1
phí dịch vụ chung cư ngon nhức nách 119k,Housing,expense,1
học phí đại học khóc thét xu cà na 49k,Education,expense,1
k buffet cháy phố #9389 434K,Food,expense,1
bảng mắt màu khói over hợp 152K,Beauty,expense,1
chốt đơn túi xách đeo chéo vibe đỉnh #3832 443K,Shopping,expense,1
thu nhập từ kênh youtube hết nấc #6534 6.8tr,Business,income,1
gà tắm sốt cứu rỗi tâm hồn #4917 479k,Food,expense,1
tiền lãi chứng khoán nổ hũ kiếp nạn thứ 82 #8396 6.663.000 đồng,Business,income,1
nệm cao su non #8219 368k,Housing,expense,1
đi bar pub quẩy xu cà na #6724 376 ngàn,Entertainment,expense,1
mua game trên steam flexing #4407 32K,Entertainment,expense,1
kem chống nắng nâng tông chill chill 356K,Beauty,expense,1
săn sale lazada 11.11 vô tri 282 cành,Shopping,expense,1
tiền điện nước giá kinh hoàng kiếp nạn thứ 82 #1705 459k,Housing,expense,1
chơi boardgame cùng hội bạn chill chill 291.000 đồng,Entertainment,expense,1
mì trộn indomie slay 161K,Food,expense,1
bơ đậu phộng flexing #5126 422.000 đồng,Food,expense,1
trà sữa phê la cứu rỗi tâm hồn #9643 37K,Food,expense,1
góp quỹ từ thiện trường ét ô ét #3821 162k,Charity,expense,1
phở cuốn healing #8533 368k,Food,expense,1
cơm hộp tiện lợi ầm ầm #3387 431k,Food,expense,1
nhận lương viết content healing 13141k,Salary,income,1
tiền thưởng dự án xuất sắc xịn xò #4977 9166 cành,Bonus,income,1
kem dưỡng phục hồi b5 hết nấc #1375 381 cành,Beauty,expense,1
đi siêu thị go sắm đồ cứu rỗi tâm hồn #4629 44k,Shopping,expense,1
chốt đơn hoodie oversize mlem mlem #1929 333.000 đồng,Shopping,expense,1
thưởng sinh nhật công ty healing #6066 12324K,Bonus,income,1
mua vàng tích trữ kiếp nạn thứ 82 #6296 125k,Investment,expense,1
tiền thưởng kpi tháng xu cà na #747 1849 ngàn,Bonus,income,1
lương thực tập sinh bèo bọt vibe đỉnh #9288 12925 ngàn,Salary,income,1
bạc sỉu đá chill chill 213 cành,Food,expense,1
đế đỡ điện thoại gét gô #3893 172K,Shopping,expense,1
chơi boardgame cùng hội bạn healing 385k,Entertainment,expense,1
đồ ăn vặt cổng trường xu cà na 137K,Food,expense,1
đu đỉnh coin healing 280.000 đồng,Investment,expense,1
cà phê muối flexing 319.000 đồng,Food,expense,1
tiền mừng cưới bạn thân over hợp #6020 209k,Social,expense,1
mua đồ về làm mukbang vô tri 124k,Food,expense,1
thẻ xe bus điện vinbus ét ô ét 130k,Transport,expense,1
lương làm trợ giảng chill chill 13439 ngàn,Salary,income,1
vào rạp chiếu phim lotte kiếp nạn thứ 82 #9971 406k,Entertainment,expense,1
săn sale kẹp tóc vô tri #6378 411 cành,Shopping,expense,1
thưởng nhân viên xuất sắc chill chill 8.5tr,Bonus,income,1
cà phê muối slay #6461 294k,Food,expense,1
k buffet over hợp 44K,Food,expense,1
săn sale kẹp tóc ét ô ét 238k,Shopping,expense,1
học phí khóa học photoshop 420k,Education,expense,1
vé concert anh trai vô tri 21K,Entertainment,expense,1
bánh tráng trộn flexing #2800 380.000 đồng,Food,expense,1
nước ép hoa quả healthy cháy phố #1411 464k,Food,expense,1
hủ tiếu gõ #1740 361k,Food,expense,1
đi siêu thị go sắm đồ cứu rỗi tâm hồn 189k,Shopping,expense,1
thay dầu nhớt castrol chill chill #1826 392k,Transport,expense,1
lệ phí thi lại môn cứu rỗi tâm hồn #8150 260K,Education,expense,1
nước tẩy trang bioderma cháy phố #2067 336k,Beauty,expense,1
ting ting lương công ty over hợp #2600 9639 cành,Salary,income,1
in tài liệu tiểu luận xịn xò #4278 251k,Education,expense,1
chúc mừng sinh nhật nhé,Food,expense,0
mua khẩu trang 4d xu cà na #9896 492 cành,Health,expense,1
ăn sập sình đỉnh nóc kịch trần #6327 406k,Food,expense,1
tiền vệ sinh rác thải vô tri 108K,Housing,expense,1
mua nước súc miệng listerine ét ô ét #5499 234 ngàn,Health,expense,1
yến mạch giảm cân cứu rỗi tâm hồn 11k,Food,expense,1
thưởng chuyên cần gét gô #9121 9370K,Bonus,income,1
vitamin c trắng da flexing #2958 89k,Health,expense,1
đăng ký test toeic hết nấc #8830 74k,Education,expense,1
sổ tay bullet journal kiếp nạn thứ 82 #6551 85 ngàn,Shopping,expense,1
đèn led hoàng hôn cứu rỗi tâm hồn #1355 477K,Shopping,expense,1
quyên góp từ thiện chống lũ mlem mlem #4643 469.000 đồng,Charity,expense,1
ức gà ăn kiêng gét gô 36K,Food,expense,1
trà chanh giã tay gét gô 461k,Food,expense,1
lãi gửi tiết kiệm ngân hàng ét ô ét #2019 3681 cành,Business,income,1
gọi bebike đi học flexing 349.000 đồng,Transport,expense,1
đu đỉnh coin cứu rỗi tâm hồn 289k,Investment,expense,1
tiền quỹ lớp over hợp #4270 209 ngàn,Education,expense,1
tiền donate livestream ngon nhức nách 344k,Business,income,1
tiền mua đồ thắp hương cứu rỗi tâm hồn #858 48k,Investment,expense,1
lãi gửi tiết kiệm ngân hàng cháy phố 10.1củ,Business,income,1
mua nước lau sàn thơm healing #1150 478 cành,Housing,expense,1
đi chill acoustic vô tri 439 cành,Entertainment,expense,1
mua tài liệu ôn thi #5817 395.000 đồng,Education,expense,1
lương admin fanpage gét gô #1103 4.5Tr,Salary,income,1
kẹp bấm mi xịn đỉnh nóc kịch trần #9222 447k,Beauty,expense,1
lương cứng mỗi tháng hết nấc #8420 14.2tr,Salary,income,1
mua khóa học tik tok master healing #6029 22k,Education,expense,1
chơi boardgame cùng hội bạn ét ô ét #6976 37k,Entertainment,expense,1
bắt grabcar đi tiệc xịn xò #1463 301 cành,Transport,expense,1
thưởng chuyên cần cứu rỗi tâm hồn 8.4tr,Bonus,income,1
thưởng vượt doanh số cứu rỗi tâm hồn #9574 4.8củ,Bonus,income,1
thuê xe máy đi phượt over hợp #400 236k,Transport,expense,1
đóng tiền phạt muộn cháy phố 169k,Investment,expense,1
lương part-time rủng rỉnh ngon nhức nách #8011 12827 cành,Salary,income,1
sữa chua hy lạp ét ô ét 78k,Food,expense,1
tiền nhận từ booking quảng cáo mlem mlem #6682 7399k,Business,income,1
đóng tiền phạt muộn xịn xò #9672 441k,Investment,expense,1
bánh tráng phơi sương vibe đỉnh #3115 319 cành,Food,expense,1
bạc sỉu đá over hợp 169k,Food,expense,1
tiền thưởng kpi tháng slay #8420 12.3Tr,Bonus,income,1
đi chợ đầu mối flexing 98 cành,Shopping,expense,1
lương cứng mỗi tháng kiếp nạn thứ 82 #4935 5.3Tr,Salary,income,1
tiền đóng bảo hiểm y tế xu cà na #4982 82k,Health,expense,1
mua phụ kiện vòng tay cháy phố 20K,Shopping,expense,1
đăng ký test toeic vibe đỉnh 474k,Education,expense,1
nước cốt xương xu cà na #2608 25k,Food,expense,1
mua kính râm thời trang #2698 334k,Shopping,expense,1
thưởng chuyên cần hết nấc #5647 8.235.000 đồng,Bonus,income,1
mì trộn indomie ét ô ét #8982 318K,Food,expense,1
tẩy tế bào chết cocoon ét ô ét #2658 411 ngàn,Beauty,expense,1
cushion che khuyết điểm chill chill #7788 176K,Beauty,expense,1
dầu gội bưởi mọc tóc vibe đỉnh #7168 349.000 đồng,Beauty,expense,1
chốt đơn hoodie oversize đỉnh nóc kịch trần #1056 353k,Shopping,expense,1
tiền bố mẹ tiếp tế xịn xò #7614 14.4tr,Business,income,1
đu đỉnh chứng khoán xịn xò #3566 415k,Investment,expense,1
mua nước lau sàn thơm vibe đỉnh #900 246k,Housing,expense,1
đóng tiền phạt muộn mlem mlem 275 cành,Investment,expense,1
book phòng homestay đà lạt đỉnh nóc kịch trần #9522 335k,Transport,expense,1
mua thực phẩm chức năng omega3 430 cành,Health,expense,1
mua nước súc miệng listerine hết nấc 438 cành,Health,expense,1
bảo dưỡng xe máy over hợp 180 cành,Transport,expense,1
tiền nhận từ booking quảng cáo ét ô ét 12666 ngàn,Business,income,1
trà sữa phúc long xu cà na #6271 484K,Food,expense,1
thưởng nóng từ sếp vô tri #812 11808k,Bonus,income,1
mặt nạ đất sét kiếp nạn thứ 82 #4574 428 cành,Beauty,expense,1
tiền sinh nhật đứa bạn #2972 233k,Social,expense,1
thưởng chuyên cần mlem mlem 4.1tr,Bonus,income,1
săn áo thun t-shirt gét gô #2281 128 ngàn,Shopping,expense,1
sticker dán laptop xu cà na 186k,Shopping,expense,1
bắt grabcar đi tiệc gét gô #678 306 cành,Transport,expense,1
đóng tiền phạt muộn xu cà na #7251 188 cành,Investment,expense,1
lương làm trợ giảng gét gô #6987 5.749.000 đồng,Salary,income,1
hát karaoke cháy máy cứu rỗi tâm hồn 293k,Entertainment,expense,1
chúc mừng sinh nhật nhé,Social,expense,0
tiền quỹ lớp healing 239k,Education,expense,1
bia chill cùng bạn over hợp #392 256k,Food,expense,1
nạp vip spotify chill chill #1953 376K,Entertainment,expense,1
yến mạch giảm cân slay #2695 271.000 đồng,Food,expense,1
tiền thưởng kpi tháng healing #9356 8.1củ,Bonus,income,1
đi bar pub quẩy xịn xò #7136 434k,Entertainment,expense,1
ức gà ăn kiêng mlem mlem #7660 28k,Food,expense,1
mua bao cao su durex hết nấc 49 ngàn,Health,expense,1
tiền lãi chứng khoán nổ hũ hết nấc #6906 13131K,Business,income,1
bắt grabcar đi tiệc over hợp #9327 320k,Transport,expense,1
mua kính râm thời trang ét ô ét 500 ngàn,Shopping,expense,1
bút calligraphy hết nấc #3434 424K,Shopping,expense,1
serum trị mụn healing 443 cành,Beauty,expense,1
lương làm trợ giảng vô tri #3411 13037 ngàn,Salary,income,1
vé xe limousine về quê xu cà na #7552 152k,Transport,expense,1
kem dưỡng phục hồi b5 xu cà na #7676 359.000 đồng,Beauty,expense,1
mua vàng tích trữ cứu rỗi tâm hồn #9153 466K,Investment,expense,1
tiền thưởng dự án xuất sắc chill chill 13547K,Bonus,income,1
mua thực phẩm chức năng omega3 xu cà na #3622 417k,Health,expense,1
hát karaoke cháy máy chill chill #6731 414k,Entertainment,expense,1
mua đồ tiktok shop ét ô ét #7115 249 cành,Shopping,expense,1
bún bò huế full topping xu cà na 204 ngàn,Food,expense,1
tiền cà phê giao lưu đối tác mlem mlem #4715 248K,Investment,expense,1
đi siêu thị go sắm đồ vibe đỉnh #1538 462 cành,Shopping,expense,1
mua thuốc uống cảm cúm healing #6221 372 cành,Health,expense,1
mua khóa cửa vân tay #584 147 cành,Housing,expense,1
lương designer freelance ngon nhức nách 9284k,Salary,income,1
hát karaoke cháy máy gét gô 479k,Entertainment,expense,1
tiền bố mẹ tiếp tế over hợp 14581k,Business,income,1
đi bar pub quẩy mlem mlem #7930 224 ngàn,Entertainment,expense,1
nạp vip spotify vibe đỉnh #9767 461k,Entertainment,expense,1
trà chanh giã tay ầm ầm #2695 360k,Food,expense,1
chì kẻ mày phẩy sợi cứu rỗi tâm hồn #3596 106k,Beauty,expense,1
cơm hộp tiện lợi chill chill #6658 109k,Food,expense,1
thưởng sinh nhật công ty cháy phố #9608 3.6Tr,Bonus,income,1
mì trộn indomie hết nấc #4822 499.000 đồng,Food,expense,1
mua vàng tích trữ cứu rỗi tâm hồn #5630 387k,Investment,expense,1
bún đậu mắm tôm ngon nhức nách,Entertainment,expense,0
bình giữ nhiệt stanley gét gô 287 cành,Shopping,expense,1
tiền gửi xe hàng tháng ét ô ét 84k,Investment,expense,1
nước cốt xương mlem mlem #9062 377K,Food,expense,1
lương part-time rủng rỉnh slay #7295 3627 ngàn,Salary,income,1
ơm tấm sườn bì chả 380K,Food,expense,1
mua phụ kiện vòng tay cháy phố #8914 178 ngàn,Shopping,expense,1
hạt granola slay #9877 62k,Food,expense,1
mua nước lau sàn thơm vibe đỉnh 309k,Housing,expense,1
gói netflix xem phim vibe đỉnh #6309 294k,Entertainment,expense,1
mì cay cấp độ 7 over hợp #7816 208.000 đồng,Food,expense,1
cà phê muối ngon nhức nách #9450 237K,Food,expense,1
tiền lãi chứng khoán nổ hũ ngon nhức nách #3570 8182k,Business,income,1
mua thực phẩm chức năng omega3 vibe đỉnh #6036 69.000 đồng,Health,expense,1
lương admin fanpage cứu rỗi tâm hồn 1605 cành,Salary,income,1
củ sạc nhanh baseus cứu rỗi tâm hồn #6698 59 cành,Shopping,expense,1
mì cay cấp độ 7 ét ô ét #1363 336k,Food,expense,1
mua khóa học udemy ét ô ét #7960 154 ngàn,Education,expense,1
lợi nhuận bán quần áo secondhand xu cà na #124 3789K,Business,income,1
vé máy bay vietjet hết nấc #3252 285k,Transport,expense,1
mua nước súc miệng listerine #9920 228K,Health,expense,1
mua bông y tế tẩy trang vibe đỉnh 261K,Health,expense,1
bảng mắt màu khói cứu rỗi tâm hồn #5927 294k,Beauty,expense,1
thưởng vượt doanh số healing 7.495.000 đồng,Bonus,income,1
vé máy bay vietjet #3211 14 cành,Transport,expense,1
bảo dưỡng xe máy xu cà na 19k,Transport,expense,1
tiền donate livestream xịn xò #7006 9629k,Business,income,1
tiền bao người yêu đi ăn cứu rỗi tâm hồn #8506 355.000 đồng,Social,expense,1
highlands phindi vibe đỉnh #7203 48 ngàn,Food,expense,1
đế đỡ điện thoại mlem mlem 291K,Shopping,expense,1
mì tôm hảo hảo cháy phố 432k,Food,expense,1
tiền mua đồ thắp hương hết nấc #5413 25k,Investment,expense,1
tiền nhổ răng khôn khóc thét vibe đỉnh 356.000 đồng,Health,expense,1
học phí học lái xe ô tô ầm ầm #216 61k,Education,expense,1
tai nghe bluetooth chụp tai xịn xò #8789 368K,Shopping,expense,1
vào rạp chiếu phim lotte chill chill 270 ngàn,Entertainment,expense,1
mua nước súc miệng listerine slay #5632 386k,Health,expense,1
thu nhập từ kênh youtube chill chill #9736 719k,Business,income,1
vitamin c trắng da ngon nhức nách #8466 185k,Health,expense,1
kẹp bấm mi xịn chill chill 249 cành,Beauty,expense,1
tiền cho bạn vay giờ đòi được vô tri #4748 10.339.000 đồng,Business,income,1
lương làm mẫu ảnh vô tri #4812 4.4tr,Salary,income,1
mua thuốc uống cảm cúm xu cà na #9827 458 ngàn,Health,expense,1
nhận lương chạy grab kịch sàn cháy phố 4813k,Salary,income,1
đi siêu thị go sắm đồ đỉnh nóc kịch trần #237 171k,Shopping,expense,1
gói netflix xem phim kiếp nạn thứ 82 #2631 422 cành,Entertainment,expense,1
mua phụ kiện vòng tay 205.000 đồng,Shopping,expense,1
vé máy bay vietjet kiếp nạn thứ 82 #9825 279k,Transport,expense,1
nhận lương viết content cứu rỗi tâm hồn #2674 9.308.000 đồng,Salary,income,1
tiền sinh nhật đứa bạn gét gô #6986 408 ngàn,Social,expense,1
rau hữu cơ bách hóa xanh kiếp nạn thứ 82 #7074 388 ngàn,Food,expense,1
kimbap siêu dài mlem mlem #5349 317k,Food,expense,1
nạp vip spotify over hợp #403 159k,Entertainment,expense,1
thuê gia sư kèm 1-1 xu cà na 406k,Education,expense,1
ức gà ăn kiêng vibe đỉnh #4444 387 ngàn,Food,expense,1
vé máy bay vietjet mlem mlem 454k,Transport,expense,1
matcha latte xịn sò xịn xò #1460 18.000 đồng,Food,expense,1
cơm hộp tiện lợi hết nấc #9417 131k,Food,expense,1
rong biển cuộn cơm #937 292.000 đồng,Food,expense,1
lương cứng mỗi tháng #2171 1697k,Salary,income,1
kệ để đồ mĩ phẩm chill chill #2135 426k,Shopping,expense,1
vé máy bay vietjet đỉnh nóc kịch trần #7693 242k,Transport,expense,1
thu nhập từ kênh youtube xu cà na #9288 13316 cành,Business,income,1
bút calligraphy kiếp nạn thứ 82 416k,Shopping,expense,1
chốt đơn hoodie oversize ngon nhức nách 273 ngàn,Shopping,expense,1
tiền quỹ lớp #823 94k,Education,expense,1
mua phụ kiện vòng tay chill chill 299 cành,Shopping,expense,1
tiền mừng cưới bạn thân vibe đỉnh 119 ngàn,Social,expense,1
mua bao cao su durex vô tri #5184 98k,Health,expense,1
tiền thưởng kpi tháng đỉnh nóc kịch trần #9436 4.677.000 đồng,Bonus,income,1
tiền phạt vi phạm giao thông healing #3694 68.000 đồng,Transport,expense,1
kẹp bấm mi xịn hết nấc #6875 76k,Beauty,expense,1
lương part-time rủng rỉnh cháy phố 1202K,Salary,income,1
mua khẩu trang 4d healing #3126 215.000 đồng,Health,expense,1
dầu gội bưởi mọc tóc vibe đỉnh #2288 339K,Beauty,expense,1
tiền mạng internet wifi xu cà na 168k,Housing,expense,1
son tint bóng cứu rỗi tâm hồn 433K,Beauty,expense,1
trà sữa gongcha 155 cành,Food,expense,1
trà sữa phê la mlem mlem #615 196k,Food,expense,1
hạt granola #568 360k,Food,expense,1
tiền thưởng kpi tháng gét gô #6553 13.218.000 đồng,Bonus,income,1
hát karaoke cháy máy đỉnh nóc kịch trần 87K,Entertainment,expense,1
nước ngọt coca zero hết nấc #7012 94k,Food,expense,1
bình giữ nhiệt stanley chill chill #4175 229k,Shopping,expense,1
đặt xe grabbike xu cà na 159 ngàn,Transport,expense,1
mua bút highlight xu cà na 419 ngàn,Education,expense,1
săn áo thun t-shirt xu cà na #6215 119k,Shopping,expense,1
lãi gửi tiết kiệm ngân hàng slay #7938 1212 ngàn,Business,income,1
ốp lưng iphone xịn xò slay 412k,Shopping,expense,1
đi chill acoustic chill chill #1292 116k,Entertainment,expense,1
đi chợ đầu mối mlem mlem 354k,Shopping,expense,1
popmart blindbox healing #561 179.000 đồng,Shopping,expense,1
lương làm mẫu ảnh cháy phố 9789 ngàn,Salary,income,1
săn sale lazada 11.11 ầm ầm #2321 107 cành,Shopping,expense,1
chốt đơn hoodie oversize xu cà na #2358 254k,Shopping,expense,1
thưởng tết âm lịch ấm áp hết nấc #5319 11293 cành,Bonus,income,1
rửa xe máy sạch bong chill chill 366k,Transport,expense,1
ức gà ăn kiêng gét gô #981 180k,Food,expense,1
thu nhập affliate tiktok shop xịn xò 12207k,Business,income,1
gửi xe trung tâm thương mại flexing 341 ngàn,Transport,expense,1
mua thực phẩm chức năng omega3 chill chill 341K,Health,expense,1
cơm hộp tiện lợi chill chill 97k,Food,expense,1
thu nhập affliate tiktok shop chill chill #1462 10129k,Business,income,1
ức gà ăn kiêng ét ô ét 218k,Food,expense,1
gà tắm sốt vibe đỉnh #2298 221 cành,Food,expense,1
nem chua rán cháy phố 416 ngàn,Food,expense,1
quạt tích điện để bàn mlem mlem 344K,Shopping,expense,1
mua thực phẩm chức năng omega3 cháy phố 250.000 đồng,Health,expense,1
tiền gửi xe hàng tháng xịn xò 123.000 đồng,Investment,expense,1
sữa chua hy lạp ét ô ét #674 80K,Food,expense,1
tiền xăng xe tay ga kiếp nạn thứ 82 62 ngàn,Transport,expense,1
tiền thưởng dự án xuất sắc vô tri #3843 12.639.000 đồng,Bonus,income,1
quạt tích điện để bàn slay 447k,Shopping,expense,1
kem chống nắng nâng tông over hợp 165k,Beauty,expense,1
tiền gửi xe hàng tháng mlem mlem 57.000 đồng,Investment,expense,1
học phí khóa học photoshop cháy phố 149.000 đồng,Education,expense,1
decor lại phòng trọ xịn xò #3009 349.000 đồng,Housing,expense,1
chốt đơn hoodie oversize ầm ầm #5885 255 ngàn,Shopping,expense,1
thưởng nhân viên xuất sắc kiếp nạn thứ 82 #179 12.7củ,Bonus,income,1
thẻ xe bus điện vinbus đỉnh nóc kịch trần 29k,Transport,expense,1
ăn sập sình #5034 352 cành,Food,expense,1
hủ tiếu gõ #5238 59 ngàn,Food,expense,1
tiền lì xì tết tốn kém cứu rỗi tâm hồn 266k,Investment,expense,1
lương cứng mỗi tháng flexing #3482 6020 cành,Salary,income,1
chì kẻ mày phẩy sợi cháy phố #8452 43 cành,Beauty,expense,1
thưởng ngày lễ 30/4 cháy phố 1487K,Bonus,income,1
đế đỡ điện thoại đỉnh nóc kịch trần #6015 224K,Shopping,expense,1
sổ tay bullet journal gét gô 261 cành,Shopping,expense,1
trà sữa phúc long ầm ầm #4521 224k,Food,expense,1
lương làm mẫu ảnh ầm ầm #2325 11970 ngàn,Salary,income,1
đu đỉnh chứng khoán xu cà na #5766 376k,Investment,expense,1
thưởng chuyên cần gét gô #6638 7540 cành,Bonus,income,1
thưởng ngày lễ 30/4 mlem mlem #6043 5873 ngàn,Bonus,income,1
nước ép hoa quả healthy mlem mlem #9806 205K,Food,expense,1
mua khẩu trang 4d đỉnh nóc kịch trần #4211 402k,Health,expense,1
tiền quỹ lớp hết nấc 474k,Education,expense,1
mua sách tiếng anh mua xịn xò 469k,Education,expense,1
ức gà ăn kiêng over hợp 195 ngàn,Food,expense,1
ốp lưng iphone xịn xò flexing #5530 220 cành,Shopping,expense,1
tiền bố mẹ tiếp tế vô tri #8592 2044 ngàn,Business,income,1
tiền mua đồ thắp hương slay #7089 495K,Investment,expense,1
tiền lãi chứng khoán nổ hũ 14334 cành,Business,income,1
lương part-time rủng rỉnh over hợp #5839 3.7củ,Salary,income,1
tiền bao người yêu đi ăn chill chill 198 ngàn,Social,expense,1
mua sách tiếng anh mua ét ô ét #2660 10k,Education,expense,1
tiền gửi xe hàng tháng gét gô 332k,Investment,expense,1
mua máy sấy tóc kiếp nạn thứ 82 221 ngàn,Housing,expense,1
thưởng sinh nhật công ty ngon nhức nách 3.8Tr,Bonus,income,1
tiền mạng internet wifi đỉnh nóc kịch trần #7602 418.000 đồng,Housing,expense,1
thưởng sinh nhật công ty cứu rỗi tâm hồn 4.5tr,Bonus,income,1
nước ngọt coca zero kiếp nạn thứ 82 286k,Food,expense,1
đi chill acoustic gét gô #2716 447 cành,Entertainment,expense,1
mua sách truyện manga vô tri 72 ngàn,Entertainment,expense,1
mua nước lau sàn thơm #2458 244K,Housing,expense,1
chốt đơn hoodie oversize xu cà na #8706 146k,Shopping,expense,1
bắt grabcar đi tiệc đỉnh nóc kịch trần #7164 226 cành,Transport,expense,1
tiền thưởng kpi tháng chill chill #3455 4847k,Bonus,income,1
mua sách tiếng anh mua over hợp #4027 219 ngàn,Education,expense,1
thu nhập affliate tiktok shop xu cà na 8450K,Business,income,1
nệm cao su non kiếp nạn thứ 82 #9453 357K,Housing,expense,1
gà rán jollibee chill chill #6469 187k,Food,expense,1
mì tôm hảo hảo flexing #3698 261 cành,Food,expense,1
trà sữa phê la chill chill #535 63k,Food,expense,1
chì kẻ mày phẩy sợi cháy phố 454 cành,Beauty,expense,1
cushion che khuyết điểm ét ô ét #6497 54k,Beauty,expense,1
mua khóa học tik tok master xịn xò #166 480K,Education,expense,1
đế đỡ điện thoại ét ô ét #5918 310k,Shopping,expense,1
kẹp bấm mi xịn healing #2749 147k,Beauty,expense,1
tiền phạt vi phạm giao thông gét gô #1455 411K,Transport,expense,1
tiền thanh lý đồ cũ pass đồ gét gô 11.6tr,Business,income,1
đi bar pub quẩy healing 218.000 đồng,Entertainment,expense,1
kem chống nắng nâng tông ét ô ét #2663 53k,Beauty,expense,1
phở cuốn gét gô #4666 454k,Food,expense,1
mua bao cao su durex over hợp 72 ngàn,Health,expense,1
dầu gió xanh cứu cánh over hợp 429 cành,Health,expense,1
bia chill cùng bạn ngon nhức nách #650 433k,Food,expense,1
kem dưỡng phục hồi b5 ầm ầm #9522 176k,Beauty,expense,1
tiền bán hàng shopee cháy phố #9458 13.0củ,Business,income,1
cà phê muối đỉnh nóc kịch trần #4647 98k,Food,expense,1
lẩu haidilao gét gô #1995 83 ngàn,Food,expense,1
bún bò huế full topping ầm ầm #4563 153k,Food,expense,1
nhận lương chạy grab kịch sàn vibe đỉnh 4836 cành,Salary,income,1
mua sách truyện manga ngon nhức nách 197 cành,Entertainment,expense,1
nước hoa mini healing #7492 402k,Beauty,expense,1
nước ép hoa quả healthy hết nấc 218 cành,Food,expense,1
tẩy tế bào chết cocoon cháy phố #6463 430 cành,Beauty,expense,1
trà sữa gongcha over hợp #6695 490.000 đồng,Food,expense,1
lương làm trợ giảng ét ô ét #7726 6.159.000 đồng,Salary,income,1
săn sale kẹp tóc hết nấc 188 ngàn,Shopping,expense,1
tiền trúng thưởng mini game chill chill 14.3tr,Business,income,1
sticker dán laptop xu cà na #3121 407K,Shopping,expense,1
ting ting lương công ty gét gô #3096 10645 cành,Salary,income,1
thưởng nóng từ sếp slay 426 cành,Bonus,income,1
mua cây decor phòng ngủ xịn xò #3491 277k,Housing,expense,1
tủ quần áo lắp ráp cháy phố #572 417k,Housing,expense,1
ốp lưng iphone xịn xò chill chill #4262 335k,Shopping,expense,1
tiền khám bệnh phòng khám đỉnh nóc kịch trần #5641 374 ngàn,Health,expense,1
bảo dưỡng xe máy kiếp nạn thứ 82 #9684 241.000 đồng,Transport,expense,1
trà sữa phúc long cháy phố #3896 455k,Food,expense,1
tiền quỹ lớp vibe đỉnh #3225 407K,Education,expense,1
nước ép hoa quả healthy over hợp 293k,Food,expense,1
tiền khám bệnh phòng khám healing 433k,Health,expense,1
nước ngọt coca zero hết nấc #970 391k,Food,expense,1
tiền chung cư mini cháy phố 483k,Housing,expense,1
kệ để đồ mĩ phẩm ầm ầm #1128 247k,Shopping,expense,1
mua đồ về làm mukbang hết nấc 225 ngàn,Food,expense,1
mua khóa học tik tok master healing 207K,Education,expense,1
đăng ký test toeic xịn xò #4951 72K,Education,expense,1
phòng lướt net net cỏ chill chill #1317 204K,Entertainment,expense,1
mua game trên steam vô tri #410 187 ngàn,Entertainment,expense,1
mua tài liệu ôn thi slay #5823 76.000 đồng,Education,expense,1
xúc xích ăn liền cứu rỗi tâm hồn #5115 75K,Food,expense,1
ốp lưng iphone xịn xò mlem mlem #405 366 cành,Shopping,expense,1
chơi boardgame cùng hội bạn hết nấc #4957 208 ngàn,Entertainment,expense,1
thưởng chuyên cần gét gô #6705 2698k,Bonus,income,1
bảo dưỡng xe máy slay #7437 230.000 đồng,Transport,expense,1
mua sách truyện manga slay 461 ngàn,Entertainment,expense,1
tiền cho bạn vay giờ đòi được cứu rỗi tâm hồn #8354 13820k,Business,income,1
ốp lưng iphone xịn xò ầm ầm 479k,Shopping,expense,1
k buffet #1264 295k,Food,expense,1
trà chanh giã tay healing #2111 203.000 đồng,Food,expense,1
tiền nhận từ booking quảng cáo slay #3224 1.351.000 đồng,Business,income,1
lương part-time rủng rỉnh ngon nhức nách #6265 10795 ngàn,Salary,income,1
thưởng vượt doanh số ét ô ét 5.9Tr,Bonus,income,1
tiền mua đồ thắp hương ngon nhức nách #2197 204K,Investment,expense,1
quyên góp từ thiện chống lũ #2247 24K,Charity,expense,1
sinh tố bơ ngon ngậy chill chill 283k,Food,expense,1
trứng gà so ngon nhức nách #6009 284.000 đồng,Food,expense,1
tiền cho bạn vay giờ đòi được flexing 3978 ngàn,Business,income,1
kẹp bấm mi xịn xu cà na 248K,Beauty,expense,1
thay dầu nhớt castrol healing #896 453.000 đồng,Transport,expense,1
tiền quỹ nhóm chia đều ầm ầm #3714 3877 cành,Business,income,1
mua sách truyện manga vibe đỉnh #3754 244K,Entertainment,expense,1
trà đào cam sả mlem mlem 138k,Food,expense,1
tiền gửi xe hàng tháng ét ô ét #8495 120K,Investment,expense,1
tiền chung cư mini mlem mlem 295k,Housing,expense,1
tiền quỹ nhóm chia đều xịn xò 3092 ngàn,Business,income,1
tiền chung cư mini kiếp nạn thứ 82 #4377 146 ngàn,Housing,expense,1
cà phê muối kiếp nạn thứ 82 #8473 240 cành,Food,expense,1
mua kính râm thời trang hết nấc #5828 331k,Shopping,expense,1
kimbap siêu dài đỉnh nóc kịch trần #1010 369K,Food,expense,1
xin review quán này với,Housing,expense,0
quyên góp từ thiện chống lũ chill chill 235 cành,Charity,expense,1
nệm cao su non xu cà na #6708 59 ngàn,Housing,expense,1
kệ để đồ mĩ phẩm mlem mlem 194 ngàn,Shopping,expense,1
mua quần áo local brand slay 193.000 đồng,Shopping,expense,1
tiền quỹ lớp đỉnh nóc kịch trần 147k,Education,expense,1
đóng tiền phạt muộn mlem mlem #6917 237k,Investment,expense,1
chì kẻ mày phẩy sợi over hợp #2795 103k,Beauty,expense,1
mua quà tạ lỗi bồ vibe đỉnh #2774 33.000 đồng,Social,expense,1
hủ tiếu gõ over hợp #7573 222k,Food,expense,1
bắt grabcar đi tiệc ầm ầm 37K,Transport,expense,1
mua thuốc uống cảm cúm 311k,Health,expense,1
học phí đại học khóc thét #600 46k,Education,expense,1
chốt đơn túi xách đeo chéo đỉnh nóc kịch trần #2320 253K,Shopping,expense,1
mua quần jean ống rộng xịn xò 355k,Shopping,expense,1
yến mạch giảm cân cháy phố #6557 347K,Food,expense,1
bảng mắt màu khói kiếp nạn thứ 82 276 ngàn,Beauty,expense,1
bút calligraphy đỉnh nóc kịch trần #7337 306k,Shopping,expense,1
săn sale lazada 11.11 vibe đỉnh 259k,Shopping,expense,1
củ sạc nhanh baseus flexing #5725 105k,Shopping,expense,1
thưởng ngày lễ 30/4 xu cà na 11.6Tr,Bonus,income,1
thuốc nhỏ mũi xịt ầm ầm #6125 86k,Health,expense,1
thưởng tết âm lịch ấm áp cứu rỗi tâm hồn 784k,Bonus,income,1
lương admin fanpage flexing #5211 8412K,Salary,income,1
nhận lương chạy grab kịch sàn hết nấc #4348 3890k,Salary,income,1
tiền nhận từ booking quảng cáo flexing #8119 10.710.000 đồng,Business,income,1
thảm lau chân dễ thương xu cà na #4726 181K,Shopping,expense,1
nước ép hoa quả healthy ầm ầm #1619 439 ngàn,Food,expense,1
đăng ký lớp yoga mlem mlem 223 ngàn,Education,expense,1
popmart blindbox xịn xò #1803 456 ngàn,Shopping,expense,1
mua quần jean ống rộng ầm ầm 206 cành,Shopping,expense,1
gửi xe trung tâm thương mại slay 483k,Transport,expense,1
mua mũ bảo hiểm có kính cháy phố #8170 256 ngàn,Transport,expense,1
sticker dán laptop ầm ầm 357k,Shopping,expense,1
mua kính râm thời trang kiếp nạn thứ 82 #4627 65.000 đồng,Shopping,expense,1
vào rạp chiếu phim lotte #4252 300 ngàn,Entertainment,expense,1
tiền bonus từ khách hàng kiếp nạn thứ 82 #2963 12781K,Bonus,income,1
tiền thưởng kpi tháng vô tri #924 7958K,Bonus,income,1
vitamin c trắng da slay 288K,Health,expense,1
cushion che khuyết điểm mlem mlem #672 252k,Beauty,expense,1
vớ tất cao cổ vô tri #2065 494 ngàn,Shopping,expense,1
gọi bebike đi học healing 387.000 đồng,Transport,expense,1
tẩy tế bào chết cocoon slay #9158 323k,Beauty,expense,1
gấu bông labubu cháy phố 230.000 đồng,Shopping,expense,1
ét ô ét cứu cái phòng trọ này,Housing,expense,0
mua bao cao su durex vô tri #2833 214K,Health,expense,1
thuê gia sư kèm 1-1 xu cà na #5650 290.000 đồng,Education,expense,1
thưởng tết âm lịch ấm áp healing #1260 3.0tr,Bonus,income,1
tiền vệ sinh rác thải ầm ầm #3104 331 ngàn,Housing,expense,1
thuê gia sư kèm 1-1 ét ô ét #2007 433 ngàn,Education,expense,1
gọi bebike đi học ngon nhức nách #8812 244k,Transport,expense,1
tiền donate livestream cháy phố #7742 251k,Business,income,1
vé concert anh trai ét ô ét #5701 137 ngàn,Entertainment,expense,1
khoai lang mật chill chill 459k,Food,expense,1
tiền gửi xe hàng tháng xịn xò #1400 200K,Investment,expense,1
popmart blindbox ngon nhức nách #7607 173k,Shopping,expense,1
thưởng nhân viên xuất sắc slay #9706 12751k,Bonus,income,1
yến mạch giảm cân healing #7302 231k,Food,expense,1
tiền nhổ răng khôn khóc thét healing #5918 218 ngàn,Health,expense,1
tiền lì xì tết tốn kém ét ô ét 53 cành,Investment,expense,1
thưởng ngày lễ 30/4 cháy phố #8560 10.1củ,Bonus,income,1
nước hoa mini over hợp #4526 359k,Beauty,expense,1
thuê xe máy đi phượt xịn xò #7495 136k,Transport,expense,1
hát karaoke cháy máy ét ô ét #180 363K,Entertainment,expense,1
nhận lương chạy grab kịch sàn hết nấc #373 4.605.000 đồng,Salary,income,1
tiền đóng bảo hiểm y tế kiếp nạn thứ 82 #4251 36.000 đồng,Health,expense,1
nhận lương viết content ét ô ét #8941 11.690.000 đồng,Salary,income,1
đi chill acoustic cứu rỗi tâm hồn #2026 369k,Entertainment,expense,1
gà tắm sốt #7954 235k,Food,expense,1
tiền khám bệnh phòng khám cháy phố #4073 326k,Health,expense,1
hạt granola vibe đỉnh 430 ngàn,Food,expense,1
đặt xe grabbike cứu rỗi tâm hồn #8743 62k,Transport,expense,1
sơn móng tay gel kiếp nạn thứ 82 #6415 323k,Beauty,expense,1
vào rạp chiếu phim lotte ét ô ét #717 475k,Entertainment,expense,1
mua quần jean ống rộng over hợp #4678 49.000 đồng,Shopping,expense,1
đặt xe grabbike 24.000 đồng,Transport,expense,1
túi sưởi mini cứu rỗi tâm hồn #1547 221k,Shopping,expense,1
mua sách tiếng anh mua slay #5361 251k,Education,expense,1
trà sữa gongcha ét ô ét 217.000 đồng,Food,expense,1
tiền vệ sinh rác thải ét ô ét #2647 11k,Housing,expense,1
học phí học lái xe ô tô kiếp nạn thứ 82 231 cành,Education,expense,1
gà rán jollibee healing 218 ngàn,Food,expense,1
xúc xích ăn liền ầm ầm 401 ngàn,Food,expense,1
tiền cọc phòng trọ gét gô #1355 249k,Housing,expense,1
mua kính râm thời trang xịn xò #2216 435 ngàn,Shopping,expense,1
kệ để đồ mĩ phẩm cứu rỗi tâm hồn 99 cành,Shopping,expense,1
yến mạch giảm cân kiếp nạn thứ 82 #5894 66k,Food,expense,1
củ sạc nhanh baseus đỉnh nóc kịch trần 54K,Shopping,expense,1
mua kính râm thời trang xịn xò 122K,Shopping,expense,1
sticker dán laptop hết nấc #5208 201 cành,Shopping,expense,1
tiền nhổ răng khôn khóc thét ét ô ét #6703 116k,Health,expense,1
chúc mừng sinh nhật nhé,Housing,expense,0
phòng lướt net net cỏ mlem mlem 302 ngàn,Entertainment,expense,1
lương cứng mỗi tháng cháy phố #8518 11342K,Salary,income,1
thuốc nhỏ mũi xịt hết nấc #8632 183 ngàn,Health,expense,1
lãi gửi tiết kiệm ngân hàng đỉnh nóc kịch trần 3726 cành,Business,income,1
thảm lau chân dễ thương #769 34K,Shopping,expense,1
tiền thanh lý đồ cũ pass đồ cháy phố #6730 5.2tr,Business,income,1
sticker dán laptop đỉnh nóc kịch trần #5143 22K,Shopping,expense,1
bình giữ nhiệt stanley flexing #2568 111k,Shopping,expense,1
vé xe limousine về quê mlem mlem 367k,Transport,expense,1
kem chống nắng nâng tông cứu rỗi tâm hồn #9946 155K,Beauty,expense,1
decor lại phòng trọ đỉnh nóc kịch trần #211 324K,Housing,expense,1
thưởng nhân viên xuất sắc cháy phố #9922 8390k,Bonus,income,1
khóa học tiếng anh ielts vô tri 27k,Education,expense,1
tiền gửi xe hàng tháng over hợp 81 ngàn,Investment,expense,1
nhận lương viết content cháy phố #4305 7.2tr,Salary,income,1
bình giữ nhiệt stanley xịn xò #6379 404 ngàn,Shopping,expense,1
thưởng ngày lễ 30/4 hết nấc #7349 10250 ngàn,Bonus,income,1
dầu gió xanh cứu cánh ầm ầm #4959 238k,Health,expense,1
vớ tất cao cổ xu cà na #7582 355k,Shopping,expense,1
mua sách truyện manga vibe đỉnh #2614 115.000 đồng,Entertainment,expense,1
in tài liệu tiểu luận healing 383k,Education,expense,1
lương làm trợ giảng ét ô ét #3281 13241 ngàn,Salary,income,1
tiền donate livestream over hợp 11.7Tr,Business,income,1
góp quỹ từ thiện trường 487.000 đồng,Charity,expense,1
mì tôm hảo hảo flexing #3206 166k,Food,expense,1
gọi bebike đi học ầm ầm #1793 280K,Transport,expense,1
nhận lương chạy grab kịch sàn ngon nhức nách #3563 2426 ngàn,Salary,income,1
ăn sập sình xịn xò #6573 321K,Food,expense,1
mua kính râm thời trang chill chill 37k,Shopping,expense,1
đi đu idol kpop gét gô 344k,Entertainment,expense,1
ăn sập sình vô tri #4355 89k,Food,expense,1
bạc sỉu đá vô tri 17 cành,Food,expense,1
khóa học tiếng anh ielts over hợp #5322 62k,Education,expense,1
đăng ký test toeic vô tri #7778 10k,Education,expense,1
mua mũ bảo hiểm có kính healing #9487 341k,Transport,expense,1
rong biển cuộn cơm ầm ầm #7091 114k,Food,expense,1
đế đỡ điện thoại xu cà na 434k,Shopping,expense,1
kem dưỡng phục hồi b5 ét ô ét #4349 189K,Beauty,expense,1
kem dưỡng phục hồi b5 kiếp nạn thứ 82 #5919 316k,Beauty,expense,1
mua phụ kiện vòng tay healing #7820 462K,Shopping,expense,1
gà tắm sốt cứu rỗi tâm hồn 392K,Food,expense,1
bánh tráng phơi sương mlem mlem #5596 190.000 đồng,Food,expense,1
đăng ký lớp yoga healing #6213 80k,Education,expense,1
thưởng nhân viên xuất sắc flexing #3918 10.228.000 đồng,Bonus,income,1
lương thực tập sinh bèo bọt ét ô ét #5740 14.2Tr,Salary,income,1
bán tài liệu học tập cũ over hợp #6219 1.8củ,Business,income,1
tiền khám bệnh phòng khám ngon nhức nách #6315 392.000 đồng,Health,expense,1
nạp thẻ game liên quân flexing #8255 45.000 đồng,Entertainment,expense,1
quạt tích điện để bàn over hợp #2697 287k,Shopping,expense,1
hủ tiếu gõ flexing #8432 164K,Food,expense,1
hủ tiếu gõ gét gô #6040 211k,Food,expense,1
nhận lương viết content vô tri #2501 7.8củ,Salary,income,1
lương cứng mỗi tháng cứu rỗi tâm hồn 8.438.000 đồng,Salary,income,1
mua bông y tế tẩy trang vibe đỉnh #1233 435k,Health,expense,1
hát karaoke cháy máy ét ô ét 356.000 đồng,Entertainment,expense,1
đế đỡ điện thoại kiếp nạn thứ 82 66k,Shopping,expense,1
thưởng sinh nhật công ty hết nấc 2406 ngàn,Bonus,income,1
đăng ký lớp yoga chill chill #9310 171 cành,Education,expense,1
mua sách tiếng anh mua hết nấc 463k,Education,expense,1
tiền nhận từ booking quảng cáo cháy phố #6561 4408 cành,Business,income,1
mua quần jean ống rộng over hợp #1148 324k,Shopping,expense,1
tiền nhổ răng khôn khóc thét slay #180 223k,Health,expense,1
mì cay cấp độ 7 xu cà na 229 ngàn,Food,expense,1
lãi gửi tiết kiệm ngân hàng vibe đỉnh 9.601.000 đồng,Business,income,1
nem chua rán đỉnh nóc kịch trần 67k,Food,expense,1
tiền sinh nhật đứa bạn ầm ầm #3382 239k,Social,expense,1
serum trị mụn ngon nhức nách 72k,Beauty,expense,1
phòng lướt net net cỏ flexing #7517 309k,Entertainment,expense,1
mì trộn indomie healing #6940 353K,Food,expense,1
nước ngọt coca zero mlem mlem #4442 433k,Food,expense,1
yến mạch giảm cân kiếp nạn thứ 82 339.000 đồng,Food,expense,1
thưởng nhân viên xuất sắc #2305 9.9Tr,Bonus,income,1
thảm lau chân dễ thương chill chill #305 395 ngàn,Shopping,expense,1
học phí đại học khóc thét healing 208k,Education,expense,1
cushion che khuyết điểm ét ô ét #746 417 cành,Beauty,expense,1
bạc sỉu đá mlem mlem #6946 190k,Food,expense,1
tiền bonus từ khách hàng mlem mlem #8517 3427 cành,Bonus,income,1
mua game trên steam gét gô #1399 66k,Entertainment,expense,1
thịt bò ba chỉ #2292 393k,Food,expense,1
mixue kem cây đỉnh nóc kịch trần 72k,Food,expense,1
nước hoa mini ầm ầm 271K,Beauty,expense,1
bơ đậu phộng xu cà na #4189 303k,Food,expense,1
vé máy bay vietjet cháy phố #2126 48k,Transport,expense,1
khoai lang mật đỉnh nóc kịch trần 402k,Food,expense,1
khóa học tiếng anh ielts vibe đỉnh #143 362K,Education,expense,1
mua nước súc miệng listerine vô tri #7983 477k,Health,expense,1
tiền chung cư mini mlem mlem #4402 294.000 đồng,Housing,expense,1
săn sale lazada 11.11 427 cành,Shopping,expense,1
túi sưởi mini slay #6394 215K,Shopping,expense,1
bắt grabcar đi tiệc gét gô 48 cành,Transport,expense,1
mua thuốc nhỏ mắt len ét ô ét #3378 155k,Health,expense,1
tiền cho bạn vay giờ đòi được chill chill 14800 cành,Business,income,1
chốt đơn shopee live xịn xò #5553 21k,Shopping,expense,1
yến mạch giảm cân vô tri 266k,Food,expense,1
mua sách truyện manga over hợp #1410 303.000 đồng,Entertainment,expense,1
tiền thanh lý đồ cũ pass đồ cứu rỗi tâm hồn 12.7Tr,Business,income,1
mua sách truyện manga 136.000 đồng,Entertainment,expense,1
đèn led hoàng hôn gét gô #8888 483 cành,Shopping,expense,1
đu đỉnh chứng khoán over hợp #5881 19.000 đồng,Investment,expense,1
mua phụ kiện vòng tay cứu rỗi tâm hồn #7408 372.000 đồng,Shopping,expense,1
lương làm mẫu ảnh vibe đỉnh #6327 12683K,Salary,income,1
dầu gội bưởi mọc tóc hết nấc #5036 292K,Beauty,expense,1
cà phê muối healing #6147 465k,Food,expense,1
sổ tay bullet journal hết nấc #7178 147k,Shopping,expense,1
chốt đơn shopee live mlem mlem #369 135k,Shopping,expense,1
đi siêu thị go sắm đồ flexing 246k,Shopping,expense,1
góp quỹ từ thiện trường cháy phố #3326 240k,Charity,expense,1
đi bar pub quẩy gét gô #4906 465.000 đồng,Entertainment,expense,1
lương cứng mỗi tháng gét gô #3083 14.787.000 đồng,Salary,income,1
mua kính râm thời trang ét ô ét #2698 349k,Shopping,expense,1
học phí đại học khóc thét kiếp nạn thứ 82 #5604 85k,Education,expense,1
mì trộn indomie flexing #4021 461K,Food,expense,1
mua nước súc miệng listerine #1256 218.000 đồng,Health,expense,1
book phòng homestay đà lạt hết nấc 259K,Transport,expense,1
gọi bebike đi học ét ô ét #7572 385.000 đồng,Transport,expense,1
tiền đóng bảo hiểm y tế chill chill #5411 76k,Health,expense,1
gấu bông labubu cứu rỗi tâm hồn 135 cành,Shopping,expense,1
sushi băng chuyền flexing 293k,Food,expense,1
tiền cọc phòng trọ cứu rỗi tâm hồn #545 297k,Housing,expense,1
rong biển cuộn cơm hết nấc #7679 43k,Food,expense,1
thịt bò ba chỉ over hợp 409k,Food,expense,1
hủ tiếu gõ mlem mlem #389 248K,Food,expense,1
thẻ xe bus điện vinbus vô tri 203 cành,Transport,expense,1
đu đỉnh chứng khoán over hợp #2313 415k,Investment,expense,1
săn áo thun t-shirt 366k,Shopping,expense,1
mixue kem cây healing 323k,Food,expense,1
hôm nay trời đẹp ghê,Entertainment,expense,0
lương làm trợ giảng ầm ầm #1187 6.7Tr,Salary,income,1
thảm lau chân dễ thương mlem mlem #8215 288 cành,Shopping,expense,1
tai nghe bluetooth chụp tai ầm ầm #1844 469 ngàn,Shopping,expense,1
bảo dưỡng xe máy cứu rỗi tâm hồn #8520 463K,Transport,expense,1
sửa vòi nước hỏng hết nấc 79 cành,Housing,expense,1
phở cuốn mlem mlem 493k,Food,expense,1
bảo dưỡng xe máy xịn xò #6373 24.000 đồng,Transport,expense,1
sơn móng tay gel ầm ầm #7568 84K,Beauty,expense,1
bình giữ nhiệt stanley ét ô ét 146 ngàn,Shopping,expense,1
lợi nhuận bán quần áo secondhand vô tri 12.9tr,Business,income,1
đế đỡ điện thoại cứu rỗi tâm hồn 30k,Shopping,expense,1
rau hữu cơ bách hóa xanh slay #3964 361 ngàn,Food,expense,1
mua thuốc nhỏ mắt len đỉnh nóc kịch trần #4277 182k,Health,expense,1
lẩu haidilao healing 462k,Food,expense,1
tiền lãi chứng khoán nổ hũ kiếp nạn thứ 82 #9546 4.6Tr,Business,income,1
mua thuốc uống cảm cúm kiếp nạn thứ 82 #7127 308 cành,Health,expense,1
săn sale kẹp tóc over hợp 401k,Shopping,expense,1
chi phí đổi căn cước công dân ét ô ét #9514 118.000 đồng,Investment,expense,1
tiền điện nước giá kinh hoàng hết nấc 24k,Housing,expense,1
tiền quỹ lớp hết nấc #7274 268K,Education,expense,1
mặt nạ đất sét xịn xò 265k,Beauty,expense,1
tiền thưởng kpi tháng cứu rỗi tâm hồn #9839 1431K,Bonus,income,1
chơi boardgame cùng hội bạn gét gô 352k,Entertainment,expense,1
bình giữ nhiệt stanley slay #729 167k,Shopping,expense,1
mua quần jean ống rộng mlem mlem #1349 106 ngàn,Shopping,expense,1
tiền cọc phòng trọ cháy phố #1739 186k,Housing,expense,1
tiền bonus từ khách hàng healing 3.0Tr,Bonus,income,1
vitamin c trắng da ầm ầm #8265 316k,Health,expense,1
mixue kem cây vô tri #1714 68k,Food,expense,1
thưởng sinh nhật công ty 10.934.000 đồng,Bonus,income,1
tiền chung cư mini slay #2866 387 cành,Housing,expense,1
mua cây decor phòng ngủ xu cà na #6281 233 cành,Housing,expense,1
nhận lương viết content chill chill 9288 ngàn,Salary,income,1
lương làm mẫu ảnh over hợp #6250 7617K,Salary,income,1
tiền trúng thưởng mini game slay #7672 11862K,Business,income,1
tiền lì xì tết tốn kém xu cà na 437 ngàn,Investment,expense,1
đèn led hoàng hôn ầm ầm 154k,Shopping,expense,1
sữa rửa mặt cetaphil chill chill #1794 420k,Beauty,expense,1
bảng mắt màu khói chill chill 445k,Beauty,expense,1
vớ tất cao cổ ét ô ét #6292 35k,Shopping,expense,1
mua đồ về làm mukbang gét gô #9495 453k,Food,expense,1
gói netflix xem phim xịn xò 242k,Entertainment,expense,1
nước khoáng aquafina ầm ầm #9881 196 cành,Food,expense,1
gọi bebike đi học đỉnh nóc kịch trần 186 ngàn,Transport,expense,1
bơ đậu phộng vô tri #9291 61.000 đồng,Food,expense,1
cơm hộp tiện lợi cứu rỗi tâm hồn #1305 27 ngàn,Food,expense,1
trà sữa gongcha gét gô 15k,Food,expense,1
tiền sinh nhật đứa bạn ầm ầm #6908 481K,Social,expense,1
quyên góp từ thiện chống lũ ngon nhức nách #9304 134 cành,Charity,expense,1
sơn móng tay gel kiếp nạn thứ 82 192.000 đồng,Beauty,expense,1
bảo dưỡng xe máy ngon nhức nách 316k,Transport,expense,1
trà sữa gongcha kiếp nạn thứ 82 #821 72k,Food,expense,1
thưởng nóng từ sếp cứu rỗi tâm hồn #8526 3.885.000 đồng,Bonus,income,1
góp quỹ từ thiện trường ầm ầm 43K,Charity,expense,1
đóng tiền phạt muộn ầm ầm #1243 52k,Investment,expense,1
mua bút highlight slay #7450 196 ngàn,Education,expense,1
săn áo thun t-shirt xu cà na 340.000 đồng,Shopping,expense,1
son tint bóng cháy phố #6014 80K,Beauty,expense,1
in tài liệu tiểu luận slay 275k,Education,expense,1
mua đồ về làm mukbang healing #3538 379 ngàn,Food,expense,1
đi chill acoustic cháy phố 281 cành,Entertainment,expense,1
tiền cọc phòng trọ slay #3789 101 cành,Housing,expense,1
học phí học lái xe ô tô kiếp nạn thứ 82 #2468 137k,Education,expense,1
bắt grabcar đi tiệc chill chill #7822 379k,Transport,expense,1
thuê xe máy đi phượt #699 500k,Transport,expense,1
mua bông y tế tẩy trang cháy phố 262 ngàn,Health,expense,1
đặt xe grabbike kiếp nạn thứ 82 310k,Transport,expense,1
đu đỉnh chứng khoán mlem mlem 35k,Investment,expense,1
decor lại phòng trọ cháy phố #3792 314k,Housing,expense,1
lương designer freelance slay #377 10.9củ,Salary,income,1
đèn led hoàng hôn xịn xò #5892 17k,Shopping,expense,1
tiền xăng xe tay ga over hợp #6280 492k,Transport,expense,1
củ sạc nhanh baseus slay #6431 84k,Shopping,expense,1
đồ ăn vặt cổng trường vô tri #7835 485k,Food,expense,1
gói netflix xem phim chill chill #3730 146K,Entertainment,expense,1
tiền bao người yêu đi ăn gét gô #1397 308k,Social,expense,1
mì cay cấp độ 7 gét gô 49k,Food,expense,1
túi sưởi mini ngon nhức nách #3553 336k,Shopping,expense,1
nước ép hoa quả healthy #4444 46 ngàn,Food,expense,1
nước cốt xương ầm ầm #3445 273 ngàn,Food,expense,1
săn áo thun t-shirt flexing #5666 376 ngàn,Shopping,expense,1
nhận lương viết content ầm ầm #7443 4.158.000 đồng,Salary,income,1
thuốc nhỏ mũi xịt đỉnh nóc kịch trần #7047 243 cành,Health,expense,1
mua giày sneaker mlem hết nấc #6656 112k,Shopping,expense,1
mua khóa học udemy vô tri #5148 210k,Education,expense,1
cushion che khuyết điểm xu cà na #2976 264 ngàn,Beauty,expense,1
tiền trúng thưởng mini game ngon nhức nách 8616k,Business,income,1
vé xem phim cgv ngon nhức nách 285 ngàn,Entertainment,expense,1
mua sách truyện manga xịn xò 451k,Entertainment,expense,1
tiền quỹ lớp slay #4800 171 ngàn,Education,expense,1
lương cứng mỗi tháng healing #3920 13.791.000 đồng,Salary,income,1
săn áo thun t-shirt over hợp #9662 355 cành,Shopping,expense,1
nước cốt xương flexing #7500 229k,Food,expense,1
mì tôm hảo hảo đỉnh nóc kịch trần #1620 352k,Food,expense,1
sổ tay bullet journal flexing #2394 446k,Shopping,expense,1
đu đỉnh chứng khoán #6584 159k,Investment,expense,1
học phí đại học khóc thét cháy phố 438.000 đồng,Education,expense,1
nước ép hoa quả healthy đỉnh nóc kịch trần #9732 46.000 đồng,Food,expense,1
k buffet cháy phố #159 259 cành,Food,expense,1
cà phê muối cứu rỗi tâm hồn 346k,Food,expense,1
sổ tay bullet journal slay 16K,Shopping,expense,1
đi đu idol kpop ngon nhức nách #5017 263k,Entertainment,expense,1
trà chanh giã tay ngon nhức nách #1288 14 cành,Food,expense,1
nước hoa mini xu cà na #3254 423k,Beauty,expense,1
đi chợ đầu mối slay 124 cành,Shopping,expense,1
nhận lương viết content over hợp #6704 5.8tr,Salary,income,1
tủ quần áo lắp ráp cháy phố #5309 424K,Housing,expense,1
lương làm mẫu ảnh ngon nhức nách 11061 ngàn,Salary,income,1
popmart blindbox vô tri 299k,Shopping,expense,1
củ sạc nhanh baseus ầm ầm 271 cành,Shopping,expense,1
cà phê muối gét gô #3229 268k,Food,expense,1
thưởng tết âm lịch ấm áp xịn xò #5814 7.5củ,Bonus,income,1
tiền phạt vi phạm giao thông xu cà na 419k,Transport,expense,1
mua khóa học tik tok master healing #9015 335k,Education,expense,1
tiền quỹ nhóm chia đều over hợp 7420K,Business,income,1
săn sale lazada 11.11 xu cà na #952 113.000 đồng,Shopping,expense,1
tai nghe bluetooth chụp tai flexing #4645 289k,Shopping,expense,1
sushi băng chuyền over hợp 307k,Food,expense,1
bạc sỉu đá flexing 144 cành,Food,expense,1
hạt granola flexing #4780 161.000 đồng,Food,expense,1
vớ tất cao cổ flexing #5924 120k,Shopping,expense,1
nem chua rán xu cà na #7995 271K,Food,expense,1
sticker dán laptop mlem mlem 175 cành,Shopping,expense,1
mua cây decor phòng ngủ ầm ầm #7617 169 cành,Housing,expense,1
mua sách truyện manga ngon nhức nách #4471 228.000 đồng,Entertainment,expense,1
tiền thưởng dự án xuất sắc xịn xò #532 14.059.000 đồng,Bonus,income,1
lương admin fanpage xu cà na #4418 13743 cành,Salary,income,1
rau hữu cơ bách hóa xanh vibe đỉnh #8564 255k,Food,expense,1
mua quà tạ lỗi bồ chill chill 357k,Social,expense,1
thưởng sinh nhật công ty mlem mlem #5760 5368 cành,Bonus,income,1
lệ phí thi lại môn slay #6940 231.000 đồng,Education,expense,1
lương designer freelance cháy phố #1123 11.3Tr,Salary,income,1
hạt granola gét gô #1650 143 ngàn,Food,expense,1
mặt nạ đất sét chill chill 305 ngàn,Beauty,expense,1
mì trộn indomie vô tri 172K,Food,expense,1
chốt đơn hoodie oversize cháy phố 463K,Shopping,expense,1
mua thuốc nhỏ mắt len kiếp nạn thứ 82 #1367 322K,Health,expense,1
vé concert anh trai ầm ầm #1107 114 cành,Entertainment,expense,1
tiền thưởng kpi tháng đỉnh nóc kịch trần 13977 cành,Bonus,income,1
gọi bebike đi học healing #7268 100k,Transport,expense,1
chốt đơn shopee live healing #6012 159k,Shopping,expense,1
ting ting lương công ty vô tri 3082 ngàn,Salary,income,1
kem chống nắng nâng tông xu cà na 244.000 đồng,Beauty,expense,1
đế đỡ điện thoại ét ô ét #9804 237.000 đồng,Shopping,expense,1
tiền thưởng kpi tháng mlem mlem #8389 4567k,Bonus,income,1
tiền bao người yêu đi ăn #5351 152k,Social,expense,1
rau hữu cơ bách hóa xanh cứu rỗi tâm hồn 351k,Food,expense,1
vé xem phim cgv chill chill 85 cành,Entertainment,expense,1
đóng tiền phạt muộn vô tri 43k,Investment,expense,1
trà chanh giã tay chill chill 469k,Food,expense,1
bút calligraphy healing #2478 487K,Shopping,expense,1
bắt grabcar đi tiệc slay #4666 474k,Transport,expense,1
thuê xe máy đi phượt gét gô 452.000 đồng,Transport,expense,1
lương designer freelance xịn xò 2080 cành,Salary,income,1
lương designer freelance đỉnh nóc kịch trần 7639 cành,Salary,income,1
thưởng chuyên cần gét gô #6160 7264 ngàn,Bonus,income,1
bút calligraphy vô tri #3443 127K,Shopping,expense,1
rau hữu cơ bách hóa xanh hết nấc 223.000 đồng,Food,expense,1
kimbap siêu dài ngon nhức nách #9637 23.000 đồng,Food,expense,1
phí dịch vụ chung cư đỉnh nóc kịch trần #3402 224 cành,Housing,expense,1
tiền bonus từ khách hàng #7199 13089 cành,Bonus,income,1
gà rán jollibee gét gô #2820 98 ngàn,Food,expense,1
tiền mừng cưới bạn thân đỉnh nóc kịch trần #7261 189k,Social,expense,1
tiền cà phê giao lưu đối tác flexing #1119 355.000 đồng,Investment,expense,1
bánh tráng trộn mlem mlem #4171 55k,Food,expense,1
nem chua rán cứu rỗi tâm hồn 207K,Food,expense,1
kem chống nắng nâng tông đỉnh nóc kịch trần #4030 361K,Beauty,expense,1
nạp vip spotify ét ô ét #3819 232.000 đồng,Entertainment,expense,1
mua kính râm thời trang gét gô #1689 262k,Shopping,expense,1
tiền lãi đầu tư coin slay #2660 6.9Tr,Business,income,1
tiền bán hàng shopee over hợp #9553 7091K,Business,income,1
mua thuốc nhỏ mắt len healing #1274 272k,Health,expense,1
học phí học lái xe ô tô flexing #3160 34 ngàn,Education,expense,1
gói netflix xem phim cháy phố #8721 171k,Entertainment,expense,1
tiền thuê phòng trọ gét gô #1123 84k,Housing,expense,1
decor lại phòng trọ vibe đỉnh #4359 106K,Housing,expense,1
tiền nhổ răng khôn khóc thét đỉnh nóc kịch trần 47k,Health,expense,1
rửa xe máy sạch bong đỉnh nóc kịch trần #7750 28.000 đồng,Transport,expense,1
dầu gió xanh cứu cánh cháy phố #6388 135k,Health,expense,1
tiền xăng xe tay ga flexing 408.000 đồng,Transport,expense,1
bún đậu mắm tôm ngon nhức nách vô tri #5332 290k,Food,expense,1
bảng mắt màu khói mlem mlem #3045 327k,Beauty,expense,1
ốp lưng iphone xịn xò xịn xò #3895 195K,Shopping,expense,1
tiền đóng bảo hiểm y tế slay 298 cành,Health,expense,1
sơn móng tay gel chill chill #7493 267k,Beauty,expense,1
matcha latte xịn sò over hợp 308 cành,Food,expense,1
xúc xích ăn liền chill chill #8336 82.000 đồng,Food,expense,1
tiền sinh nhật đứa bạn vibe đỉnh #1440 409k,Social,expense,1
bắt grabcar đi tiệc đỉnh nóc kịch trần #7755 464k,Transport,expense,1
săn sale lazada 11.11 flexing 70.000 đồng,Shopping,expense,1
lương cứng mỗi tháng ngon nhức nách #5399 9227 ngàn,Salary,income,1
mua tài liệu ôn thi kiếp nạn thứ 82 140.000 đồng,Education,expense,1
ơm tấm sườn bì chả #4530 107k,Food,expense,1
bắt grabcar đi tiệc ngon nhức nách #6117 83k,Transport,expense,1
bánh tráng trộn kiếp nạn thứ 82 #4961 210k,Food,expense,1
thịt bò ba chỉ healing #4645 384k,Food,expense,1
tiền phạt vi phạm giao thông healing 300 cành,Transport,expense,1
tiền bán hàng shopee cháy phố #9217 1.8Tr,Business,income,1
chi phí đổi căn cước công dân over hợp 91K,Investment,expense,1
thưởng nóng từ sếp xịn xò #5274 3592k,Bonus,income,1
trà đào cam sả kiếp nạn thứ 82 347k,Food,expense,1
chì kẻ mày phẩy sợi xu cà na 189 cành,Beauty,expense,1
thuê gia sư kèm 1-1 đỉnh nóc kịch trần #6781 338K,Education,expense,1
tiền cọc phòng trọ healing #7294 376 cành,Housing,expense,1
ăn sập sình ét ô ét 72 ngàn,Food,expense,1
ăn sập sình đỉnh nóc kịch trần 215 ngàn,Food,expense,1
mặt nạ đất sét ầm ầm #2611 178K,Beauty,expense,1
quạt tích điện để bàn gét gô 157k,Shopping,expense,1
kem chống nắng nâng tông over hợp #6000 36k,Beauty,expense,1
ting ting lương công ty mlem mlem #1704 10.530.000 đồng,Salary,income,1
mua quà tạ lỗi bồ kiếp nạn thứ 82 #6203 302k,Social,expense,1
gà tắm sốt kiếp nạn thứ 82 234K,Food,expense,1
trà sữa phúc long chill chill 339k,Food,expense,1
mua đồ về làm mukbang ngon nhức nách 134k,Food,expense,1
mì cay cấp độ 7 xịn xò #5173 225 ngàn,Food,expense,1
mua khóa cửa vân tay xịn xò #5435 478k,Housing,expense,1
lãi gửi tiết kiệm ngân hàng ét ô ét 11.238.000 đồng,Business,income,1
gói khám sức khỏe tổng quát ét ô ét #1892 409 ngàn,Health,expense,1
cơm hộp tiện lợi xịn xò #1407 111.000 đồng,Food,expense,1
tẩy tế bào chết cocoon healing 32k,Beauty,expense,1
mua quà tạ lỗi bồ over hợp 269 cành,Social,expense,1
mua khóa học udemy vô tri #5330 187k,Education,expense,1
bún bò huế full topping cháy phố 91k,Food,expense,1
tiền lãi chứng khoán nổ hũ chill chill #6041 6.7củ,Business,income,1
ăn sập sình cháy phố #8639 266 cành,Food,expense,1
khóa học tiếng anh ielts vibe đỉnh #3596 80K,Education,expense,1
đặt xe grabbike kiếp nạn thứ 82 #6976 260.000 đồng,Transport,expense,1
ăn sập sình slay #5519 438.000 đồng,Food,expense,1
mua cây decor phòng ngủ đỉnh nóc kịch trần #3646 134k,Housing,expense,1
vé máy bay vietjet cứu rỗi tâm hồn #6747 84K,Transport,expense,1
vé concert anh trai kiếp nạn thứ 82 #1790 481 cành,Entertainment,expense,1
đèn led hoàng hôn ngon nhức nách 281.000 đồng,Shopping,expense,1
son tint bóng chill chill #6202 48k,Beauty,expense,1
tiền gửi xe hàng tháng hết nấc 72 ngàn,Investment,expense,1
tẩy tế bào chết cocoon cứu rỗi tâm hồn #9007 490 ngàn,Beauty,expense,1
tủ quần áo lắp ráp ét ô ét 468 ngàn,Housing,expense,1
tiền gửi xe hàng tháng flexing #9663 205.000 đồng,Investment,expense,1
thưởng tết âm lịch ấm áp vibe đỉnh #1361 13.7củ,Bonus,income,1
mixue kem cây #4703 429k,Food,expense,1
tiền quỹ lớp mlem mlem #7481 270k,Education,expense,1
ăn sập sình xịn xò 184k,Food,expense,1
đi đu idol kpop vibe đỉnh 267.000 đồng,Entertainment,expense,1
xiên bẩn vô tri #2130 402K,Food,expense,1
dầu gió xanh cứu cánh ầm ầm 406k,Health,expense,1
ăn sập sình ét ô ét #9214 39K,Food,expense,1
mua phụ kiện vòng tay ét ô ét 433k,Shopping,expense,1
chi phí đổi căn cước công dân ét ô ét 203k,Investment,expense,1
gói netflix xem phim hết nấc 335k,Entertainment,expense,1
lương cứng mỗi tháng xịn xò #9447 10242K,Salary,income,1
popmart blindbox cháy phố #7358 483 cành,Shopping,expense,1
lương admin fanpage over hợp #6588 9.9tr,Salary,income,1
vibe hôm nay heal lắm,Social,expense,0
góp quỹ từ thiện trường flexing #3082 282K,Charity,expense,1
tủ quần áo lắp ráp flexing #3692 414k,Housing,expense,1
tiền donate livestream slay 3880k,Business,income,1
kẹp bấm mi xịn xịn xò #5433 434k,Beauty,expense,1
phòng lướt net net cỏ #7820 326k,Entertainment,expense,1
tiền quỹ nhóm chia đều #8148 8914K,Business,income,1
tiền bonus từ khách hàng xịn xò 10.4tr,Bonus,income,1
vớ tất cao cổ #7642 63k,Shopping,expense,1
mua quần jean ống rộng slay #7154 456k,Shopping,expense,1
tiền phạt vi phạm giao thông over hợp #1974 207k,Transport,expense,1
mua nước súc miệng listerine gét gô 491.000 đồng,Health,expense,1
thưởng vượt doanh số over hợp #5257 9941 cành,Bonus,income,1
vé concert anh trai vô tri #7061 295K,Entertainment,expense,1
decor lại phòng trọ kiếp nạn thứ 82 #8235 411k,Housing,expense,1
kệ để đồ mĩ phẩm vibe đỉnh 15 ngàn,Shopping,expense,1
hủ tiếu gõ xu cà na #733 413K,Food,expense,1
gấu bông labubu gét gô #9753 139k,Shopping,expense,1
mua nước súc miệng listerine đỉnh nóc kịch trần #6244 466.000 đồng,Health,expense,1
hạt granola chill chill #5931 369 cành,Food,expense,1
đăng ký test toeic #1003 265.000 đồng,Education,expense,1
tiền thuê phòng trọ vô tri #6350 190.000 đồng,Housing,expense,1
vé xe limousine về quê slay #8545 318k,Transport,expense,1
đèn led hoàng hôn ngon nhức nách #3636 388.000 đồng,Shopping,expense,1
lãi gửi tiết kiệm ngân hàng ầm ầm 7439K,Business,income,1
đăng ký lớp yoga chill chill #7529 377.000 đồng,Education,expense,1
sổ tay bullet journal đỉnh nóc kịch trần #9933 230k,Shopping,expense,1
chi phí đổi căn cước công dân cháy phố #6558 370k,Investment,expense,1
học phí khóa học photoshop ầm ầm 258k,Education,expense,1
book phòng homestay đà lạt ngon nhức nách #700 156K,Transport,expense,1
dầu gội bưởi mọc tóc cứu rỗi tâm hồn 138 cành,Beauty,expense,1
nước khoáng aquafina slay #3879 121k,Food,expense,1
chốt đơn shopee live vô tri #181 282 ngàn,Shopping,expense,1
lương làm mẫu ảnh vibe đỉnh #666 6156 ngàn,Salary,income,1
tẩy tế bào chết cocoon xịn xò 479k,Beauty,expense,1
phòng lướt net net cỏ vô tri #1262 241.000 đồng,Entertainment,expense,1
lương cứng mỗi tháng mlem mlem #3692 1.4Tr,Salary,income,1
sữa rửa mặt cetaphil gét gô #8522 283 ngàn,Beauty,expense,1
bảng mắt màu khói đỉnh nóc kịch trần #6446 454 cành,Beauty,expense,1
nước ngọt coca zero slay #2564 254k,Food,expense,1
nước ngọt coca zero hết nấc 169 ngàn,Food,expense,1
mua thực phẩm chức năng omega3 ét ô ét 111k,Health,expense,1
k buffet over hợp #6835 419K,Food,expense,1
tiền thuê phòng trọ chill chill #5758 409K,Housing,expense,1
góp quỹ từ thiện trường cháy phố #6618 36.000 đồng,Charity,expense,1
thưởng nhân viên xuất sắc slay 4928k,Bonus,income,1
nệm cao su non hết nấc #2482 176.000 đồng,Housing,expense,1
thưởng nóng từ sếp vô tri #9009 12.358.000 đồng,Bonus,income,1
nước ngọt coca zero ầm ầm #3166 411 ngàn,Food,expense,1
thưởng ngày lễ 30/4 xu cà na #1352 14.2tr,Bonus,income,1
mặt nạ đất sét vibe đỉnh #1722 432.000 đồng,Beauty,expense,1
tủ quần áo lắp ráp gét gô #9837 312.000 đồng,Housing,expense,1
lợi nhuận bán quần áo secondhand kiếp nạn thứ 82 #7955 3157K,Business,income,1
chi phí đổi căn cước công dân cứu rỗi tâm hồn 73k,Investment,expense,1
học phí đại học khóc thét hết nấc #5147 106k,Education,expense,1
nhận lương chạy grab kịch sàn gét gô 13390 ngàn,Salary,income,1
tiền cà phê giao lưu đối tác flexing #5969 86K,Investment,expense,1
quyên góp từ thiện chống lũ cháy phố #1050 481k,Charity,expense,1
tiền vệ sinh rác thải ngon nhức nách #6608 347k,Housing,expense,1
đi siêu thị go sắm đồ xịn xò 388k,Shopping,expense,1
tiền nhổ răng khôn khóc thét ét ô ét #8885 464k,Health,expense,1
lương làm mẫu ảnh xịn xò 6.0tr,Salary,income,1
túi sưởi mini xu cà na #6345 327K,Shopping,expense,1
bạc sỉu đá vô tri #4607 196k,Food,expense,1
mua khóa cửa vân tay ầm ầm 150 cành,Housing,expense,1
tiền cọc phòng trọ over hợp #774 130k,Housing,expense,1
bảo dưỡng xe máy cháy phố 159.000 đồng,Transport,expense,1
đế đỡ điện thoại đỉnh nóc kịch trần #3667 249k,Shopping,expense,1
trà đào cam sả đỉnh nóc kịch trần #6065 473.000 đồng,Food,expense,1
gấu bông labubu vô tri #3013 408 ngàn,Shopping,expense,1
nạp thẻ game liên quân slay #810 235 cành,Entertainment,expense,1
củ sạc nhanh baseus healing 237k,Shopping,expense,1
mua khóa học tik tok master 168k,Education,expense,1
mua quà tạ lỗi bồ healing #2615 317 ngàn,Social,expense,1
gọi bebike đi học xu cà na #3137 376k,Transport,expense,1
k buffet ngon nhức nách 352k,Food,expense,1
mì cay cấp độ 7 mlem mlem 210k,Food,expense,1
mua thuốc uống cảm cúm xu cà na 116k,Health,expense,1
highlands phindi over hợp #6695 135k,Food,expense,1
đu đỉnh coin vô tri 409.000 đồng,Investment,expense,1
tiền lãi đầu tư coin gét gô #4858 13440k,Business,income,1
mua khẩu trang 4d healing #8983 75k,Health,expense,1
nước khoáng aquafina cứu rỗi tâm hồn #4206 469k,Food,expense,1
mua sách tiếng anh mua over hợp #4897 42K,Education,expense,1
lương cứng mỗi tháng kiếp nạn thứ 82 #3602 9779k,Salary,income,1
tiền quỹ lớp đỉnh nóc kịch trần #671 115k,Education,expense,1
tẩy tế bào chết cocoon vô tri 367k,Beauty,expense,1
trà sữa gongcha hết nấc #7394 436 cành,Food,expense,1
lệ phí thi lại môn xịn xò 38K,Education,expense,1
nước cốt xương over hợp #8764 221k,Food,expense,1
lương designer freelance hết nấc #4844 1940 ngàn,Salary,income,1
mua kính râm thời trang ngon nhức nách 399k,Shopping,expense,1
thu nhập từ kênh youtube xu cà na #8834 11.5Tr,Business,income,1
tiền nhận từ booking quảng cáo ầm ầm #3065 4541 ngàn,Business,income,1
vé xem phim cgv chill chill #1086 402 ngàn,Entertainment,expense,1
mua quần áo local brand cháy phố 173k,Shopping,expense,1
đăng ký lớp yoga vibe đỉnh #1608 162k,Education,expense,1
k buffet vô tri #2931 463 ngàn,Food,expense,1
bánh tráng trộn cứu rỗi tâm hồn #613 83.000 đồng,Food,expense,1
mua sách truyện manga ầm ầm #5793 42 ngàn,Entertainment,expense,1
lương thực tập sinh bèo bọt healing #9972 6.1tr,Salary,income,1
tiền cọc phòng trọ mlem mlem 173k,Housing,expense,1
lương part-time rủng rỉnh chill chill #9861 5081K,Salary,income,1
khoai lang mật xu cà na 116k,Food,expense,1
hạt granola cứu rỗi tâm hồn 57k,Food,expense,1
bún đậu mắm tôm ngon nhức nách,Entertainment,expense,0
mua quần jean ống rộng slay 70 cành,Shopping,expense,1
mua quà tạ lỗi bồ kiếp nạn thứ 82 14k,Social,expense,1
mua khóa cửa vân tay kiếp nạn thứ 82 #4968 482K,Housing,expense,1
xúc xích ăn liền vibe đỉnh #9782 23k,Food,expense,1
mua giày sneaker mlem ầm ầm #5003 172k,Shopping,expense,1
tiền bố mẹ tiếp tế ét ô ét #1776 941k,Business,income,1
gà tắm sốt xu cà na #8344 400.000 đồng,Food,expense,1
học phí học lái xe ô tô healing #3457 318k,Education,expense,1
tiền bán hàng shopee slay #2503 5.5củ,Business,income,1
tiền lãi đầu tư coin flexing 14399 ngàn,Business,income,1
nước khoáng aquafina cháy phố #8887 67k,Food,expense,1
tiền lì xì tết tốn kém flexing #7594 80 cành,Investment,expense,1
tiền thưởng kpi tháng #4569 5431 ngàn,Bonus,income,1
thưởng vượt doanh số hết nấc #5920 5403 ngàn,Bonus,income,1
nước tẩy trang bioderma ngon nhức nách #1497 471 ngàn,Beauty,expense,1
gói netflix xem phim kiếp nạn thứ 82 447K,Entertainment,expense,1
đã chuyển khoản quỹ chưa nhỉ,Social,expense,0
bảng mắt màu khói kiếp nạn thứ 82 #6098 119K,Beauty,expense,1
tiền mừng cưới bạn thân cứu rỗi tâm hồn 25k,Social,expense,1
hủ tiếu gõ gét gô #3462 233k,Food,expense,1
tiền quỹ lớp ngon nhức nách #1896 321k,Education,expense,1
bán tài liệu học tập cũ cứu rỗi tâm hồn #6244 3.0củ,Business,income,1
sửa vòi nước hỏng slay #3904 258k,Housing,expense,1
rau hữu cơ bách hóa xanh ầm ầm 209k,Food,expense,1
tiền lãi chứng khoán nổ hũ ngon nhức nách 1.3Tr,Business,income,1
thưởng sinh nhật công ty chill chill #4845 9.3tr,Bonus,income,1
lợi nhuận bán quần áo secondhand ngon nhức nách #6050 10.4Tr,Business,income,1
tiền lãi đầu tư coin xịn xò #409 12.6củ,Business,income,1
dầu gội bưởi mọc tóc healing 102 cành,Beauty,expense,1
thay dầu nhớt castrol slay #9531 419k,Transport,expense,1
ai đi cf không,Entertainment,expense,0
thưởng sinh nhật công ty ét ô ét 4.9củ,Bonus,income,1
hát karaoke cháy máy slay #4381 151 cành,Entertainment,expense,1
gói khám sức khỏe tổng quát ngon nhức nách 149k,Health,expense,1
mua mũ bảo hiểm có kính healing #3256 245 cành,Transport,expense,1
vé máy bay vietjet cứu rỗi tâm hồn 454k,Transport,expense,1
mua khóa học udemy kiếp nạn thứ 82 #858 12k,Education,expense,1
bún đậu mắm tôm ngon nhức nách cứu rỗi tâm hồn #9734 306k,Food,expense,1
bạc sỉu đá vibe đỉnh #2214 130K,Food,expense,1
tiền quỹ nhóm chia đều over hợp #7782 4.9củ,Business,income,1
phí dịch vụ chung cư vibe đỉnh 480k,Housing,expense,1
đi chợ đầu mối xu cà na 334 cành,Shopping,expense,1
chơi boardgame cùng hội bạn flexing 233k,Entertainment,expense,1
popmart blindbox vô tri #7588 181k,Shopping,expense,1
nạp vip spotify ngon nhức nách #2377 425K,Entertainment,expense,1
tiền thuê phòng trọ over hợp 405k,Housing,expense,1
nhận lương viết content chill chill #5156 3.884.000 đồng,Salary,income,1
mua nước lau sàn thơm vibe đỉnh #6407 276K,Housing,expense,1
ơm tấm sườn bì chả slay #8048 136K,Food,expense,1
tiền quỹ lớp ét ô ét #2284 498 cành,Education,expense,1
tiền bố mẹ tiếp tế over hợp #6060 4.6tr,Business,income,1
popmart blindbox ét ô ét #197 311.000 đồng,Shopping,expense,1
nem chua rán slay #8683 466k,Food,expense,1
săn áo thun t-shirt ngon nhức nách #1740 116 ngàn,Shopping,expense,1
thưởng ngày lễ 30/4 cứu rỗi tâm hồn #2244 14.3củ,Bonus,income,1
học phí học lái xe ô tô cứu rỗi tâm hồn 284k,Education,expense,1
lương admin fanpage cứu rỗi tâm hồn #5236 5.360.000 đồng,Salary,income,1
thưởng vượt doanh số vô tri 11.4củ,Bonus,income,1
mua giày sneaker mlem hết nấc #9616 146K,Shopping,expense,1
mua bao cao su durex over hợp #4257 90 ngàn,Health,expense,1
thuê gia sư kèm 1-1 hết nấc #9871 30k,Education,expense,1
bún đậu mắm tôm ngon nhức nách slay #5041 205 ngàn,Food,expense,1
trà sữa phê la healing #5528 76K,Food,expense,1
nước cốt xương over hợp #3415 401 ngàn,Food,expense,1
nước hoa mini vô tri 243k,Beauty,expense,1
gấu bông labubu healing 256k,Shopping,expense,1
vé đi triển lãm nghệ thuật healing #798 103k,Entertainment,expense,1
mua cây decor phòng ngủ cứu rỗi tâm hồn #9970 32.000 đồng,Housing,expense,1
tiền điện nước giá kinh hoàng ầm ầm #5200 302K,Housing,expense,1
chốt đơn shopee live đỉnh nóc kịch trần 110k,Shopping,expense,1
mua đồ về làm mukbang #1187 184 cành,Food,expense,1
in tài liệu tiểu luận #5760 414.000 đồng,Education,expense,1
tiền điện nước giá kinh hoàng kiếp nạn thứ 82 473 ngàn,Housing,expense,1
đi chill acoustic slay #4568 320k,Entertainment,expense,1
thưởng tết âm lịch ấm áp over hợp #4943 12444 cành,Bonus,income,1
thay dầu nhớt castrol xịn xò #9005 337k,Transport,expense,1
nhận lương chạy grab kịch sàn hết nấc #5674 1.5củ,Salary,income,1
tiền đóng bảo hiểm y tế ầm ầm #4670 166.000 đồng,Health,expense,1
tiền cọc phòng trọ cháy phố 270 ngàn,Housing,expense,1
tai nghe bluetooth chụp tai xịn xò #4271 212k,Shopping,expense,1
đi bar pub quẩy gét gô #8554 89.000 đồng,Entertainment,expense,1
tiền thưởng kpi tháng xu cà na #5825 6740 cành,Bonus,income,1
tiền donate livestream vô tri 11.2củ,Business,income,1
tiền chung cư mini healing 442k,Housing,expense,1
matcha latte xịn sò xịn xò #6466 149 ngàn,Food,expense,1
mua khẩu trang 4d mlem mlem #7861 172 cành,Health,expense,1
lệ phí thi lại môn xịn xò #9852 149.000 đồng,Education,expense,1
mua khóa học tik tok master slay #4026 135 cành,Education,expense,1
bánh tráng trộn ầm ầm #7508 295k,Food,expense,1
bảng mắt màu khói vô tri #5538 99 cành,Beauty,expense,1
