text,intent,action_type
nói chuyện dễ thương hơn đi,action,SET_TONE
kiếm giúp khoản trà sữa,action,SEARCH_RECORD
mở cài đặt,action,SYSTEM_SETTING
đề xuất budget hợp lý đi,action,SUGGEST_BUDGET
gợi ý ngân sách tháng sau,action,SUGGEST_BUDGET
đổi giọng sang hài hước,action,SET_TONE
sửa giao dịch cuối thành 500k,action,UPDATE_RECORD
mỗi tháng mình kiếm 500k,action,SET_INCOME
hủy hóa đơn mới nhất,action,DELETE_LAST
set tone dặn dỗi,action,SET_TONE
tắt thông báo chi tiêu,action,SET_ALERT
thống kê chi tiêu tuần trước,action,REPORT_INCOME
tư vấn hạn mức cho mình,action,SUGGEST
đề xuất budget hợp lý đi,action,SUGGEST_BUDGET
save goal mua laptop 2 triệu,action,SET_GOAL
giảm limit còn 5 triệu,action,LIMIT
hủy hóa đơn mới nhất,action,DELETE
set income 2 triệu,action,SET_INCOME
chuyển style nói chuyện nhé,action,TONE
tìm record năm nay,action,SEARCH
mỗi tháng mình kiếm 5 triệu,action,SET_INCOME
nhắc mình khi vượt ngân sách,action,SET_ALERT
tìm giao dịch giáo dục,action,SEARCH
undo giao dịch cuối,action,DELETE_LAST
cộng thêm 100k vào hạn mức,action,SET_LIMIT
chuyển style nói chuyện nhé,action,SET_TONE
update record vừa nhập,action,EDIT
để dành 500k nha,action,GOAL
thống kê chi tiêu 15-06-2026,action,REPORT_INCOME
gợi ý ngân sách tháng sau,action,SUGGEST_BUDGET
mở cài đặt,action,SYSTEM_SETTING
gợi ý ngân sách tháng sau,action,SUGGEST_BUDGET
tìm giao dịch giải trí,action,SEARCH
xem report ăn uống hôm qua,action,REPORT
thống kê chi tiêu thứ 3,action,REPORT_GENERAL
cộng thêm 200k vào hạn mức,action,SET_LIMIT
chuyển style nói chuyện nhé,action,TONE
cộng thêm 200k vào hạn mức,action,SET_LIMIT
thống kê chi tiêu 15-06-2026,action,REPORT_COMPARE
đổi giọng sang dễ thương,action,TONE
xem report giải trí tuần này,action,REPORT_GENERAL
thu nhập tháng này 1 triệu,action,SET_INCOME
gọi mình là Mimo Master nhé,action,SET_USERNAME
sửa giao dịch cuối thành 100k,action,UPDATE_RECORD
lương của mình là 5 triệu,action,SET_INCOME
cho t xem báo cáo thứ 6,action,REPORT_GENERAL
hủy hóa đơn mới nhất,action,DELETE_LAST
chỉnh lại ghi chú nha,action,UPDATE_RECORD
xóa record cuối giúp mình,action,DELETE
set tone châm chọc,action,TONE
chỉnh lại ghi chú nha,action,EDIT
thống kê chi tiêu 7 ngày qua,action,REPORT_GENERAL
xóa record cuối giúp mình,action,DELETE
cho t xem báo cáo tháng trước,action,REPORT_GENERAL
undo giao dịch cuối,action,DELETE
thống kê chi tiêu hôm nay,action,REPORT_COMPARE
tìm record thứ 2,action,SEARCH
cho t xem báo cáo chủ nhật,action,REPORT_GENERAL
search hóa đơn trên 500k,action,SEARCH
tư vấn hạn mức cho mình,action,SUGGEST
tìm record thứ 2,action,SEARCH
chuyển giao diện sáng,action,SYSTEM_SETTING
gợi ý ngân sách tháng sau,action,SUGGEST
mục tiêu du lịch 100k trước 23-12-2025,action,GOAL
chỉnh lại ghi chú nha,action,EDIT
xóa record cuối giúp mình,action,DELETE
đặt hạn mức mua sắm 2 triệu,action,LIMIT
thống kê chi tiêu năm nay,action,REPORT_INCOME
đặt hạn mức mua sắm 100k,action,SET_LIMIT
undo giao dịch cuối,action,DELETE_LAST
tư vấn hạn mức cho mình,action,SUGGEST_BUDGET
cộng thêm 50k vào hạn mức,action,LIMIT
set limit giải trí 10 triệu mỗi tháng,action,LIMIT
xem report ăn uống tuần trước,action,REPORT_INCOME
thống kê chi tiêu quý 1 năm nay,action,REPORT_COMPARE
gợi ý ngân sách tháng sau,action,SUGGEST_BUDGET
chuyển giao diện sáng,action,SYSTEM_SETTING
tìm record 7 ngày qua,action,SEARCH
từ giờ gọi t là Boss,action,SET_USERNAME
tìm record 23-12-2025,action,SEARCH
bật cảnh báo đi lại,action,SET_ALERT
sửa giao dịch cuối thành 5 triệu,action,UPDATE_RECORD
chuyển style nói chuyện nhé,action,TONE
thống kê chi tiêu quý 1 năm nay,action,REPORT_GENERAL
check tiền đã xài chủ nhật đi,action,REPORT_GENERAL
mở cài đặt,action,SETTING
set limit ăn uống 50k mỗi tháng,action,SET_LIMIT
đặt hạn mức giải trí 1 triệu,action,SET_LIMIT
alert hạn mức cho ăn uống,action,SET_ALERT
tắt chế độ tối,action,SETTING
tìm giao dịch nhà ở,action,SEARCH
xóa giao dịch vừa nhập,action,DELETE
check tiền đã xài 01-01-2026 đi,action,REPORT_INCOME
gợi ý ngân sách tháng sau,action,SUGGEST
xem report ăn uống hôm nay,action,REPORT
chuyển giao diện sáng,action,SYSTEM_SETTING
mở cài đặt,action,SETTING
tắt thông báo chi tiêu,action,SET_ALERT
thống kê chi tiêu cuối tuần,action,REPORT_INCOME
chuyển giao diện sáng,action,SETTING
cho t xem báo cáo tuần trước,action,REPORT_GENERAL
chuyển style nói chuyện nhé,action,TONE
tư vấn hạn mức cho mình,action,SUGGEST_BUDGET
kiếm giúp khoản trà sữa,action,SEARCH_RECORD
alert hạn mức cho giáo dục,action,SET_ALERT
cho t xem báo cáo hôm qua,action,REPORT_INCOME
tìm giao dịch đi lại,action,SEARCH
set tone dễ thương,action,TONE
xóa record cuối giúp mình,action,DELETE_LAST
xem report sức khỏe tháng trước,action,REPORT_INCOME
xem report đi lại tháng này,action,REPORT_COMPARE
giảm limit còn 200k,action,SET_LIMIT
kiếm giúp khoản trà sữa,action,SEARCH
set limit giáo dục 10 triệu mỗi tháng,action,SET_LIMIT
nhắc mình khi vượt ngân sách,action,SET_ALERT
nhắc mình khi vượt ngân sách,action,SET_ALERT
update record vừa nhập,action,EDIT
đổi giọng sang châm chọc,action,TONE
để dành 5 triệu nha,action,SET_GOAL
undo giao dịch cuối,action,DELETE
đổi danh mục sang giáo dục,action,UPDATE_RECORD
mục tiêu du lịch 50k trước 23-12-2025,action,SET_GOAL
thống kê chi tiêu chủ nhật,action,REPORT_GENERAL
cho t xem báo cáo thứ 2,action,REPORT_COMPARE
nói chuyện hài hước hơn đi,action,SET_TONE
update record vừa nhập,action,EDIT
giảm limit còn 50k,action,LIMIT
tắt chế độ tối,action,SETTING
hủy hóa đơn mới nhất,action,DELETE_LAST
update record vừa nhập,action,EDIT
kiếm giúp khoản trà sữa,action,SEARCH
xem report sức khỏe năm nay,action,REPORT_INCOME
kiếm giúp khoản trà sữa,action,SEARCH_RECORD
giảm limit còn 2 triệu,action,LIMIT
tìm record năm ngoái,action,SEARCH_RECORD
thống kê chi tiêu năm nay,action,REPORT_INCOME
đặt hạn mức nhà ở 200k,action,LIMIT
check tiền đã xài 15-06-2026 đi,action,REPORT_GENERAL
chuyển giao diện sáng,action,SETTING
đặt hạn mức đi lại 200k,action,LIMIT
gợi ý ngân sách tháng sau,action,SUGGEST_BUDGET
tắt thông báo chi tiêu,action,SET_ALERT
nói chuyện châm chọc hơn đi,action,TONE
set limit giáo dục 100k mỗi tháng,action,SET_LIMIT
bật cảnh báo giáo dục,action,SET_ALERT
đổi giọng sang châm chọc,action,SET_TONE
nói chuyện dễ thương hơn đi,action,TONE
cho t xem báo cáo thứ 6,action,REPORT_INCOME
gợi ý ngân sách tháng sau,action,SUGGEST
xóa record cuối giúp mình,action,DELETE
tư vấn hạn mức cho mình,action,SUGGEST
chuyển giao diện sáng,action,SETTING
cộng thêm 100k vào hạn mức,action,SET_LIMIT
cho t xem báo cáo hôm nay,action,REPORT_GENERAL
mở cài đặt,action,SETTING
tạo mục tiêu tiết kiệm 50k,action,GOAL
xem report sức khỏe hôm nay,action,REPORT_INCOME
cho t xem báo cáo thứ 6,action,REPORT_COMPARE
cho t xem báo cáo 23-12-2025,action,REPORT_COMPARE
chuyển giao diện sáng,action,SYSTEM_SETTING
cho t xem báo cáo cuối tuần,action,REPORT_GENERAL
kiếm giúp khoản trà sữa,action,SEARCH_RECORD
giảm limit còn 100k,action,LIMIT
tắt chế độ tối,action,SYSTEM_SETTING
giảm limit còn 10 triệu,action,LIMIT
đổi giọng sang nghiêm túc,action,SET_TONE
sửa giao dịch cuối thành 50k,action,UPDATE_RECORD
kiếm giúp khoản trà sữa,action,SEARCH_RECORD
kiếm giúp khoản trà sữa,action,SEARCH_RECORD
nói chuyện nghiêm túc hơn đi,action,TONE
thống kê chi tiêu thứ 3,action,REPORT
thu nhập tháng này 500k,action,SET_INCOME
tư vấn hạn mức cho mình,action,SUGGEST_BUDGET
thống kê chi tiêu thứ 6,action,REPORT
save goal mua laptop 10 triệu,action,GOAL
search hóa đơn trên 200k,action,SEARCH
chỉnh lại ghi chú nha,action,EDIT
đổi giọng sang dặn dỗi,action,TONE
set tone dễ thương,action,SET_TONE
sửa giao dịch cuối thành 5 triệu,action,EDIT
tạo mục tiêu tiết kiệm 500k,action,SET_GOAL
tìm record năm nay,action,SEARCH_RECORD
hủy hóa đơn mới nhất,action,DELETE_LAST
gợi ý ngân sách tháng sau,action,SUGGEST_BUDGET
tắt chế độ tối,action,SETTING
alert hạn mức cho giáo dục,action,SET_ALERT
kiếm giúp khoản trà sữa,action,SEARCH_RECORD
undo giao dịch cuối,action,DELETE_LAST
xem report nhà ở thứ 6,action,REPORT
mục tiêu du lịch 2 triệu trước thứ 2,action,GOAL
xóa record cuối giúp mình,action,DELETE
check tiền đã xài thứ 6 đi,action,REPORT_GENERAL
cộng thêm 100k vào hạn mức,action,SET_LIMIT
thu nhập tháng này 500k,action,SET_INCOME
đổi danh mục sang sức khỏe,action,UPDATE_RECORD
cộng thêm 10 triệu vào hạn mức,action,LIMIT
hủy hóa đơn mới nhất,action,DELETE
save goal mua laptop 2 triệu,action,GOAL
search hóa đơn trên 2 triệu,action,SEARCH_RECORD
cộng thêm 2 triệu vào hạn mức,action,SET_LIMIT
giảm limit còn 10 triệu,action,SET_LIMIT
set nickname Anh Khang,action,SET_USERNAME
giảm limit còn 5 triệu,action,SET_LIMIT
cho t xem báo cáo tháng 12 năm ngoái,action,REPORT_GENERAL
thống kê chi tiêu 15-06-2026,action,REPORT
tư vấn hạn mức cho mình,action,SUGGEST
update record vừa nhập,action,UPDATE_RECORD
đổi danh mục sang mua sắm,action,EDIT
nhắc mình khi vượt ngân sách,action,SET_ALERT
cộng thêm 10 triệu vào hạn mức,action,SET_LIMIT
gợi ý ngân sách tháng sau,action,SUGGEST_BUDGET
từ giờ gọi t là Boss,action,SET_USERNAME
nói chuyện dễ thương hơn đi,action,TONE
tìm record năm nay,action,SEARCH
tháng tới nên tiêu bao nhiêu,action,SUGGEST
mở cài đặt,action,SETTING
thống kê chi tiêu 15-06-2026,action,REPORT_INCOME
cộng thêm 2 triệu vào hạn mức,action,LIMIT
alert hạn mức cho mua sắm,action,SET_ALERT
bật dark mode,action,SETTING
xóa record cuối giúp mình,action,DELETE_LAST
đổi tên thành Boss,action,SET_USERNAME
xem report giáo dục tháng trước,action,REPORT_GENERAL
đổi tên thành Mimo Master,action,SET_USERNAME
search hóa đơn trên 1 triệu,action,SEARCH_RECORD
nói chuyện nghiêm túc hơn đi,action,SET_TONE
tắt chế độ tối,action,SETTING
tắt chế độ tối,action,SYSTEM_SETTING
cho t xem báo cáo tháng 12 năm ngoái,action,REPORT_INCOME
xem report giáo dục tháng này,action,REPORT_COMPARE
cho t xem báo cáo năm ngoái,action,REPORT
cho t xem báo cáo hôm qua,action,REPORT_INCOME
cộng thêm 10 triệu vào hạn mức,action,SET_LIMIT
update record vừa nhập,action,EDIT
set limit giáo dục 200k mỗi tháng,action,SET_LIMIT
mở cài đặt,action,SYSTEM_SETTING
set limit giáo dục 5 triệu mỗi tháng,action,SET_LIMIT
đổi danh mục sang ăn uống,action,EDIT
tắt thông báo chi tiêu,action,SET_ALERT
gợi ý ngân sách tháng sau,action,SUGGEST_BUDGET
xóa giao dịch vừa nhập,action,DELETE
alert hạn mức cho sức khỏe,action,SET_ALERT
xóa giao dịch vừa nhập,action,DELETE_LAST
tư vấn hạn mức cho mình,action,SUGGEST
mở cài đặt,action,SYSTEM_SETTING
giảm limit còn 500k,action,SET_LIMIT
tìm giao dịch mua sắm,action,SEARCH_RECORD
chuyển giao diện sáng,action,SYSTEM_SETTING
bật dark mode,action,SYSTEM_SETTING
xem report giải trí thứ 3,action,REPORT_GENERAL
check tiền đã xài 01-01-2026 đi,action,REPORT
đổi giọng sang châm chọc,action,TONE
giảm limit còn 10 triệu,action,SET_LIMIT
xem report giáo dục tuần trước,action,REPORT_GENERAL
cho t xem báo cáo tháng này,action,REPORT_GENERAL
xem report giải trí hôm nay,action,REPORT_COMPARE
xem report nhà ở hôm qua,action,REPORT_GENERAL
xem report nhà ở tháng 12 năm ngoái,action,REPORT_INCOME
đổi tên thành Anh Khang,action,SET_USERNAME
update record vừa nhập,action,UPDATE_RECORD
gợi ý ngân sách tháng sau,action,SUGGEST_BUDGET
đổi danh mục sang mua sắm,action,UPDATE_RECORD
tháng tới nên tiêu bao nhiêu,action,SUGGEST
undo giao dịch cuối,action,DELETE
cho t xem báo cáo 01-01-2026,action,REPORT_GENERAL
sửa giao dịch cuối thành 1 triệu,action,EDIT
alert hạn mức cho sức khỏe,action,SET_ALERT
tư vấn hạn mức cho mình,action,SUGGEST
check tiền đã xài chủ nhật đi,action,REPORT_GENERAL
search hóa đơn trên 500k,action,SEARCH
kiếm giúp khoản trà sữa,action,SEARCH_RECORD
xem report mua sắm tháng trước,action,REPORT_COMPARE
check tiền đã xài 7 ngày qua đi,action,REPORT_COMPARE
tạo mục tiêu tiết kiệm 1 triệu,action,SET_GOAL
xóa giao dịch vừa nhập,action,DELETE
tạo mục tiêu tiết kiệm 1 triệu,action,GOAL
set limit giáo dục 1 triệu mỗi tháng,action,LIMIT
kiếm giúp khoản trà sữa,action,SEARCH_RECORD
xem report mua sắm chủ nhật,action,REPORT_COMPARE
gọi mình là Min nhé,action,SET_USERNAME
gợi ý ngân sách tháng sau,action,SUGGEST_BUDGET
cho t xem báo cáo tháng này,action,REPORT_GENERAL
tháng tới nên tiêu bao nhiêu,action,SUGGEST
undo giao dịch cuối,action,DELETE
tháng tới nên tiêu bao nhiêu,action,SUGGEST
tắt chế độ tối,action,SETTING
xem report mua sắm tháng trước,action,REPORT_GENERAL
check tiền đã xài tuần trước đi,action,REPORT_GENERAL
thống kê chi tiêu 23-12-2025,action,REPORT_GENERAL
update record vừa nhập,action,UPDATE_RECORD
kiếm giúp khoản trà sữa,action,SEARCH_RECORD
tìm record 15-06-2026,action,SEARCH
search hóa đơn trên 2 triệu,action,SEARCH_RECORD
thống kê chi tiêu tuần này,action,REPORT_GENERAL
xem report sức khỏe chủ nhật,action,REPORT
alert hạn mức cho nhà ở,action,SET_ALERT
xóa giao dịch vừa nhập,action,DELETE_LAST
xem report ăn uống thứ 3,action,REPORT_COMPARE
check tiền đã xài chủ nhật đi,action,REPORT_GENERAL
cho t xem báo cáo 01-01-2026,action,REPORT
xem report giải trí tháng này,action,REPORT
kiếm giúp khoản trà sữa,action,SEARCH_RECORD
từ giờ gọi t là Boss,action,SET_USERNAME
tắt chế độ tối,action,SETTING
bật dark mode,action,SYSTEM_SETTING
check tiền đã xài 01-01-2026 đi,action,REPORT_GENERAL
set limit nhà ở 50k mỗi tháng,action,SET_LIMIT
undo giao dịch cuối,action,DELETE_LAST
cho t xem báo cáo tuần này,action,REPORT_INCOME
chuyển giao diện sáng,action,SETTING
hủy hóa đơn mới nhất,action,DELETE
alert hạn mức cho nhà ở,action,SET_ALERT
set tone nghiêm túc,action,TONE
để dành 1 triệu nha,action,GOAL
thống kê chi tiêu tuần này,action,REPORT_INCOME
để dành 10 triệu nha,action,SET_GOAL
bật dark mode,action,SYSTEM_SETTING
chuyển giao diện sáng,action,SETTING
cộng thêm 200k vào hạn mức,action,SET_LIMIT
đổi giọng sang dễ thương,action,SET_TONE
chuyển style nói chuyện nhé,action,TONE
undo giao dịch cuối,action,DELETE
cho t xem báo cáo 15-06-2026,action,REPORT_INCOME
cộng thêm 200k vào hạn mức,action,LIMIT
xem report nhà ở tháng 12 năm ngoái,action,REPORT_GENERAL
xóa record cuối giúp mình,action,DELETE
chuyển style nói chuyện nhé,action,SET_TONE
từ giờ gọi t là Anh Khang,action,SET_USERNAME
mục tiêu du lịch 50k trước cuối tuần,action,GOAL
thống kê chi tiêu tuần trước,action,REPORT_GENERAL
tắt thông báo chi tiêu,action,SET_ALERT
tìm giao dịch giải trí,action,SEARCH
update record vừa nhập,action,UPDATE_RECORD
set tone dễ thương,action,TONE
để dành 500k nha,action,GOAL
chỉnh lại ghi chú nha,action,UPDATE_RECORD
nói chuyện hài hước hơn đi,action,TONE
alert hạn mức cho giải trí,action,SET_ALERT
tìm giao dịch đi lại,action,SEARCH_RECORD
nhắc mình khi vượt ngân sách,action,SET_ALERT
hủy hóa đơn mới nhất,action,DELETE_LAST
chuyển giao diện sáng,action,SYSTEM_SETTING
save goal mua laptop 1 triệu,action,GOAL
xem report sức khỏe năm ngoái,action,REPORT_INCOME
update record vừa nhập,action,UPDATE_RECORD
tắt thông báo chi tiêu,action,SET_ALERT
xem report sức khỏe 23-12-2025,action,REPORT_GENERAL
hủy hóa đơn mới nhất,action,DELETE_LAST
thu nhập tháng này 5 triệu,action,SET_INCOME
tắt chế độ tối,action,SETTING
đổi giọng sang hài hước,action,TONE
tìm record tháng trước,action,SEARCH
cho t xem báo cáo thứ 2,action,REPORT_GENERAL
để dành 50k nha,action,GOAL
chỉnh lại ghi chú nha,action,EDIT
thống kê chi tiêu hôm qua,action,REPORT_GENERAL
xem report sức khỏe quý 1 năm nay,action,REPORT_GENERAL
tìm giao dịch mua sắm,action,SEARCH_RECORD
check tiền đã xài tuần này đi,action,REPORT_GENERAL
search hóa đơn trên 200k,action,SEARCH_RECORD
update record vừa nhập,action,EDIT
check tiền đã xài tuần này đi,action,REPORT_COMPARE
chuyển style nói chuyện nhé,action,TONE
từ giờ gọi t là Boss,action,SET_USERNAME
alert hạn mức cho đi lại,action,SET_ALERT
để dành 200k nha,action,GOAL
update record vừa nhập,action,UPDATE_RECORD
thống kê chi tiêu hôm qua,action,REPORT
mở cài đặt,action,SYSTEM_SETTING
search hóa đơn trên 1 triệu,action,SEARCH_RECORD
nhắc mình khi vượt ngân sách,action,SET_ALERT
tìm record tuần trước,action,SEARCH
gợi ý ngân sách tháng sau,action,SUGGEST_BUDGET
xem report giáo dục tuần trước,action,REPORT_GENERAL
để dành 50k nha,action,SET_GOAL
bật dark mode,action,SETTING
tư vấn hạn mức cho mình,action,SUGGEST_BUDGET
mỗi tháng mình kiếm 500k,action,SET_INCOME
search hóa đơn trên 1 triệu,action,SEARCH_RECORD
set limit ăn uống 5 triệu mỗi tháng,action,SET_LIMIT
gọi mình là Mimo Master nhé,action,SET_USERNAME
cộng thêm 100k vào hạn mức,action,SET_LIMIT
xóa record cuối giúp mình,action,DELETE_LAST
set tone dễ thương,action,TONE
tạo mục tiêu tiết kiệm 10 triệu,action,GOAL
xóa giao dịch vừa nhập,action,DELETE_LAST
thống kê chi tiêu năm ngoái,action,REPORT_COMPARE
update record vừa nhập,action,UPDATE_RECORD
tìm giao dịch giải trí,action,SEARCH_RECORD
bật dark mode,action,SYSTEM_SETTING
đặt hạn mức nhà ở 10 triệu,action,LIMIT
mỗi tháng mình kiếm 5 triệu,action,SET_INCOME
alert hạn mức cho mua sắm,action,SET_ALERT
nói chuyện châm chọc hơn đi,action,TONE
nói chuyện nghiêm túc hơn đi,action,SET_TONE
check tiền đã xài tuần này đi,action,REPORT_INCOME
check tiền đã xài 01-01-2026 đi,action,REPORT
bật cảnh báo nhà ở,action,SET_ALERT
check tiền đã xài cuối tuần đi,action,REPORT
undo giao dịch cuối,action,DELETE_LAST
xem report ăn uống hôm nay,action,REPORT_INCOME
tạo mục tiêu tiết kiệm 5 triệu,action,SET_GOAL
thống kê chi tiêu quý 1 năm nay,action,REPORT
check tiền đã xài năm nay đi,action,REPORT_COMPARE
giảm limit còn 500k,action,LIMIT
để dành 200k nha,action,GOAL
mục tiêu du lịch 1 triệu trước tháng 12 năm ngoái,action,SET_GOAL
tắt chế độ tối,action,SYSTEM_SETTING
đặt hạn mức mua sắm 50k,action,SET_LIMIT
mở cài đặt,action,SYSTEM_SETTING
xóa giao dịch vừa nhập,action,DELETE
cộng thêm 10 triệu vào hạn mức,action,LIMIT
gợi ý ngân sách tháng sau,action,SUGGEST_BUDGET
để dành 10 triệu nha,action,GOAL
cho t xem báo cáo thứ 6,action,REPORT_COMPARE
sửa giao dịch cuối thành 1 triệu,action,UPDATE_RECORD
xóa giao dịch vừa nhập,action,DELETE_LAST
tắt chế độ tối,action,SYSTEM_SETTING
check tiền đã xài năm ngoái đi,action,REPORT_INCOME
cộng thêm 500k vào hạn mức,action,SET_LIMIT
tìm giao dịch ăn uống,action,SEARCH_RECORD
set tone dặn dỗi,action,TONE
đề xuất budget hợp lý đi,action,SUGGEST_BUDGET
tìm record thứ 3,action,SEARCH
set nickname Bin,action,SET_USERNAME
hủy hóa đơn mới nhất,action,DELETE
cho t xem báo cáo thứ 2,action,REPORT_COMPARE
hủy hóa đơn mới nhất,action,DELETE_LAST
sửa giao dịch cuối thành 200k,action,UPDATE_RECORD
tắt chế độ tối,action,SETTING
tạo mục tiêu tiết kiệm 1 triệu,action,SET_GOAL
đề xuất budget hợp lý đi,action,SUGGEST_BUDGET
gợi ý ngân sách tháng sau,action,SUGGEST_BUDGET
cho t xem báo cáo tuần này,action,REPORT_GENERAL
update record vừa nhập,action,EDIT
check tiền đã xài quý 1 năm nay đi,action,REPORT
xóa record cuối giúp mình,action,DELETE
xóa giao dịch vừa nhập,action,DELETE_LAST
bật dark mode,action,SYSTEM_SETTING
cho t xem báo cáo năm nay,action,REPORT
check tiền đã xài tháng 12 năm ngoái đi,action,REPORT_GENERAL
thống kê chi tiêu 23-12-2025,action,REPORT_GENERAL
kiếm giúp khoản trà sữa,action,SEARCH
để dành 100k nha,action,GOAL
mục tiêu du lịch 100k trước 23-12-2025,action,GOAL
bật cảnh báo mua sắm,action,SET_ALERT
đổi tên thành Boss,action,SET_USERNAME
chuyển style nói chuyện nhé,action,TONE
nói chuyện dễ thương hơn đi,action,TONE
xóa giao dịch vừa nhập,action,DELETE_LAST
tắt chế độ tối,action,SYSTEM_SETTING
save goal mua laptop 1 triệu,action,SET_GOAL
gợi ý ngân sách tháng sau,action,SUGGEST_BUDGET
tắt thông báo chi tiêu,action,SET_ALERT
tư vấn hạn mức cho mình,action,SUGGEST
sửa giao dịch cuối thành 1 triệu,action,EDIT
xem report nhà ở 15-06-2026,action,REPORT_INCOME
để dành 1 triệu nha,action,SET_GOAL
xem report mua sắm tuần này,action,REPORT
xóa record cuối giúp mình,action,DELETE_LAST
đổi danh mục sang đi lại,action,UPDATE_RECORD
nhắc mình khi vượt ngân sách,action,SET_ALERT
thống kê chi tiêu hôm qua,action,REPORT_GENERAL
tắt thông báo chi tiêu,action,SET_ALERT
thống kê chi tiêu thứ 6,action,REPORT_COMPARE
gợi ý ngân sách tháng sau,action,SUGGEST
cộng thêm 10 triệu vào hạn mức,action,LIMIT
bật dark mode,action,SETTING
bật dark mode,action,SYSTEM_SETTING
tìm giao dịch đi lại,action,SEARCH_RECORD
đề xuất budget hợp lý đi,action,SUGGEST
kiếm giúp khoản trà sữa,action,SEARCH_RECORD
undo giao dịch cuối,action,DELETE_LAST
tìm giao dịch đi lại,action,SEARCH_RECORD
xóa record cuối giúp mình,action,DELETE
bật dark mode,action,SYSTEM_SETTING
set limit giải trí 1 triệu mỗi tháng,action,LIMIT
set tone dễ thương,action,TONE
xóa giao dịch vừa nhập,action,DELETE_LAST
gợi ý ngân sách tháng sau,action,SUGGEST
xem report giáo dục quý 1 năm nay,action,REPORT
lương của mình là 10 triệu,action,SET_INCOME
check tiền đã xài 01-01-2026 đi,action,REPORT_GENERAL
tắt thông báo chi tiêu,action,SET_ALERT
update record vừa nhập,action,EDIT
thống kê chi tiêu thứ 6,action,REPORT
tạo mục tiêu tiết kiệm 100k,action,SET_GOAL
đặt hạn mức sức khỏe 1 triệu,action,LIMIT
undo giao dịch cuối,action,DELETE_LAST
alert hạn mức cho mua sắm,action,SET_ALERT
đổi giọng sang châm chọc,action,SET_TONE
tìm giao dịch nhà ở,action,SEARCH
set nickname Anh Khang,action,SET_USERNAME
undo giao dịch cuối,action,DELETE
để dành 10 triệu nha,action,GOAL
gọi mình là Mimo Master nhé,action,SET_USERNAME
đổi giọng sang hài hước,action,TONE
tìm record 30 ngày qua,action,SEARCH_RECORD
nói chuyện nghiêm túc hơn đi,action,TONE
cho t xem báo cáo cuối tuần,action,REPORT_COMPARE
giảm limit còn 2 triệu,action,SET_LIMIT
set limit giáo dục 500k mỗi tháng,action,SET_LIMIT
thống kê chi tiêu thứ 6,action,REPORT_COMPARE
xem report ăn uống năm nay,action,REPORT_GENERAL
chỉnh lại ghi chú nha,action,EDIT
nói chuyện nghiêm túc hơn đi,action,TONE
mỗi tháng mình kiếm 10 triệu,action,SET_INCOME
tìm record tháng này,action,SEARCH_RECORD
chuyển style nói chuyện nhé,action,SET_TONE
sửa giao dịch cuối thành 100k,action,UPDATE_RECORD
nói chuyện nghiêm túc hơn đi,action,TONE
để dành 2 triệu nha,action,GOAL
từ giờ gọi t là Bin,action,SET_USERNAME
để dành 5 triệu nha,action,SET_GOAL
set income 1 triệu,action,SET_INCOME
đề xuất budget hợp lý đi,action,SUGGEST
update record vừa nhập,action,UPDATE_RECORD
nói chuyện nghiêm túc hơn đi,action,TONE
tìm giao dịch mua sắm,action,SEARCH_RECORD
xem report nhà ở tuần trước,action,REPORT_INCOME
set nickname Bin,action,SET_USERNAME
set tone dặn dỗi,action,TONE
set tone nghiêm túc,action,TONE
xóa record cuối giúp mình,action,DELETE
hủy hóa đơn mới nhất,action,DELETE
chuyển giao diện sáng,action,SETTING
undo giao dịch cuối,action,DELETE_LAST
cho t xem báo cáo hôm nay,action,REPORT_GENERAL
save goal mua laptop 500k,action,SET_GOAL
check tiền đã xài năm nay đi,action,REPORT_GENERAL
update record vừa nhập,action,UPDATE_RECORD
cộng thêm 500k vào hạn mức,action,SET_LIMIT
tháng tới nên tiêu bao nhiêu,action,SUGGEST
tìm record tháng trước,action,SEARCH_RECORD
tắt chế độ tối,action,SETTING
xóa giao dịch vừa nhập,action,DELETE
tìm giao dịch ăn uống,action,SEARCH_RECORD
set limit đi lại 500k mỗi tháng,action,LIMIT
cộng thêm 1 triệu vào hạn mức,action,SET_LIMIT
bật dark mode,action,SETTING
đổi danh mục sang sức khỏe,action,UPDATE_RECORD
tắt thông báo chi tiêu,action,SET_ALERT
chỉnh lại ghi chú nha,action,EDIT
đề xuất budget hợp lý đi,action,SUGGEST_BUDGET
kiếm giúp khoản trà sữa,action,SEARCH
tháng tới nên tiêu bao nhiêu,action,SUGGEST
save goal mua laptop 500k,action,GOAL
mở cài đặt,action,SETTING
tìm giao dịch giải trí,action,SEARCH
xóa giao dịch vừa nhập,action,DELETE
thu nhập tháng này 50k,action,SET_INCOME
sửa giao dịch cuối thành 5 triệu,action,UPDATE_RECORD
đổi giọng sang dễ thương,action,TONE
đề xuất budget hợp lý đi,action,SUGGEST_BUDGET
chuyển style nói chuyện nhé,action,TONE
xóa giao dịch vừa nhập,action,DELETE_LAST
thống kê chi tiêu hôm qua,action,REPORT
set tone hài hước,action,SET_TONE
tắt thông báo chi tiêu,action,SET_ALERT
cho t xem báo cáo tháng này,action,REPORT_GENERAL
alert hạn mức cho giải trí,action,SET_ALERT
set tone hài hước,action,SET_TONE
xem report giáo dục tuần trước,action,REPORT_COMPARE
save goal mua laptop 1 triệu,action,SET_GOAL
mở cài đặt,action,SETTING
hủy hóa đơn mới nhất,action,DELETE_LAST
thống kê chi tiêu hôm nay,action,REPORT_GENERAL
hủy hóa đơn mới nhất,action,DELETE_LAST
update record vừa nhập,action,UPDATE_RECORD
cho t xem báo cáo 30 ngày qua,action,REPORT
hủy hóa đơn mới nhất,action,DELETE_LAST
giảm limit còn 200k,action,LIMIT
tư vấn hạn mức cho mình,action,SUGGEST
giảm limit còn 5 triệu,action,LIMIT
xóa giao dịch vừa nhập,action,DELETE_LAST
check tiền đã xài cuối tuần đi,action,REPORT_COMPARE
alert hạn mức cho giáo dục,action,SET_ALERT
cộng thêm 2 triệu vào hạn mức,action,SET_LIMIT
nói chuyện hài hước hơn đi,action,TONE
xem report giải trí thứ 3,action,REPORT
tìm record năm ngoái,action,SEARCH_RECORD
gợi ý ngân sách tháng sau,action,SUGGEST_BUDGET
sửa giao dịch cuối thành 2 triệu,action,EDIT
gợi ý ngân sách tháng sau,action,SUGGEST
bật cảnh báo giải trí,action,SET_ALERT
set limit giải trí 50k mỗi tháng,action,LIMIT
save goal mua laptop 2 triệu,action,SET_GOAL
set limit nhà ở 500k mỗi tháng,action,LIMIT
đặt hạn mức mua sắm 50k,action,SET_LIMIT
cho t xem báo cáo 01-01-2026,action,REPORT_GENERAL
search hóa đơn trên 10 triệu,action,SEARCH
tắt thông báo chi tiêu,action,SET_ALERT
mở cài đặt,action,SYSTEM_SETTING
set income 500k,action,SET_INCOME
cho t xem báo cáo tuần này,action,REPORT_COMPARE
cho t xem báo cáo tuần trước,action,REPORT_INCOME
cộng thêm 50k vào hạn mức,action,LIMIT
chuyển style nói chuyện nhé,action,TONE
chuyển style nói chuyện nhé,action,SET_TONE
lương của mình là 5 triệu,action,SET_INCOME
hủy hóa đơn mới nhất,action,DELETE_LAST
set nickname Mimo Master,action,SET_USERNAME
để dành 200k nha,action,GOAL
nói chuyện dặn dỗi hơn đi,action,SET_TONE
nói chuyện hài hước hơn đi,action,TONE
hủy hóa đơn mới nhất,action,DELETE_LAST
tắt chế độ tối,action,SETTING
thống kê chi tiêu tuần trước,action,REPORT_COMPARE
cho t xem báo cáo thứ 3,action,REPORT
tìm record hôm qua,action,SEARCH
check tiền đã xài tháng trước đi,action,REPORT_INCOME
để dành 200k nha,action,SET_GOAL
lương của mình là 1 triệu,action,SET_INCOME
gợi ý ngân sách tháng sau,action,SUGGEST_BUDGET
đề xuất budget hợp lý đi,action,SUGGEST
undo giao dịch cuối,action,DELETE_LAST
nói chuyện nghiêm túc hơn đi,action,TONE
set nickname Anh Khang,action,SET_USERNAME
chỉnh lại ghi chú nha,action,EDIT
set tone nghiêm túc,action,SET_TONE
tạo mục tiêu tiết kiệm 2 triệu,action,SET_GOAL
gợi ý ngân sách tháng sau,action,SUGGEST
mỗi tháng mình kiếm 50k,action,SET_INCOME
cộng thêm 200k vào hạn mức,action,LIMIT
cho t xem báo cáo tuần trước,action,REPORT_INCOME
xem report giáo dục thứ 3,action,REPORT_GENERAL
kiếm giúp khoản trà sữa,action,SEARCH_RECORD
tắt chế độ tối,action,SETTING
cho t xem báo cáo tháng này,action,REPORT_GENERAL
xóa giao dịch vừa nhập,action,DELETE
lương của mình là 5 triệu,action,SET_INCOME
tìm giao dịch mua sắm,action,SEARCH_RECORD
từ giờ gọi t là Anh Khang,action,SET_USERNAME
cho t xem báo cáo 01-01-2026,action,REPORT_GENERAL
search hóa đơn trên 50k,action,SEARCH_RECORD
xem report đi lại 7 ngày qua,action,REPORT
cho t xem báo cáo tuần trước,action,REPORT_GENERAL
đổi tên thành Mimo Master,action,SET_USERNAME
thống kê chi tiêu thứ 2,action,REPORT_GENERAL
đề xuất budget hợp lý đi,action,SUGGEST
undo giao dịch cuối,action,DELETE
hủy hóa đơn mới nhất,action,DELETE
chuyển giao diện sáng,action,SETTING
save goal mua laptop 500k,action,GOAL
xóa record cuối giúp mình,action,DELETE
search hóa đơn trên 500k,action,SEARCH
chuyển giao diện sáng,action,SETTING
tìm giao dịch mua sắm,action,SEARCH
nói chuyện dễ thương hơn đi,action,TONE
search hóa đơn trên 10 triệu,action,SEARCH_RECORD
nói chuyện châm chọc hơn đi,action,SET_TONE
undo giao dịch cuối,action,DELETE
chỉnh lại ghi chú nha,action,EDIT
chỉnh lại ghi chú nha,action,UPDATE_RECORD
cho t xem báo cáo thứ 6,action,REPORT_GENERAL
thu nhập tháng này 10 triệu,action,SET_INCOME
thống kê chi tiêu cuối tuần,action,REPORT
để dành 500k nha,action,GOAL
xóa record cuối giúp mình,action,DELETE
thống kê chi tiêu 15-06-2026,action,REPORT_COMPARE
update record vừa nhập,action,EDIT
kiếm giúp khoản trà sữa,action,SEARCH
undo giao dịch cuối,action,DELETE_LAST
để dành 10 triệu nha,action,GOAL
tắt chế độ tối,action,SYSTEM_SETTING
xem report nhà ở thứ 6,action,REPORT_GENERAL
set tone dễ thương,action,TONE
undo giao dịch cuối,action,DELETE
chỉnh lại ghi chú nha,action,EDIT
save goal mua laptop 2 triệu,action,GOAL
tắt chế độ tối,action,SYSTEM_SETTING
tìm giao dịch nhà ở,action,SEARCH
check tiền đã xài tháng 12 năm ngoái đi,action,REPORT
set tone dễ thương,action,TONE
alert hạn mức cho giải trí,action,SET_ALERT
tạo mục tiêu tiết kiệm 1 triệu,action,GOAL
tạo mục tiêu tiết kiệm 1 triệu,action,GOAL
mục tiêu du lịch 2 triệu trước thứ 3,action,SET_GOAL
save goal mua laptop 2 triệu,action,SET_GOAL
thu nhập tháng này 50k,action,SET_INCOME
update record vừa nhập,action,EDIT
đặt hạn mức giải trí 200k,action,LIMIT
alert hạn mức cho nhà ở,action,SET_ALERT
set nickname Bin,action,SET_USERNAME
save goal mua laptop 10 triệu,action,SET_GOAL
cộng thêm 1 triệu vào hạn mức,action,SET_LIMIT
set income 100k,action,SET_INCOME
thu nhập tháng này 5 triệu,action,SET_INCOME
thống kê chi tiêu tuần này,action,REPORT_GENERAL
thống kê chi tiêu tuần trước,action,REPORT
tháng tới nên tiêu bao nhiêu,action,SUGGEST_BUDGET
xem report giáo dục hôm qua,action,REPORT_GENERAL
chuyển style nói chuyện nhé,action,TONE
mở cài đặt,action,SETTING
chuyển giao diện sáng,action,SETTING
cộng thêm 200k vào hạn mức,action,SET_LIMIT
check tiền đã xài 23-12-2025 đi,action,REPORT_INCOME
xem report ăn uống hôm nay,action,REPORT_GENERAL
cho t xem báo cáo tháng trước,action,REPORT
để dành 5 triệu nha,action,GOAL
undo giao dịch cuối,action,DELETE_LAST
nói chuyện châm chọc hơn đi,action,TONE
lương của mình là 10 triệu,action,SET_INCOME
để dành 10 triệu nha,action,GOAL
set limit mua sắm 500k mỗi tháng,action,SET_LIMIT
xem report sức khỏe 30 ngày qua,action,REPORT_INCOME
alert hạn mức cho sức khỏe,action,SET_ALERT
check tiền đã xài hôm qua đi,action,REPORT_GENERAL
đổi tên thành Bin,action,SET_USERNAME
xóa giao dịch vừa nhập,action,DELETE
check tiền đã xài hôm nay đi,action,REPORT_COMPARE
đặt hạn mức giải trí 10 triệu,action,SET_LIMIT
hủy hóa đơn mới nhất,action,DELETE_LAST
kiếm giúp khoản trà sữa,action,SEARCH_RECORD
chuyển giao diện sáng,action,SETTING
alert hạn mức cho đi lại,action,SET_ALERT
save goal mua laptop 5 triệu,action,GOAL
save goal mua laptop 5 triệu,action,SET_GOAL
tạo mục tiêu tiết kiệm 100k,action,GOAL
tạo mục tiêu tiết kiệm 100k,action,GOAL
set limit ăn uống 200k mỗi tháng,action,LIMIT
xóa giao dịch vừa nhập,action,DELETE
chuyển giao diện sáng,action,SYSTEM_SETTING
tạo mục tiêu tiết kiệm 100k,action,SET_GOAL
tư vấn hạn mức cho mình,action,SUGGEST
xóa record cuối giúp mình,action,DELETE_LAST
save goal mua laptop 500k,action,SET_GOAL
search hóa đơn trên 5 triệu,action,SEARCH
bật dark mode,action,SETTING
update record vừa nhập,action,EDIT
cho t xem báo cáo tháng trước,action,REPORT_GENERAL
save goal mua laptop 100k,action,SET_GOAL
tư vấn hạn mức cho mình,action,SUGGEST
giảm limit còn 10 triệu,action,LIMIT
set limit ăn uống 10 triệu mỗi tháng,action,LIMIT
lương của mình là 10 triệu,action,SET_INCOME
set tone hài hước,action,TONE
gợi ý ngân sách tháng sau,action,SUGGEST_BUDGET
set limit giải trí 500k mỗi tháng,action,LIMIT
kiếm giúp khoản trà sữa,action,SEARCH
cho t xem báo cáo 15-06-2026,action,REPORT_GENERAL
check tiền đã xài 01-01-2026 đi,action,REPORT_COMPARE
alert hạn mức cho ăn uống,action,SET_ALERT
tháng tới nên tiêu bao nhiêu,action,SUGGEST_BUDGET
đổi giọng sang dặn dỗi,action,TONE
gợi ý ngân sách tháng sau,action,SUGGEST_BUDGET
nói chuyện dễ thương hơn đi,action,TONE
set nickname Min,action,SET_USERNAME
thống kê chi tiêu 01-01-2026,action,REPORT_GENERAL
thu nhập tháng này 500k,action,SET_INCOME
save goal mua laptop 1 triệu,action,GOAL
cộng thêm 2 triệu vào hạn mức,action,LIMIT
chuyển giao diện sáng,action,SETTING
cho t xem báo cáo thứ 2,action,REPORT_COMPARE
đề xuất budget hợp lý đi,action,SUGGEST
tắt chế độ tối,action,SYSTEM_SETTING
đổi danh mục sang ăn uống,action,UPDATE_RECORD
tháng tới nên tiêu bao nhiêu,action,SUGGEST_BUDGET
alert hạn mức cho nhà ở,action,SET_ALERT
chỉnh lại ghi chú nha,action,UPDATE_RECORD
xem report nhà ở thứ 6,action,REPORT_GENERAL
xem report sức khỏe 15-06-2026,action,REPORT_GENERAL
bật dark mode,action,SETTING
mở cài đặt,action,SETTING
set tone châm chọc,action,TONE
check tiền đã xài 15-06-2026 đi,action,REPORT
gợi ý ngân sách tháng sau,action,SUGGEST_BUDGET
gợi ý ngân sách tháng sau,action,SUGGEST_BUDGET
set limit giáo dục 2 triệu mỗi tháng,action,SET_LIMIT
giảm limit còn 1 triệu,action,SET_LIMIT
thống kê chi tiêu tháng 12 năm ngoái,action,REPORT_GENERAL
đổi danh mục sang giáo dục,action,UPDATE_RECORD
save goal mua laptop 5 triệu,action,GOAL
đề xuất budget hợp lý đi,action,SUGGEST
save goal mua laptop 100k,action,SET_GOAL
mở cài đặt,action,SYSTEM_SETTING
thu nhập tháng này 5 triệu,action,SET_INCOME
tìm giao dịch giáo dục,action,SEARCH
cộng thêm 500k vào hạn mức,action,SET_LIMIT
check tiền đã xài chủ nhật đi,action,REPORT_GENERAL
mở cài đặt,action,SYSTEM_SETTING
cho t xem báo cáo quý 1 năm nay,action,REPORT
set nickname Khang,action,SET_USERNAME
xem report ăn uống quý 1 năm nay,action,REPORT_COMPARE
xem report nhà ở quý 1 năm nay,action,REPORT_INCOME
check tiền đã xài 30 ngày qua đi,action,REPORT_INCOME
set limit đi lại 1 triệu mỗi tháng,action,SET_LIMIT
mục tiêu du lịch 500k trước hôm nay,action,SET_GOAL
save goal mua laptop 2 triệu,action,GOAL
đổi danh mục sang mua sắm,action,UPDATE_RECORD
chuyển giao diện sáng,action,SETTING
để dành 10 triệu nha,action,GOAL
xem report giáo dục năm ngoái,action,REPORT_INCOME
set nickname Mimo Master,action,SET_USERNAME
gọi mình là Min nhé,action,SET_USERNAME
kiếm giúp khoản trà sữa,action,SEARCH_RECORD
bật cảnh báo nhà ở,action,SET_ALERT
cộng thêm 500k vào hạn mức,action,SET_LIMIT
set tone dễ thương,action,SET_TONE
giảm limit còn 1 triệu,action,SET_LIMIT
đổi danh mục sang ăn uống,action,EDIT
cộng thêm 50k vào hạn mức,action,LIMIT
mục tiêu du lịch 200k trước thứ 6,action,SET_GOAL
mục tiêu du lịch 50k trước tháng 12 năm ngoái,action,GOAL
xóa giao dịch vừa nhập,action,DELETE
undo giao dịch cuối,action,DELETE
cộng thêm 50k vào hạn mức,action,SET_LIMIT
sửa giao dịch cuối thành 100k,action,UPDATE_RECORD
chuyển style nói chuyện nhé,action,SET_TONE
xem report giải trí tuần trước,action,REPORT_GENERAL
gợi ý ngân sách tháng sau,action,SUGGEST_BUDGET
cho t xem báo cáo tuần trước,action,REPORT_GENERAL
tắt thông báo chi tiêu,action,SET_ALERT
xem report mua sắm chủ nhật,action,REPORT_GENERAL
undo giao dịch cuối,action,DELETE_LAST
tìm giao dịch ăn uống,action,SEARCH_RECORD
kiếm giúp khoản trà sữa,action,SEARCH_RECORD
đổi danh mục sang mua sắm,action,UPDATE_RECORD
gợi ý ngân sách tháng sau,action,SUGGEST
cho t xem báo cáo cuối tuần,action,REPORT_COMPARE
cộng thêm 100k vào hạn mức,action,LIMIT
cho t xem báo cáo cuối tuần,action,REPORT
gọi mình là Khang nhé,action,SET_USERNAME
tắt thông báo chi tiêu,action,SET_ALERT
đặt hạn mức đi lại 100k,action,LIMIT
xem report giải trí hôm nay,action,REPORT_INCOME
chỉnh lại ghi chú nha,action,EDIT
thống kê chi tiêu cuối tuần,action,REPORT_COMPARE
set income 200k,action,SET_INCOME
sửa giao dịch cuối thành 5 triệu,action,EDIT
set tone dặn dỗi,action,TONE
thống kê chi tiêu năm ngoái,action,REPORT_GENERAL
đặt hạn mức đi lại 2 triệu,action,LIMIT
check tiền đã xài 30 ngày qua đi,action,REPORT_GENERAL
đổi giọng sang hài hước,action,TONE
cộng thêm 2 triệu vào hạn mức,action,SET_LIMIT
xóa giao dịch vừa nhập,action,DELETE
set tone dặn dỗi,action,SET_TONE
update record vừa nhập,action,EDIT
thống kê chi tiêu tuần trước,action,REPORT_GENERAL
tìm giao dịch giải trí,action,SEARCH
mở cài đặt,action,SETTING
nhắc mình khi vượt ngân sách,action,SET_ALERT
xóa record cuối giúp mình,action,DELETE_LAST
tìm giao dịch nhà ở,action,SEARCH
check tiền đã xài tháng 12 năm ngoái đi,action,REPORT_COMPARE
hủy hóa đơn mới nhất,action,DELETE_LAST
thống kê chi tiêu chủ nhật,action,REPORT_GENERAL
chuyển giao diện sáng,action,SYSTEM_SETTING
kiếm giúp khoản trà sữa,action,SEARCH_RECORD
cộng thêm 5 triệu vào hạn mức,action,LIMIT
update record vừa nhập,action,EDIT
update record vừa nhập,action,UPDATE_RECORD
tạo mục tiêu tiết kiệm 200k,action,SET_GOAL
bật cảnh báo ăn uống,action,SET_ALERT
hủy hóa đơn mới nhất,action,DELETE_LAST
tìm record 23-12-2025,action,SEARCH
tìm giao dịch giáo dục,action,SEARCH_RECORD
cộng thêm 200k vào hạn mức,action,LIMIT
tư vấn hạn mức cho mình,action,SUGGEST
xóa giao dịch vừa nhập,action,DELETE_LAST
mục tiêu du lịch 1 triệu trước tuần này,action,SET_GOAL
sửa giao dịch cuối thành 5 triệu,action,EDIT
tư vấn hạn mức cho mình,action,SUGGEST_BUDGET
check tiền đã xài thứ 3 đi,action,REPORT_COMPARE
chuyển style nói chuyện nhé,action,TONE
cho t xem báo cáo tháng này,action,REPORT_COMPARE
set limit ăn uống 500k mỗi tháng,action,LIMIT
mở cài đặt,action,SYSTEM_SETTING
xóa record cuối giúp mình,action,DELETE
chỉnh lại ghi chú nha,action,EDIT
save goal mua laptop 1 triệu,action,GOAL
nói chuyện hài hước hơn đi,action,SET_TONE
bật cảnh báo ăn uống,action,SET_ALERT
bật dark mode,action,SYSTEM_SETTING
giảm limit còn 50k,action,SET_LIMIT
check tiền đã xài 23-12-2025 đi,action,REPORT_GENERAL
sửa giao dịch cuối thành 50k,action,UPDATE_RECORD
xem report ăn uống tuần này,action,REPORT_COMPARE
sửa giao dịch cuối thành 1 triệu,action,EDIT
tắt chế độ tối,action,SYSTEM_SETTING
mục tiêu du lịch 10 triệu trước năm ngoái,action,GOAL
đổi danh mục sang giải trí,action,UPDATE_RECORD
để dành 5 triệu nha,action,GOAL
đổi giọng sang hài hước,action,TONE
đổi giọng sang hài hước,action,TONE
chỉnh lại ghi chú nha,action,EDIT
check tiền đã xài tháng 12 năm ngoái đi,action,REPORT
xem report giải trí thứ 3,action,REPORT
save goal mua laptop 200k,action,SET_GOAL
tháng tới nên tiêu bao nhiêu,action,SUGGEST
đề xuất budget hợp lý đi,action,SUGGEST
cho t xem báo cáo tháng 12 năm ngoái,action,REPORT_COMPARE
mở cài đặt,action,SETTING
sửa giao dịch cuối thành 2 triệu,action,UPDATE_RECORD
đặt hạn mức giáo dục 200k,action,LIMIT
hủy hóa đơn mới nhất,action,DELETE_LAST
xóa giao dịch vừa nhập,action,DELETE_LAST
đề xuất budget hợp lý đi,action,SUGGEST_BUDGET
để dành 500k nha,action,SET_GOAL
mở cài đặt,action,SYSTEM_SETTING
tạo mục tiêu tiết kiệm 50k,action,GOAL
đặt hạn mức sức khỏe 10 triệu,action,SET_LIMIT
alert hạn mức cho ăn uống,action,SET_ALERT
xóa record cuối giúp mình,action,DELETE_LAST
undo giao dịch cuối,action,DELETE
chuyển giao diện sáng,action,SETTING
kiếm giúp khoản trà sữa,action,SEARCH
đặt hạn mức đi lại 100k,action,LIMIT
search hóa đơn trên 2 triệu,action,SEARCH_RECORD
tháng tới nên tiêu bao nhiêu,action,SUGGEST_BUDGET
mở cài đặt,action,SYSTEM_SETTING
nhắc mình khi vượt ngân sách,action,SET_ALERT
đổi giọng sang châm chọc,action,TONE
xóa record cuối giúp mình,action,DELETE
set income 500k,action,SET_INCOME
từ giờ gọi t là Bin,action,SET_USERNAME
undo giao dịch cuối,action,DELETE_LAST
cho t xem báo cáo hôm qua,action,REPORT_COMPARE
chuyển style nói chuyện nhé,action,SET_TONE
search hóa đơn trên 500k,action,SEARCH_RECORD
xóa record cuối giúp mình,action,DELETE
check tiền đã xài 15-06-2026 đi,action,REPORT_INCOME
mở cài đặt,action,SETTING
thống kê chi tiêu 30 ngày qua,action,REPORT
xem report đi lại thứ 6,action,REPORT_COMPARE
save goal mua laptop 500k,action,GOAL
nói chuyện châm chọc hơn đi,action,SET_TONE
bật dark mode,action,SYSTEM_SETTING
check tiền đã xài tháng này đi,action,REPORT
xem report giáo dục 15-06-2026,action,REPORT_INCOME
đặt hạn mức giáo dục 50k,action,SET_LIMIT
alert hạn mức cho sức khỏe,action,SET_ALERT
từ giờ gọi t là Boss,action,SET_USERNAME
set tone châm chọc,action,SET_TONE
chuyển style nói chuyện nhé,action,SET_TONE
save goal mua laptop 10 triệu,action,SET_GOAL
tháng tới nên tiêu bao nhiêu,action,SUGGEST
save goal mua laptop 5 triệu,action,SET_GOAL
đặt hạn mức mua sắm 500k,action,LIMIT
cho t xem báo cáo chủ nhật,action,REPORT_GENERAL
mục tiêu du lịch 1 triệu trước 7 ngày qua,action,GOAL
thống kê chi tiêu 23-12-2025,action,REPORT_GENERAL
tạo mục tiêu tiết kiệm 2 triệu,action,SET_GOAL
save goal mua laptop 2 triệu,action,GOAL
chuyển giao diện sáng,action,SETTING
xem report giải trí 30 ngày qua,action,REPORT
tìm record 7 ngày qua,action,SEARCH_RECORD
chỉnh lại ghi chú nha,action,UPDATE_RECORD
cho t xem báo cáo tuần trước,action,REPORT_INCOME
để dành 200k nha,action,GOAL
gọi mình là Mimo Master nhé,action,SET_USERNAME
set limit giải trí 50k mỗi tháng,action,LIMIT
tìm giao dịch sức khỏe,action,SEARCH_RECORD
thống kê chi tiêu chủ nhật,action,REPORT_INCOME
cho t xem báo cáo cuối tuần,action,REPORT_COMPARE
save goal mua laptop 10 triệu,action,GOAL
bật dark mode,action,SYSTEM_SETTING
cộng thêm 50k vào hạn mức,action,SET_LIMIT
tư vấn hạn mức cho mình,action,SUGGEST
thống kê chi tiêu chủ nhật,action,REPORT_GENERAL
update record vừa nhập,action,UPDATE_RECORD
cho t xem báo cáo tháng 12 năm ngoái,action,REPORT_GENERAL
set nickname Anh Khang,action,SET_USERNAME
chuyển style nói chuyện nhé,action,SET_TONE
để dành 10 triệu nha,action,GOAL
check tiền đã xài hôm nay đi,action,REPORT_INCOME
tìm record 15-06-2026,action,SEARCH_RECORD
gọi mình là Boss nhé,action,SET_USERNAME
kiếm giúp khoản trà sữa,action,SEARCH
gọi mình là Anh Khang nhé,action,SET_USERNAME
tháng tới nên tiêu bao nhiêu,action,SUGGEST_BUDGET
tư vấn hạn mức cho mình,action,SUGGEST_BUDGET
cộng thêm 1 triệu vào hạn mức,action,LIMIT
thống kê chi tiêu quý 1 năm nay,action,REPORT_GENERAL
hủy hóa đơn mới nhất,action,DELETE
set income 200k,action,SET_INCOME
cộng thêm 2 triệu vào hạn mức,action,SET_LIMIT
hủy hóa đơn mới nhất,action,DELETE
undo giao dịch cuối,action,DELETE_LAST
bật cảnh báo mua sắm,action,SET_ALERT
xem report sức khỏe thứ 3,action,REPORT_INCOME
tạo mục tiêu tiết kiệm 50k,action,SET_GOAL
set nickname Boss,action,SET_USERNAME
check tiền đã xài 7 ngày qua đi,action,REPORT_COMPARE
đặt hạn mức ăn uống 1 triệu,action,SET_LIMIT
thu nhập tháng này 5 triệu,action,SET_INCOME
tháng tới nên tiêu bao nhiêu,action,SUGGEST
từ giờ gọi t là Bin,action,SET_USERNAME
nói chuyện dễ thương hơn đi,action,TONE
lương của mình là 50k,action,SET_INCOME
mở cài đặt,action,SETTING
đề xuất budget hợp lý đi,action,SUGGEST
thống kê chi tiêu thứ 6,action,REPORT_GENERAL
tìm giao dịch sức khỏe,action,SEARCH
gọi mình là Khang nhé,action,SET_USERNAME
bật dark mode,action,SYSTEM_SETTING
mở cài đặt,action,SYSTEM_SETTING
chuyển style nói chuyện nhé,action,TONE
check tiền đã xài cuối tuần đi,action,REPORT_INCOME
thống kê chi tiêu năm nay,action,REPORT_GENERAL
cho t xem báo cáo 15-06-2026,action,REPORT_GENERAL
xóa giao dịch vừa nhập,action,DELETE
tìm giao dịch nhà ở,action,SEARCH_RECORD
save goal mua laptop 500k,action,SET_GOAL
để dành 100k nha,action,GOAL
sửa giao dịch cuối thành 10 triệu,action,UPDATE_RECORD
xem report ăn uống quý 1 năm nay,action,REPORT
check tiền đã xài thứ 6 đi,action,REPORT
xóa record cuối giúp mình,action,DELETE_LAST
set tone nghiêm túc,action,SET_TONE
tạo mục tiêu tiết kiệm 10 triệu,action,SET_GOAL
tạo mục tiêu tiết kiệm 10 triệu,action,SET_GOAL
đổi tên thành Boss,action,SET_USERNAME
set tone dễ thương,action,TONE
cộng thêm 2 triệu vào hạn mức,action,LIMIT
cho t xem báo cáo chủ nhật,action,REPORT_INCOME
xóa giao dịch vừa nhập,action,DELETE_LAST
thu nhập tháng này 5 triệu,action,SET_INCOME
đặt hạn mức sức khỏe 2 triệu,action,SET_LIMIT
gợi ý ngân sách tháng sau,action,SUGGEST_BUDGET
tháng tới nên tiêu bao nhiêu,action,SUGGEST_BUDGET
mục tiêu du lịch 100k trước tháng trước,action,GOAL
mục tiêu du lịch 1 triệu trước năm ngoái,action,GOAL
kiếm giúp khoản trà sữa,action,SEARCH
search hóa đơn trên 200k,action,SEARCH
sửa giao dịch cuối thành 500k,action,UPDATE_RECORD
search hóa đơn trên 1 triệu,action,SEARCH
check tiền đã xài thứ 6 đi,action,REPORT
check tiền đã xài thứ 2 đi,action,REPORT
set tone hài hước,action,SET_TONE
update record vừa nhập,action,UPDATE_RECORD
để dành 10 triệu nha,action,SET_GOAL
nói chuyện dặn dỗi hơn đi,action,SET_TONE
check tiền đã xài hôm nay đi,action,REPORT_COMPARE
cộng thêm 10 triệu vào hạn mức,action,SET_LIMIT
alert hạn mức cho giáo dục,action,SET_ALERT
xóa giao dịch vừa nhập,action,DELETE_LAST
save goal mua laptop 50k,action,GOAL
cộng thêm 1 triệu vào hạn mức,action,LIMIT
tháng tới nên tiêu bao nhiêu,action,SUGGEST
để dành 200k nha,action,GOAL
save goal mua laptop 2 triệu,action,SET_GOAL
đổi giọng sang dặn dỗi,action,TONE
gọi mình là Khang nhé,action,SET_USERNAME
set tone châm chọc,action,SET_TONE
xem report giáo dục 30 ngày qua,action,REPORT_GENERAL
xóa record cuối giúp mình,action,DELETE_LAST
đổi tên thành Mimo Master,action,SET_USERNAME
cho t xem báo cáo 30 ngày qua,action,REPORT_GENERAL
gợi ý ngân sách tháng sau,action,SUGGEST_BUDGET
chỉnh lại ghi chú nha,action,UPDATE_RECORD
tìm giao dịch sức khỏe,action,SEARCH_RECORD
xem report giải trí năm nay,action,REPORT_GENERAL
thống kê chi tiêu cuối tuần,action,REPORT_GENERAL
thống kê chi tiêu 15-06-2026,action,REPORT_GENERAL
search hóa đơn trên 2 triệu,action,SEARCH_RECORD
cộng thêm 500k vào hạn mức,action,LIMIT
bật dark mode,action,SYSTEM_SETTING
tắt chế độ tối,action,SYSTEM_SETTING
thống kê chi tiêu thứ 6,action,REPORT_COMPARE
bật cảnh báo nhà ở,action,SET_ALERT
đổi giọng sang dặn dỗi,action,TONE
hủy hóa đơn mới nhất,action,DELETE_LAST
check tiền đã xài tháng này đi,action,REPORT_GENERAL
sửa giao dịch cuối thành 100k,action,UPDATE_RECORD
search hóa đơn trên 100k,action,SEARCH
set limit ăn uống 1 triệu mỗi tháng,action,LIMIT
sửa giao dịch cuối thành 5 triệu,action,UPDATE_RECORD
chỉnh lại ghi chú nha,action,EDIT
chuyển style nói chuyện nhé,action,TONE
cộng thêm 10 triệu vào hạn mức,action,LIMIT
thống kê chi tiêu chủ nhật,action,REPORT_COMPARE
cho t xem báo cáo thứ 3,action,REPORT_GENERAL
tắt chế độ tối,action,SYSTEM_SETTING
đổi danh mục sang sức khỏe,action,UPDATE_RECORD
gọi mình là Khang nhé,action,SET_USERNAME
set tone châm chọc,action,SET_TONE
xóa record cuối giúp mình,action,DELETE_LAST
xóa record cuối giúp mình,action,DELETE_LAST
update record vừa nhập,action,UPDATE_RECORD
thống kê chi tiêu thứ 2,action,REPORT
chuyển giao diện sáng,action,SYSTEM_SETTING
tắt chế độ tối,action,SETTING
cho t xem báo cáo 01-01-2026,action,REPORT_GENERAL
cộng thêm 1 triệu vào hạn mức,action,LIMIT
cho t xem báo cáo tuần trước,action,REPORT_COMPARE
thống kê chi tiêu thứ 3,action,REPORT_COMPARE
đặt hạn mức ăn uống 50k,action,SET_LIMIT
giảm limit còn 100k,action,SET_LIMIT
set limit giải trí 50k mỗi tháng,action,SET_LIMIT
check tiền đã xài thứ 3 đi,action,REPORT_INCOME
check tiền đã xài 15-06-2026 đi,action,REPORT
giảm limit còn 100k,action,SET_LIMIT
tháng tới nên tiêu bao nhiêu,action,SUGGEST_BUDGET
check tiền đã xài tháng trước đi,action,REPORT_GENERAL
xem report nhà ở tuần này,action,REPORT_COMPARE
tìm record cuối tuần,action,SEARCH_RECORD
bật cảnh báo ăn uống,action,SET_ALERT
tắt chế độ tối,action,SETTING
xem report nhà ở thứ 6,action,REPORT_GENERAL
đổi tên thành Bin,action,SET_USERNAME
đặt hạn mức nhà ở 50k,action,LIMIT
mở cài đặt,action,SYSTEM_SETTING
check tiền đã xài thứ 6 đi,action,REPORT_GENERAL
cho t xem báo cáo 7 ngày qua,action,REPORT_INCOME
hủy hóa đơn mới nhất,action,DELETE_LAST
thống kê chi tiêu quý 1 năm nay,action,REPORT_GENERAL
xem report nhà ở 15-06-2026,action,REPORT_INCOME
sửa giao dịch cuối thành 100k,action,EDIT
xem report sức khỏe năm ngoái,action,REPORT_GENERAL
save goal mua laptop 200k,action,SET_GOAL
tháng tới nên tiêu bao nhiêu,action,SUGGEST_BUDGET
thống kê chi tiêu 7 ngày qua,action,REPORT_GENERAL
để dành 500k nha,action,GOAL
chuyển style nói chuyện nhé,action,SET_TONE
kiếm giúp khoản trà sữa,action,SEARCH
mỗi tháng mình kiếm 500k,action,SET_INCOME
chỉnh lại ghi chú nha,action,UPDATE_RECORD
thống kê chi tiêu thứ 2,action,REPORT_GENERAL
bật cảnh báo giáo dục,action,SET_ALERT
để dành 2 triệu nha,action,GOAL
đổi tên thành Anh Khang,action,SET_USERNAME
thống kê chi tiêu 15-06-2026,action,REPORT_GENERAL
set income 500k,action,SET_INCOME
đề xuất budget hợp lý đi,action,SUGGEST_BUDGET
tư vấn hạn mức cho mình,action,SUGGEST_BUDGET
alert hạn mức cho giáo dục,action,SET_ALERT
tắt thông báo chi tiêu,action,SET_ALERT
đổi giọng sang châm chọc,action,SET_TONE
update record vừa nhập,action,EDIT
set tone dễ thương,action,SET_TONE
search hóa đơn trên 10 triệu,action,SEARCH_RECORD
bật dark mode,action,SYSTEM_SETTING
để dành 200k nha,action,SET_GOAL
xóa giao dịch vừa nhập,action,DELETE
gợi ý ngân sách tháng sau,action,SUGGEST
bật cảnh báo sức khỏe,action,SET_ALERT
tạo mục tiêu tiết kiệm 2 triệu,action,GOAL
cho t xem báo cáo 23-12-2025,action,REPORT_GENERAL
search hóa đơn trên 500k,action,SEARCH
mỗi tháng mình kiếm 5 triệu,action,SET_INCOME
check tiền đã xài tháng này đi,action,REPORT_COMPARE
tạo mục tiêu tiết kiệm 500k,action,GOAL
xóa giao dịch vừa nhập,action,DELETE
mục tiêu du lịch 200k trước thứ 2,action,SET_GOAL
mục tiêu du lịch 500k trước tháng này,action,GOAL
check tiền đã xài năm ngoái đi,action,REPORT_GENERAL
tháng tới nên tiêu bao nhiêu,action,SUGGEST
lương của mình là 1 triệu,action,SET_INCOME
undo giao dịch cuối,action,DELETE
chỉnh lại ghi chú nha,action,EDIT
đặt hạn mức sức khỏe 50k,action,SET_LIMIT
xóa giao dịch vừa nhập,action,DELETE
alert hạn mức cho ăn uống,action,SET_ALERT
check tiền đã xài chủ nhật đi,action,REPORT
để dành 5 triệu nha,action,SET_GOAL
search hóa đơn trên 200k,action,SEARCH_RECORD
xem report đi lại chủ nhật,action,REPORT_GENERAL
đặt hạn mức sức khỏe 2 triệu,action,SET_LIMIT
tìm record tháng trước,action,SEARCH
đặt hạn mức đi lại 1 triệu,action,SET_LIMIT
hủy hóa đơn mới nhất,action,DELETE_LAST
xem report nhà ở tuần trước,action,REPORT_GENERAL
save goal mua laptop 100k,action,SET_GOAL
mục tiêu du lịch 500k trước thứ 3,action,SET_GOAL
kiếm giúp khoản trà sữa,action,SEARCH
xem report giáo dục tuần trước,action,REPORT_INCOME
xóa giao dịch vừa nhập,action,DELETE
đề xuất budget hợp lý đi,action,SUGGEST
undo giao dịch cuối,action,DELETE_LAST
check tiền đã xài thứ 6 đi,action,REPORT
set tone dễ thương,action,SET_TONE
cho t xem báo cáo tháng này,action,REPORT_GENERAL
thống kê chi tiêu 30 ngày qua,action,REPORT_GENERAL
set income 50k,action,SET_INCOME
set income 100k,action,SET_INCOME
kiếm giúp khoản trà sữa,action,SEARCH
update record vừa nhập,action,UPDATE_RECORD
xem report sức khỏe tuần trước,action,REPORT_INCOME
search hóa đơn trên 2 triệu,action,SEARCH_RECORD
xóa record cuối giúp mình,action,DELETE
cho t xem báo cáo thứ 2,action,REPORT_COMPARE
bật dark mode,action,SETTING
xem report ăn uống thứ 6,action,REPORT_GENERAL
gọi mình là Min nhé,action,SET_USERNAME
đổi giọng sang châm chọc,action,SET_TONE
tìm giao dịch nhà ở,action,SEARCH
mục tiêu du lịch 2 triệu trước thứ 6,action,GOAL
mở cài đặt,action,SETTING
xem report nhà ở năm ngoái,action,REPORT_COMPARE
tạo mục tiêu tiết kiệm 1 triệu,action,GOAL
thu nhập tháng này 50k,action,SET_INCOME
mục tiêu du lịch 50k trước 01-01-2026,action,SET_GOAL
set limit ăn uống 1 triệu mỗi tháng,action,LIMIT
check tiền đã xài tuần này đi,action,REPORT_COMPARE
hủy hóa đơn mới nhất,action,DELETE
đổi giọng sang dễ thương,action,SET_TONE
từ giờ gọi t là Mimo Master,action,SET_USERNAME
tư vấn hạn mức cho mình,action,SUGGEST_BUDGET
thống kê chi tiêu năm nay,action,REPORT_GENERAL
kiếm giúp khoản trà sữa,action,SEARCH
mở cài đặt,action,SYSTEM_SETTING
thống kê chi tiêu năm ngoái,action,REPORT_GENERAL
xóa giao dịch vừa nhập,action,DELETE
set limit nhà ở 5 triệu mỗi tháng,action,LIMIT
gọi mình là Min nhé,action,SET_USERNAME
đổi tên thành Khang,action,SET_USERNAME
undo giao dịch cuối,action,DELETE
nói chuyện hài hước hơn đi,action,SET_TONE
thống kê chi tiêu chủ nhật,action,REPORT_GENERAL
cho t xem báo cáo năm ngoái,action,REPORT_INCOME
đổi danh mục sang sức khỏe,action,EDIT
cho t xem báo cáo 30 ngày qua,action,REPORT_GENERAL
tìm record quý 1 năm nay,action,SEARCH
kiếm giúp khoản trà sữa,action,SEARCH
đổi giọng sang hài hước,action,TONE
đổi danh mục sang giải trí,action,EDIT
đổi danh mục sang giải trí,action,EDIT
tìm giao dịch mua sắm,action,SEARCH
tắt chế độ tối,action,SYSTEM_SETTING
set limit ăn uống 200k mỗi tháng,action,LIMIT
mở cài đặt,action,SYSTEM_SETTING
tắt chế độ tối,action,SETTING
xóa giao dịch vừa nhập,action,DELETE_LAST
chuyển giao diện sáng,action,SYSTEM_SETTING
undo giao dịch cuối,action,DELETE_LAST
tìm record thứ 3,action,SEARCH
xóa giao dịch vừa nhập,action,DELETE
xem report đi lại 7 ngày qua,action,REPORT_INCOME
update record vừa nhập,action,EDIT
alert hạn mức cho giải trí,action,SET_ALERT
đổi giọng sang châm chọc,action,TONE
cộng thêm 50k vào hạn mức,action,LIMIT
set nickname Mimo Master,action,SET_USERNAME
search hóa đơn trên 1 triệu,action,SEARCH_RECORD
alert hạn mức cho đi lại,action,SET_ALERT
đổi giọng sang dễ thương,action,SET_TONE
gợi ý ngân sách tháng sau,action,SUGGEST_BUDGET
search hóa đơn trên 50k,action,SEARCH_RECORD
set tone hài hước,action,SET_TONE
set limit giải trí 10 triệu mỗi tháng,action,LIMIT
xem report sức khỏe hôm nay,action,REPORT_GENERAL
từ giờ gọi t là Mimo Master,action,SET_USERNAME
chuyển giao diện sáng,action,SETTING
gợi ý ngân sách tháng sau,action,SUGGEST_BUDGET
set income 1 triệu,action,SET_INCOME
thống kê chi tiêu thứ 2,action,REPORT
mở cài đặt,action,SETTING
sửa giao dịch cuối thành 50k,action,UPDATE_RECORD
đổi danh mục sang ăn uống,action,EDIT
đặt hạn mức giải trí 2 triệu,action,LIMIT
hủy hóa đơn mới nhất,action,DELETE_LAST
nói chuyện dặn dỗi hơn đi,action,SET_TONE
chuyển giao diện sáng,action,SYSTEM_SETTING
cộng thêm 500k vào hạn mức,action,LIMIT
đặt hạn mức giải trí 5 triệu,action,LIMIT
kiếm giúp khoản trà sữa,action,SEARCH_RECORD
thống kê chi tiêu cuối tuần,action,REPORT_COMPARE
tắt chế độ tối,action,SETTING
tìm giao dịch mua sắm,action,SEARCH_RECORD
update record vừa nhập,action,EDIT
undo giao dịch cuối,action,DELETE
update record vừa nhập,action,UPDATE_RECORD
update record vừa nhập,action,EDIT
check tiền đã xài thứ 6 đi,action,REPORT
xem report giải trí 7 ngày qua,action,REPORT_INCOME
undo giao dịch cuối,action,DELETE
đặt hạn mức ăn uống 5 triệu,action,SET_LIMIT
chỉnh lại ghi chú nha,action,EDIT
sửa giao dịch cuối thành 500k,action,EDIT
undo giao dịch cuối,action,DELETE_LAST
nhắc mình khi vượt ngân sách,action,SET_ALERT
chuyển giao diện sáng,action,SETTING
chỉnh lại ghi chú nha,action,UPDATE_RECORD
đổi giọng sang hài hước,action,TONE
gợi ý ngân sách tháng sau,action,SUGGEST_BUDGET
đổi tên thành Min,action,SET_USERNAME
bật dark mode,action,SETTING
mở cài đặt,action,SYSTEM_SETTING
update record vừa nhập,action,EDIT
tìm giao dịch giáo dục,action,SEARCH
cộng thêm 500k vào hạn mức,action,SET_LIMIT
xóa record cuối giúp mình,action,DELETE
xem report sức khỏe năm nay,action,REPORT
thống kê chi tiêu thứ 3,action,REPORT_COMPARE
xóa record cuối giúp mình,action,DELETE
set income 50k,action,SET_INCOME
tư vấn hạn mức cho mình,action,SUGGEST
mục tiêu du lịch 1 triệu trước 15-06-2026,action,SET_GOAL
nhắc mình khi vượt ngân sách,action,SET_ALERT
alert hạn mức cho đi lại,action,SET_ALERT
để dành 50k nha,action,SET_GOAL
tắt chế độ tối,action,SETTING
xóa giao dịch vừa nhập,action,DELETE_LAST
check tiền đã xài chủ nhật đi,action,REPORT_GENERAL
thống kê chi tiêu cuối tuần,action,REPORT_COMPARE
update record vừa nhập,action,UPDATE_RECORD
undo giao dịch cuối,action,DELETE_LAST
bật dark mode,action,SETTING
check tiền đã xài tháng này đi,action,REPORT_COMPARE
xóa giao dịch vừa nhập,action,DELETE
xem report đi lại chủ nhật,action,REPORT_COMPARE
tư vấn hạn mức cho mình,action,SUGGEST_BUDGET
set nickname Khang,action,SET_USERNAME
check tiền đã xài tháng này đi,action,REPORT_GENERAL
đề xuất budget hợp lý đi,action,SUGGEST
save goal mua laptop 500k,action,GOAL
xóa giao dịch vừa nhập,action,DELETE
gợi ý ngân sách tháng sau,action,SUGGEST
cộng thêm 200k vào hạn mức,action,LIMIT
tắt chế độ tối,action,SETTING
tìm giao dịch đi lại,action,SEARCH
sửa giao dịch cuối thành 50k,action,EDIT
mục tiêu du lịch 5 triệu trước thứ 3,action,GOAL
cho t xem báo cáo 7 ngày qua,action,REPORT_GENERAL
tạo mục tiêu tiết kiệm 50k,action,GOAL
mục tiêu du lịch 1 triệu trước năm ngoái,action,SET_GOAL
giảm limit còn 100k,action,LIMIT
gợi ý ngân sách tháng sau,action,SUGGEST_BUDGET
chỉnh lại ghi chú nha,action,UPDATE_RECORD
set tone dặn dỗi,action,TONE
search hóa đơn trên 50k,action,SEARCH
lương của mình là 5 triệu,action,SET_INCOME
để dành 50k nha,action,GOAL
để dành 200k nha,action,SET_GOAL
undo giao dịch cuối,action,DELETE
cho t xem báo cáo hôm nay,action,REPORT_COMPARE
mở cài đặt,action,SYSTEM_SETTING
mục tiêu du lịch 1 triệu trước 23-12-2025,action,GOAL
nói chuyện nghiêm túc hơn đi,action,TONE
xóa giao dịch vừa nhập,action,DELETE
thống kê chi tiêu tuần trước,action,REPORT_COMPARE
check tiền đã xài thứ 2 đi,action,REPORT_GENERAL
cộng thêm 100k vào hạn mức,action,LIMIT
tìm record tháng 12 năm ngoái,action,SEARCH
set limit nhà ở 5 triệu mỗi tháng,action,SET_LIMIT
thống kê chi tiêu tháng này,action,REPORT_GENERAL
kiếm giúp khoản trà sữa,action,SEARCH_RECORD
để dành 50k nha,action,GOAL
tắt thông báo chi tiêu,action,SET_ALERT
set tone dặn dỗi,action,TONE
mục tiêu du lịch 500k trước tháng 12 năm ngoái,action,SET_GOAL
set limit nhà ở 10 triệu mỗi tháng,action,LIMIT
chuyển style nói chuyện nhé,action,SET_TONE
cho t xem báo cáo 01-01-2026,action,REPORT_COMPARE
tắt chế độ tối,action,SYSTEM_SETTING
cho t xem báo cáo tháng 12 năm ngoái,action,REPORT_GENERAL
search hóa đơn trên 200k,action,SEARCH
save goal mua laptop 500k,action,SET_GOAL
kiếm giúp khoản trà sữa,action,SEARCH_RECORD
đổi danh mục sang nhà ở,action,EDIT
tư vấn hạn mức cho mình,action,SUGGEST
cho t xem báo cáo 15-06-2026,action,REPORT_COMPARE
hủy hóa đơn mới nhất,action,DELETE_LAST
cộng thêm 500k vào hạn mức,action,SET_LIMIT
bật dark mode,action,SETTING
lương của mình là 100k,action,SET_INCOME
hủy hóa đơn mới nhất,action,DELETE
tắt chế độ tối,action,SYSTEM_SETTING
thống kê chi tiêu chủ nhật,action,REPORT_INCOME
tư vấn hạn mức cho mình,action,SUGGEST
xem report mua sắm thứ 6,action,REPORT_GENERAL
gợi ý ngân sách tháng sau,action,SUGGEST
tư vấn hạn mức cho mình,action,SUGGEST_BUDGET
hủy hóa đơn mới nhất,action,DELETE
cộng thêm 500k vào hạn mức,action,SET_LIMIT
xóa record cuối giúp mình,action,DELETE_LAST
tắt thông báo chi tiêu,action,SET_ALERT
đặt hạn mức ăn uống 200k,action,SET_LIMIT
xem report ăn uống chủ nhật,action,REPORT
kiếm giúp khoản trà sữa,action,SEARCH_RECORD
update record vừa nhập,action,UPDATE_RECORD
chuyển style nói chuyện nhé,action,TONE
kiếm giúp khoản trà sữa,action,SEARCH
update record vừa nhập,action,EDIT
xem report mua sắm tuần trước,action,REPORT_GENERAL
cho t xem báo cáo tháng này,action,REPORT_INCOME
đề xuất budget hợp lý đi,action,SUGGEST_BUDGET
tháng tới nên tiêu bao nhiêu,action,SUGGEST_BUDGET
đặt hạn mức đi lại 200k,action,LIMIT
save goal mua laptop 500k,action,GOAL
search hóa đơn trên 5 triệu,action,SEARCH_RECORD
xóa record cuối giúp mình,action,DELETE
tìm giao dịch giáo dục,action,SEARCH_RECORD
thu nhập tháng này 500k,action,SET_INCOME
set nickname Khang,action,SET_USERNAME
mở cài đặt,action,SETTING
xem report đi lại tuần trước,action,REPORT_INCOME
nhắc mình khi vượt ngân sách,action,SET_ALERT
gợi ý ngân sách tháng sau,action,SUGGEST_BUDGET
đề xuất budget hợp lý đi,action,SUGGEST
set income 500k,action,SET_INCOME
đề xuất budget hợp lý đi,action,SUGGEST_BUDGET
mục tiêu du lịch 5 triệu trước tuần trước,action,SET_GOAL
đề xuất budget hợp lý đi,action,SUGGEST_BUDGET
đổi danh mục sang nhà ở,action,UPDATE_RECORD
mở cài đặt,action,SETTING
mở cài đặt,action,SETTING
search hóa đơn trên 500k,action,SEARCH_RECORD
tư vấn hạn mức cho mình,action,SUGGEST
mở cài đặt,action,SETTING
tháng tới nên tiêu bao nhiêu,action,SUGGEST_BUDGET
check tiền đã xài tháng trước đi,action,REPORT_GENERAL
bật dark mode,action,SYSTEM_SETTING
undo giao dịch cuối,action,DELETE_LAST
nói chuyện dễ thương hơn đi,action,TONE
đổi tên thành Min,action,SET_USERNAME
nói chuyện nghiêm túc hơn đi,action,TONE
xóa giao dịch vừa nhập,action,DELETE_LAST
xóa giao dịch vừa nhập,action,DELETE_LAST
tư vấn hạn mức cho mình,action,SUGGEST_BUDGET
tìm record tháng này,action,SEARCH
mở cài đặt,action,SYSTEM_SETTING
đề xuất budget hợp lý đi,action,SUGGEST_BUDGET
tìm giao dịch sức khỏe,action,SEARCH_RECORD
đổi danh mục sang ăn uống,action,EDIT
tìm record tuần này,action,SEARCH_RECORD
mỗi tháng mình kiếm 2 triệu,action,SET_INCOME
tạo mục tiêu tiết kiệm 500k,action,SET_GOAL
giảm limit còn 5 triệu,action,LIMIT
tạo mục tiêu tiết kiệm 10 triệu,action,SET_GOAL
đổi danh mục sang giáo dục,action,EDIT
thống kê chi tiêu hôm nay,action,REPORT_COMPARE
mở cài đặt,action,SETTING
search hóa đơn trên 2 triệu,action,SEARCH_RECORD
set limit đi lại 200k mỗi tháng,action,SET_LIMIT
xem report giáo dục 30 ngày qua,action,REPORT_INCOME
đề xuất budget hợp lý đi,action,SUGGEST
set limit đi lại 1 triệu mỗi tháng,action,SET_LIMIT
giảm limit còn 500k,action,SET_LIMIT
thống kê chi tiêu tháng này,action,REPORT
để dành 5 triệu nha,action,GOAL
bật dark mode,action,SYSTEM_SETTING
xóa giao dịch vừa nhập,action,DELETE_LAST
update record vừa nhập,action,UPDATE_RECORD
sửa giao dịch cuối thành 10 triệu,action,EDIT
bật cảnh báo mua sắm,action,SET_ALERT
mỗi tháng mình kiếm 1 triệu,action,SET_INCOME
xóa giao dịch vừa nhập,action,DELETE
xóa record cuối giúp mình,action,DELETE
cộng thêm 100k vào hạn mức,action,LIMIT
đổi danh mục sang nhà ở,action,UPDATE_RECORD
undo giao dịch cuối,action,DELETE
tắt thông báo chi tiêu,action,SET_ALERT
check tiền đã xài 01-01-2026 đi,action,REPORT
mở cài đặt,action,SETTING
update record vừa nhập,action,EDIT
tháng tới nên tiêu bao nhiêu,action,SUGGEST_BUDGET
cho t xem báo cáo tuần này,action,REPORT_INCOME
cộng thêm 50k vào hạn mức,action,LIMIT
thống kê chi tiêu 30 ngày qua,action,REPORT_INCOME
chuyển style nói chuyện nhé,action,SET_TONE
tạo mục tiêu tiết kiệm 1 triệu,action,SET_GOAL
bật dark mode,action,SYSTEM_SETTING
tắt chế độ tối,action,SETTING
check tiền đã xài tuần này đi,action,REPORT_INCOME
mỗi tháng mình kiếm 50k,action,SET_INCOME
chuyển style nói chuyện nhé,action,SET_TONE
kiếm giúp khoản trà sữa,action,SEARCH_RECORD
tìm record tháng này,action,SEARCH
kiếm giúp khoản trà sữa,action,SEARCH
tư vấn hạn mức cho mình,action,SUGGEST
set nickname Mimo Master,action,SET_USERNAME
update record vừa nhập,action,EDIT
đổi tên thành Boss,action,SET_USERNAME
set limit nhà ở 1 triệu mỗi tháng,action,SET_LIMIT
sửa giao dịch cuối thành 50k,action,EDIT
xem report ăn uống thứ 6,action,REPORT
thống kê chi tiêu 01-01-2026,action,REPORT_COMPARE
nhắc mình khi vượt ngân sách,action,SET_ALERT
search hóa đơn trên 1 triệu,action,SEARCH
nói chuyện dặn dỗi hơn đi,action,SET_TONE
thống kê chi tiêu hôm nay,action,REPORT_COMPARE
đặt hạn mức ăn uống 500k,action,SET_LIMIT
thống kê chi tiêu năm ngoái,action,REPORT
thống kê chi tiêu cuối tuần,action,REPORT_GENERAL
gợi ý ngân sách tháng sau,action,SUGGEST_BUDGET
tìm giao dịch đi lại,action,SEARCH
đổi giọng sang dễ thương,action,TONE
mục tiêu du lịch 5 triệu trước chủ nhật,action,SET_GOAL
thống kê chi tiêu thứ 2,action,REPORT_COMPARE
đặt hạn mức nhà ở 100k,action,LIMIT
set tone dễ thương,action,TONE
thống kê chi tiêu quý 1 năm nay,action,REPORT_GENERAL
bật dark mode,action,SYSTEM_SETTING
set limit đi lại 5 triệu mỗi tháng,action,LIMIT
check tiền đã xài thứ 6 đi,action,REPORT_GENERAL
gợi ý ngân sách tháng sau,action,SUGGEST
save goal mua laptop 5 triệu,action,GOAL
nói chuyện dặn dỗi hơn đi,action,TONE
cộng thêm 1 triệu vào hạn mức,action,SET_LIMIT
bật dark mode,action,SETTING
mục tiêu du lịch 500k trước tháng trước,action,SET_GOAL
mỗi tháng mình kiếm 2 triệu,action,SET_INCOME
tắt chế độ tối,action,SETTING
nhắc mình khi vượt ngân sách,action,SET_ALERT
đổi giọng sang hài hước,action,TONE
nhắc mình khi vượt ngân sách,action,SET_ALERT
cho t xem báo cáo tuần trước,action,REPORT_GENERAL
xóa record cuối giúp mình,action,DELETE
cho t xem báo cáo 15-06-2026,action,REPORT_GENERAL
mở cài đặt,action,SYSTEM_SETTING
chuyển style nói chuyện nhé,action,TONE
mục tiêu du lịch 5 triệu trước hôm qua,action,GOAL
check tiền đã xài 30 ngày qua đi,action,REPORT_GENERAL
chuyển giao diện sáng,action,SETTING
đề xuất budget hợp lý đi,action,SUGGEST
tắt chế độ tối,action,SYSTEM_SETTING
xem report ăn uống 7 ngày qua,action,REPORT_GENERAL
chỉnh lại ghi chú nha,action,EDIT
thống kê chi tiêu chủ nhật,action,REPORT_GENERAL
thống kê chi tiêu tháng này,action,REPORT_INCOME
set limit ăn uống 200k mỗi tháng,action,SET_LIMIT
thống kê chi tiêu 15-06-2026,action,REPORT_INCOME
sửa giao dịch cuối thành 5 triệu,action,UPDATE_RECORD
set nickname Anh Khang,action,SET_USERNAME
chỉnh lại ghi chú nha,action,EDIT
set tone dễ thương,action,TONE
cho t xem báo cáo tuần trước,action,REPORT_GENERAL
tắt thông báo chi tiêu,action,SET_ALERT
đổi tên thành Bin,action,SET_USERNAME
set income 500k,action,SET_INCOME
hủy hóa đơn mới nhất,action,DELETE
search hóa đơn trên 10 triệu,action,SEARCH
tắt chế độ tối,action,SETTING
giảm limit còn 5 triệu,action,LIMIT
check tiền đã xài thứ 3 đi,action,REPORT
nói chuyện dặn dỗi hơn đi,action,TONE
thống kê chi tiêu năm ngoái,action,REPORT_COMPARE
đặt hạn mức đi lại 100k,action,LIMIT
chuyển style nói chuyện nhé,action,SET_TONE
xem report giáo dục 7 ngày qua,action,REPORT_GENERAL
search hóa đơn trên 100k,action,SEARCH_RECORD
cho t xem báo cáo 23-12-2025,action,REPORT_INCOME
nói chuyện dễ thương hơn đi,action,SET_TONE
thống kê chi tiêu tuần trước,action,REPORT_GENERAL
check tiền đã xài tuần này đi,action,REPORT_INCOME
kiếm giúp khoản trà sữa,action,SEARCH
thống kê chi tiêu thứ 6,action,REPORT_INCOME
kiếm giúp khoản trà sữa,action,SEARCH
từ giờ gọi t là Min,action,SET_USERNAME
để dành 200k nha,action,SET_GOAL
nhắc mình khi vượt ngân sách,action,SET_ALERT
gợi ý ngân sách tháng sau,action,SUGGEST_BUDGET
bật dark mode,action,SETTING
save goal mua laptop 5 triệu,action,SET_GOAL
thống kê chi tiêu tuần này,action,REPORT_INCOME
giảm limit còn 10 triệu,action,SET_LIMIT
gợi ý ngân sách tháng sau,action,SUGGEST
đặt hạn mức giải trí 10 triệu,action,LIMIT
check tiền đã xài tuần này đi,action,REPORT_INCOME
mở cài đặt,action,SYSTEM_SETTING
đổi danh mục sang giáo dục,action,EDIT
thống kê chi tiêu hôm nay,action,REPORT_GENERAL
sửa giao dịch cuối thành 200k,action,EDIT
tìm giao dịch nhà ở,action,SEARCH_RECORD
save goal mua laptop 10 triệu,action,SET_GOAL
giảm limit còn 2 triệu,action,SET_LIMIT
giảm limit còn 5 triệu,action,LIMIT
mục tiêu du lịch 50k trước cuối tuần,action,SET_GOAL
tìm giao dịch giáo dục,action,SEARCH_RECORD
set nickname Boss,action,SET_USERNAME
check tiền đã xài tháng này đi,action,REPORT_GENERAL
tìm record tháng này,action,SEARCH_RECORD
update record vừa nhập,action,EDIT
đổi giọng sang dễ thương,action,TONE
chuyển giao diện sáng,action,SETTING
set limit mua sắm 5 triệu mỗi tháng,action,SET_LIMIT
hủy hóa đơn mới nhất,action,DELETE_LAST
check tiền đã xài thứ 6 đi,action,REPORT_INCOME
đổi tên thành Boss,action,SET_USERNAME
bật dark mode,action,SETTING
alert hạn mức cho đi lại,action,SET_ALERT
để dành 500k nha,action,SET_GOAL
check tiền đã xài tuần này đi,action,REPORT_GENERAL
nhắc mình khi vượt ngân sách,action,SET_ALERT
hủy hóa đơn mới nhất,action,DELETE_LAST
mỗi tháng mình kiếm 1 triệu,action,SET_INCOME
set limit mua sắm 200k mỗi tháng,action,SET_LIMIT
tìm record năm nay,action,SEARCH
đổi danh mục sang giải trí,action,UPDATE_RECORD
set limit giải trí 200k mỗi tháng,action,SET_LIMIT
chuyển style nói chuyện nhé,action,SET_TONE
chuyển style nói chuyện nhé,action,SET_TONE
update record vừa nhập,action,UPDATE_RECORD
tắt chế độ tối,action,SETTING
set limit ăn uống 200k mỗi tháng,action,SET_LIMIT
đặt hạn mức nhà ở 100k,action,LIMIT
tạo mục tiêu tiết kiệm 50k,action,SET_GOAL
search hóa đơn trên 5 triệu,action,SEARCH
chỉnh lại ghi chú nha,action,UPDATE_RECORD
gợi ý ngân sách tháng sau,action,SUGGEST_BUDGET
tìm record tháng này,action,SEARCH
đề xuất budget hợp lý đi,action,SUGGEST
thống kê chi tiêu hôm qua,action,REPORT_COMPARE
mở cài đặt,action,SETTING
hủy hóa đơn mới nhất,action,DELETE_LAST
đổi tên thành Min,action,SET_USERNAME
search hóa đơn trên 10 triệu,action,SEARCH
kiếm giúp khoản trà sữa,action,SEARCH_RECORD
set tone nghiêm túc,action,TONE
đổi danh mục sang nhà ở,action,EDIT
undo giao dịch cuối,action,DELETE_LAST
đặt hạn mức mua sắm 500k,action,SET_LIMIT
set limit sức khỏe 50k mỗi tháng,action,SET_LIMIT
mục tiêu du lịch 500k trước 15-06-2026,action,GOAL
cộng thêm 100k vào hạn mức,action,SET_LIMIT
save goal mua laptop 100k,action,SET_GOAL
mở cài đặt,action,SYSTEM_SETTING
tháng tới nên tiêu bao nhiêu,action,SUGGEST
sửa giao dịch cuối thành 2 triệu,action,EDIT
xóa giao dịch vừa nhập,action,DELETE
chuyển giao diện sáng,action,SETTING
đặt hạn mức sức khỏe 5 triệu,action,SET_LIMIT
cho t xem báo cáo tuần này,action,REPORT
lương của mình là 1 triệu,action,SET_INCOME
kiếm giúp khoản trà sữa,action,SEARCH
bật dark mode,action,SETTING
cho t xem báo cáo 15-06-2026,action,REPORT
nói chuyện dễ thương hơn đi,action,TONE
đổi tên thành Anh Khang,action,SET_USERNAME
mở cài đặt,action,SETTING
đổi danh mục sang nhà ở,action,UPDATE_RECORD
đổi danh mục sang nhà ở,action,EDIT
bật cảnh báo mua sắm,action,SET_ALERT
undo giao dịch cuối,action,DELETE
sửa giao dịch cuối thành 100k,action,UPDATE_RECORD
hủy hóa đơn mới nhất,action,DELETE_LAST
thống kê chi tiêu 15-06-2026,action,REPORT
mục tiêu du lịch 5 triệu trước tuần trước,action,GOAL
thống kê chi tiêu 15-06-2026,action,REPORT_COMPARE
tắt chế độ tối,action,SYSTEM_SETTING
lương của mình là 500k,action,SET_INCOME
thống kê chi tiêu 23-12-2025,action,REPORT
alert hạn mức cho nhà ở,action,SET_ALERT
đề xuất budget hợp lý đi,action,SUGGEST_BUDGET
chuyển giao diện sáng,action,SETTING
tư vấn hạn mức cho mình,action,SUGGEST
nói chuyện dễ thương hơn đi,action,TONE
tắt chế độ tối,action,SYSTEM_SETTING
nhắc mình khi vượt ngân sách,action,SET_ALERT
chuyển giao diện sáng,action,SYSTEM_SETTING
chuyển giao diện sáng,action,SYSTEM_SETTING
thống kê chi tiêu hôm qua,action,REPORT_GENERAL
thống kê chi tiêu cuối tuần,action,REPORT_INCOME
set tone nghiêm túc,action,TONE
xem report mua sắm tuần này,action,REPORT_GENERAL
gợi ý ngân sách tháng sau,action,SUGGEST
bật dark mode,action,SYSTEM_SETTING
mở cài đặt,action,SYSTEM_SETTING
chỉnh lại ghi chú nha,action,EDIT
tạo mục tiêu tiết kiệm 100k,action,SET_GOAL
thống kê chi tiêu 01-01-2026,action,REPORT_GENERAL
thống kê chi tiêu 15-06-2026,action,REPORT_GENERAL
xem report ăn uống 15-06-2026,action,REPORT_GENERAL
sửa giao dịch cuối thành 2 triệu,action,EDIT
chỉnh lại ghi chú nha,action,EDIT
search hóa đơn trên 2 triệu,action,SEARCH
mỗi tháng mình kiếm 500k,action,SET_INCOME
tắt chế độ tối,action,SETTING
nói chuyện châm chọc hơn đi,action,SET_TONE
sửa giao dịch cuối thành 100k,action,UPDATE_RECORD
giảm limit còn 1 triệu,action,SET_LIMIT
chuyển giao diện sáng,action,SYSTEM_SETTING
tìm giao dịch đi lại,action,SEARCH_RECORD
save goal mua laptop 200k,action,SET_GOAL
xóa giao dịch vừa nhập,action,DELETE_LAST
mục tiêu du lịch 1 triệu trước tháng trước,action,SET_GOAL
xóa giao dịch vừa nhập,action,DELETE
kiếm giúp khoản trà sữa,action,SEARCH
tháng tới nên tiêu bao nhiêu,action,SUGGEST_BUDGET
sửa giao dịch cuối thành 10 triệu,action,EDIT
set income 1 triệu,action,SET_INCOME
set limit ăn uống 200k mỗi tháng,action,SET_LIMIT
mục tiêu du lịch 500k trước 7 ngày qua,action,SET_GOAL
xóa record cuối giúp mình,action,DELETE
cho t xem báo cáo năm ngoái,action,REPORT_GENERAL
check tiền đã xài quý 1 năm nay đi,action,REPORT_GENERAL
kiếm giúp khoản trà sữa,action,SEARCH_RECORD
xóa record cuối giúp mình,action,DELETE
check tiền đã xài tháng trước đi,action,REPORT_INCOME
search hóa đơn trên 1 triệu,action,SEARCH_RECORD
alert hạn mức cho mua sắm,action,SET_ALERT
nhắc mình khi vượt ngân sách,action,SET_ALERT
kiếm giúp khoản trà sữa,action,SEARCH_RECORD
tạo mục tiêu tiết kiệm 5 triệu,action,SET_GOAL
undo giao dịch cuối,action,DELETE_LAST
hủy hóa đơn mới nhất,action,DELETE_LAST
từ giờ gọi t là Khang,action,SET_USERNAME
set nickname Khang,action,SET_USERNAME
tạo mục tiêu tiết kiệm 10 triệu,action,SET_GOAL
thống kê chi tiêu năm nay,action,REPORT
đặt hạn mức giáo dục 50k,action,SET_LIMIT
hủy hóa đơn mới nhất,action,DELETE
thống kê chi tiêu thứ 2,action,REPORT
đề xuất budget hợp lý đi,action,SUGGEST
đề xuất budget hợp lý đi,action,SUGGEST_BUDGET
nói chuyện hài hước hơn đi,action,TONE
chỉnh lại ghi chú nha,action,UPDATE_RECORD
bật dark mode,action,SYSTEM_SETTING
để dành 5 triệu nha,action,GOAL
check tiền đã xài hôm nay đi,action,REPORT_COMPARE
thống kê chi tiêu 23-12-2025,action,REPORT_GENERAL
mục tiêu du lịch 100k trước thứ 6,action,GOAL
đổi giọng sang dặn dỗi,action,SET_TONE
check tiền đã xài quý 1 năm nay đi,action,REPORT_COMPARE
chuyển giao diện sáng,action,SYSTEM_SETTING
xem report mua sắm thứ 2,action,REPORT_COMPARE
cộng thêm 50k vào hạn mức,action,LIMIT
thu nhập tháng này 50k,action,SET_INCOME
tắt chế độ tối,action,SYSTEM_SETTING
gợi ý ngân sách tháng sau,action,SUGGEST
chuyển giao diện sáng,action,SETTING
xóa record cuối giúp mình,action,DELETE
set nickname Anh Khang,action,SET_USERNAME
gọi mình là Anh Khang nhé,action,SET_USERNAME
nói chuyện hài hước hơn đi,action,SET_TONE
cho t xem báo cáo cuối tuần,action,REPORT_COMPARE
xóa record cuối giúp mình,action,DELETE_LAST
cộng thêm 1 triệu vào hạn mức,action,SET_LIMIT
hủy hóa đơn mới nhất,action,DELETE
set nickname Bin,action,SET_USERNAME
undo giao dịch cuối,action,DELETE_LAST
check tiền đã xài năm nay đi,action,REPORT
check tiền đã xài tháng này đi,action,REPORT_COMPARE
xem report giải trí thứ 6,action,REPORT_GENERAL
xóa record cuối giúp mình,action,DELETE
đổi giọng sang nghiêm túc,action,SET_TONE
update record vừa nhập,action,EDIT
sửa giao dịch cuối thành 50k,action,EDIT
tư vấn hạn mức cho mình,action,SUGGEST_BUDGET
check tiền đã xài 7 ngày qua đi,action,REPORT
set nickname Mimo Master,action,SET_USERNAME
tìm record tuần trước,action,SEARCH
cho t xem báo cáo 15-06-2026,action,REPORT_INCOME
set tone dễ thương,action,TONE
set tone dễ thương,action,TONE
tìm giao dịch mua sắm,action,SEARCH_RECORD
mở cài đặt,action,SETTING
save goal mua laptop 50k,action,SET_GOAL
xóa record cuối giúp mình,action,DELETE
cộng thêm 100k vào hạn mức,action,LIMIT
xem report nhà ở chủ nhật,action,REPORT_GENERAL
tư vấn hạn mức cho mình,action,SUGGEST_BUDGET
thống kê chi tiêu 15-06-2026,action,REPORT
mục tiêu du lịch 2 triệu trước chủ nhật,action,SET_GOAL
đặt hạn mức mua sắm 2 triệu,action,LIMIT
mục tiêu du lịch 10 triệu trước thứ 3,action,SET_GOAL
tắt chế độ tối,action,SETTING
đổi tên thành Anh Khang,action,SET_USERNAME
gọi mình là Anh Khang nhé,action,SET_USERNAME
cho t xem báo cáo thứ 3,action,REPORT_GENERAL
hủy hóa đơn mới nhất,action,DELETE_LAST
để dành 10 triệu nha,action,GOAL
tìm record năm ngoái,action,SEARCH_RECORD
xem report giáo dục năm ngoái,action,REPORT_GENERAL
chỉnh lại ghi chú nha,action,UPDATE_RECORD
để dành 200k nha,action,SET_GOAL
kiếm giúp khoản trà sữa,action,SEARCH
từ giờ gọi t là Bin,action,SET_USERNAME
chỉnh lại ghi chú nha,action,UPDATE_RECORD
đặt hạn mức giáo dục 10 triệu,action,SET_LIMIT
set tone dặn dỗi,action,SET_TONE
tháng tới nên tiêu bao nhiêu,action,SUGGEST_BUDGET
tư vấn hạn mức cho mình,action,SUGGEST_BUDGET
cho t xem báo cáo hôm qua,action,REPORT_GENERAL
lương của mình là 500k,action,SET_INCOME
sửa giao dịch cuối thành 100k,action,EDIT
thống kê chi tiêu thứ 2,action,REPORT_INCOME
undo giao dịch cuối,action,DELETE
check tiền đã xài thứ 2 đi,action,REPORT_GENERAL
xem report nhà ở thứ 2,action,REPORT_GENERAL
kiếm giúp khoản trà sữa,action,SEARCH_RECORD
search hóa đơn trên 2 triệu,action,SEARCH_RECORD
set nickname Anh Khang,action,SET_USERNAME
đề xuất budget hợp lý đi,action,SUGGEST_BUDGET
update record vừa nhập,action,EDIT
chỉnh lại ghi chú nha,action,EDIT
thống kê chi tiêu hôm nay,action,REPORT_INCOME
mục tiêu du lịch 500k trước chủ nhật,action,SET_GOAL
thu nhập tháng này 100k,action,SET_INCOME
set nickname Mimo Master,action,SET_USERNAME
tư vấn hạn mức cho mình,action,SUGGEST_BUDGET
search hóa đơn trên 100k,action,SEARCH
thống kê chi tiêu năm ngoái,action,REPORT
đề xuất budget hợp lý đi,action,SUGGEST_BUDGET
check tiền đã xài tuần trước đi,action,REPORT_INCOME
mở cài đặt,action,SETTING
gợi ý ngân sách tháng sau,action,SUGGEST_BUDGET
chuyển giao diện sáng,action,SETTING
nói chuyện nghiêm túc hơn đi,action,TONE
hủy hóa đơn mới nhất,action,DELETE_LAST
giảm limit còn 5 triệu,action,SET_LIMIT
cho t xem báo cáo thứ 2,action,REPORT_GENERAL
tháng tới nên tiêu bao nhiêu,action,SUGGEST
chỉnh lại ghi chú nha,action,EDIT
xem report giáo dục tuần này,action,REPORT_COMPARE
xem report đi lại chủ nhật,action,REPORT
undo giao dịch cuối,action,DELETE
save goal mua laptop 50k,action,SET_GOAL
xóa giao dịch vừa nhập,action,DELETE_LAST
tạo mục tiêu tiết kiệm 200k,action,SET_GOAL
hủy hóa đơn mới nhất,action,DELETE
mở cài đặt,action,SYSTEM_SETTING
sửa giao dịch cuối thành 5 triệu,action,EDIT
tắt thông báo chi tiêu,action,SET_ALERT
thống kê chi tiêu 15-06-2026,action,REPORT_GENERAL
search hóa đơn trên 50k,action,SEARCH
xóa record cuối giúp mình,action,DELETE_LAST
tìm giao dịch sức khỏe,action,SEARCH_RECORD
đề xuất budget hợp lý đi,action,SUGGEST_BUDGET
cho t xem báo cáo tuần này,action,REPORT_GENERAL
cho t xem báo cáo 23-12-2025,action,REPORT_GENERAL
tìm giao dịch ăn uống,action,SEARCH
cho t xem báo cáo 23-12-2025,action,REPORT_INCOME
xóa giao dịch vừa nhập,action,DELETE
tư vấn hạn mức cho mình,action,SUGGEST_BUDGET
xem report giải trí năm nay,action,REPORT_INCOME
bật cảnh báo giải trí,action,SET_ALERT
mở cài đặt,action,SYSTEM_SETTING
hủy hóa đơn mới nhất,action,DELETE_LAST
tháng tới nên tiêu bao nhiêu,action,SUGGEST_BUDGET
chỉnh lại ghi chú nha,action,EDIT
tìm record quý 1 năm nay,action,SEARCH
tháng tới nên tiêu bao nhiêu,action,SUGGEST
xem report giải trí 15-06-2026,action,REPORT_INCOME
xóa record cuối giúp mình,action,DELETE
đặt hạn mức giải trí 5 triệu,action,SET_LIMIT
tháng tới nên tiêu bao nhiêu,action,SUGGEST
xóa giao dịch vừa nhập,action,DELETE
xóa record cuối giúp mình,action,DELETE_LAST
từ giờ gọi t là Mimo Master,action,SET_USERNAME
set tone dặn dỗi,action,TONE
đổi danh mục sang mua sắm,action,EDIT
nói chuyện hài hước hơn đi,action,SET_TONE
mỗi tháng mình kiếm 200k,action,SET_INCOME
mở cài đặt,action,SYSTEM_SETTING
tìm giao dịch mua sắm,action,SEARCH_RECORD
set income 100k,action,SET_INCOME
thu nhập tháng này 2 triệu,action,SET_INCOME
hủy hóa đơn mới nhất,action,DELETE
bật cảnh báo nhà ở,action,SET_ALERT
chuyển style nói chuyện nhé,action,TONE
mục tiêu du lịch 200k trước năm ngoái,action,GOAL
chuyển style nói chuyện nhé,action,SET_TONE
hủy hóa đơn mới nhất,action,DELETE
check tiền đã xài năm nay đi,action,REPORT_GENERAL
hủy hóa đơn mới nhất,action,DELETE_LAST
đổi tên thành Boss,action,SET_USERNAME
cộng thêm 10 triệu vào hạn mức,action,LIMIT
chuyển giao diện sáng,action,SETTING
check tiền đã xài thứ 6 đi,action,REPORT_GENERAL
check tiền đã xài 01-01-2026 đi,action,REPORT_GENERAL
thống kê chi tiêu năm nay,action,REPORT_INCOME
tìm record tháng trước,action,SEARCH
update record vừa nhập,action,UPDATE_RECORD
cho t xem báo cáo tháng 12 năm ngoái,action,REPORT_COMPARE
tìm record quý 1 năm nay,action,SEARCH_RECORD
xem report mua sắm hôm qua,action,REPORT
đặt hạn mức ăn uống 200k,action,SET_LIMIT
xem report đi lại 7 ngày qua,action,REPORT
đặt hạn mức mua sắm 100k,action,LIMIT
check tiền đã xài thứ 3 đi,action,REPORT_GENERAL
mở cài đặt,action,SETTING
xóa giao dịch vừa nhập,action,DELETE_LAST
để dành 5 triệu nha,action,SET_GOAL
cho t xem báo cáo tuần này,action,REPORT_COMPARE
set tone dễ thương,action,TONE
mỗi tháng mình kiếm 200k,action,SET_INCOME
xem report giải trí tháng trước,action,REPORT_GENERAL
để dành 200k nha,action,SET_GOAL
thống kê chi tiêu năm nay,action,REPORT_COMPARE
undo giao dịch cuối,action,DELETE
để dành 10 triệu nha,action,GOAL
xem report mua sắm 30 ngày qua,action,REPORT
check tiền đã xài năm nay đi,action,REPORT_GENERAL
nhắc mình khi vượt ngân sách,action,SET_ALERT
update record vừa nhập,action,UPDATE_RECORD
save goal mua laptop 100k,action,SET_GOAL
xóa record cuối giúp mình,action,DELETE
thống kê chi tiêu thứ 6,action,REPORT_GENERAL
gợi ý ngân sách tháng sau,action,SUGGEST_BUDGET
tháng tới nên tiêu bao nhiêu,action,SUGGEST
xem report giáo dục 30 ngày qua,action,REPORT_INCOME
gợi ý ngân sách tháng sau,action,SUGGEST
tháng tới nên tiêu bao nhiêu,action,SUGGEST
cho t xem báo cáo tuần này,action,REPORT_GENERAL
tìm giao dịch đi lại,action,SEARCH_RECORD
giảm limit còn 500k,action,SET_LIMIT
thu nhập tháng này 50k,action,SET_INCOME
đổi danh mục sang ăn uống,action,EDIT
tìm giao dịch ăn uống,action,SEARCH_RECORD
kiếm giúp khoản trà sữa,action,SEARCH
tắt thông báo chi tiêu,action,SET_ALERT
undo giao dịch cuối,action,DELETE
chuyển giao diện sáng,action,SYSTEM_SETTING
để dành 1 triệu nha,action,GOAL
chuyển giao diện sáng,action,SYSTEM_SETTING
set tone dặn dỗi,action,TONE
cho t xem báo cáo 7 ngày qua,action,REPORT_COMPARE
tìm record thứ 3,action,SEARCH_RECORD
chuyển style nói chuyện nhé,action,SET_TONE
chỉnh lại ghi chú nha,action,EDIT
mở cài đặt,action,SYSTEM_SETTING
save goal mua laptop 2 triệu,action,SET_GOAL
tìm record 15-06-2026,action,SEARCH_RECORD
mở cài đặt,action,SETTING
tìm giao dịch nhà ở,action,SEARCH
mở cài đặt,action,SYSTEM_SETTING
cộng thêm 50k vào hạn mức,action,SET_LIMIT
tạo mục tiêu tiết kiệm 500k,action,GOAL
lương của mình là 50k,action,SET_INCOME
check tiền đã xài tuần trước đi,action,REPORT
thống kê chi tiêu tuần trước,action,REPORT
update record vừa nhập,action,UPDATE_RECORD
tắt chế độ tối,action,SYSTEM_SETTING
mục tiêu du lịch 500k trước tháng trước,action,SET_GOAL
thống kê chi tiêu 7 ngày qua,action,REPORT_GENERAL
search hóa đơn trên 500k,action,SEARCH
check tiền đã xài 01-01-2026 đi,action,REPORT_GENERAL
đổi giọng sang nghiêm túc,action,SET_TONE
tìm record 30 ngày qua,action,SEARCH_RECORD
xem report ăn uống 15-06-2026,action,REPORT_COMPARE
cho t xem báo cáo 23-12-2025,action,REPORT_GENERAL
bật dark mode,action,SYSTEM_SETTING
chuyển giao diện sáng,action,SETTING
để dành 50k nha,action,GOAL
kiếm giúp khoản trà sữa,action,SEARCH
chuyển style nói chuyện nhé,action,TONE
nói chuyện hài hước hơn đi,action,SET_TONE
đổi giọng sang dễ thương,action,SET_TONE
đổi danh mục sang giáo dục,action,EDIT
bật dark mode,action,SETTING
set tone dễ thương,action,TONE
tìm giao dịch mua sắm,action,SEARCH_RECORD
chỉnh lại ghi chú nha,action,EDIT
cộng thêm 500k vào hạn mức,action,SET_LIMIT
xóa record cuối giúp mình,action,DELETE
đề xuất budget hợp lý đi,action,SUGGEST_BUDGET
thu nhập tháng này 2 triệu,action,SET_INCOME
xem report sức khỏe thứ 2,action,REPORT_INCOME
nhắc mình khi vượt ngân sách,action,SET_ALERT
mở cài đặt,action,SETTING
update record vừa nhập,action,EDIT
xem report giáo dục thứ 3,action,REPORT_GENERAL
nói chuyện nghiêm túc hơn đi,action,SET_TONE
đổi giọng sang hài hước,action,TONE
tư vấn hạn mức cho mình,action,SUGGEST_BUDGET
xem report giải trí thứ 3,action,REPORT_GENERAL
đổi danh mục sang giáo dục,action,UPDATE_RECORD
đề xuất budget hợp lý đi,action,SUGGEST
tạo mục tiêu tiết kiệm 10 triệu,action,GOAL
cộng thêm 500k vào hạn mức,action,SET_LIMIT
hủy hóa đơn mới nhất,action,DELETE
gọi mình là Anh Khang nhé,action,SET_USERNAME
check tiền đã xài tuần này đi,action,REPORT
chỉnh lại ghi chú nha,action,EDIT
undo giao dịch cuối,action,DELETE_LAST
thống kê chi tiêu 15-06-2026,action,REPORT_INCOME
sửa giao dịch cuối thành 2 triệu,action,UPDATE_RECORD
chuyển giao diện sáng,action,SYSTEM_SETTING
nhắc mình khi vượt ngân sách,action,SET_ALERT
cộng thêm 50k vào hạn mức,action,LIMIT
nói chuyện hài hước hơn đi,action,SET_TONE
đề xuất budget hợp lý đi,action,SUGGEST
bật dark mode,action,SYSTEM_SETTING
tư vấn hạn mức cho mình,action,SUGGEST_BUDGET
set income 10 triệu,action,SET_INCOME
gợi ý ngân sách tháng sau,action,SUGGEST
undo giao dịch cuối,action,DELETE_LAST
thống kê chi tiêu quý 1 năm nay,action,REPORT_COMPARE
thống kê chi tiêu hôm qua,action,REPORT_GENERAL
update record vừa nhập,action,EDIT
update record vừa nhập,action,UPDATE_RECORD
check tiền đã xài quý 1 năm nay đi,action,REPORT_INCOME
search hóa đơn trên 100k,action,SEARCH_RECORD
nói chuyện dễ thương hơn đi,action,SET_TONE
tháng tới nên tiêu bao nhiêu,action,SUGGEST
check tiền đã xài tuần trước đi,action,REPORT
xem report ăn uống năm nay,action,REPORT_GENERAL
xem report sức khỏe 23-12-2025,action,REPORT_INCOME
giảm limit còn 500k,action,SET_LIMIT
cho t xem báo cáo hôm qua,action,REPORT_GENERAL
search hóa đơn trên 500k,action,SEARCH_RECORD
đổi danh mục sang giải trí,action,UPDATE_RECORD
thống kê chi tiêu 7 ngày qua,action,REPORT_INCOME
check tiền đã xài thứ 2 đi,action,REPORT_INCOME
check tiền đã xài 15-06-2026 đi,action,REPORT_GENERAL
check tiền đã xài 01-01-2026 đi,action,REPORT_GENERAL
mục tiêu du lịch 10 triệu trước 23-12-2025,action,SET_GOAL
xóa giao dịch vừa nhập,action,DELETE
thống kê chi tiêu tuần này,action,REPORT_INCOME
kiếm giúp khoản trà sữa,action,SEARCH_RECORD
để dành 100k nha,action,SET_GOAL
giảm limit còn 50k,action,SET_LIMIT
tắt chế độ tối,action,SYSTEM_SETTING
tìm record tuần trước,action,SEARCH
từ giờ gọi t là Bin,action,SET_USERNAME
xóa giao dịch vừa nhập,action,DELETE_LAST
tư vấn hạn mức cho mình,action,SUGGEST_BUDGET
tìm record hôm qua,action,SEARCH_RECORD
chuyển style nói chuyện nhé,action,TONE
xóa record cuối giúp mình,action,DELETE
sửa giao dịch cuối thành 500k,action,UPDATE_RECORD
thống kê chi tiêu cuối tuần,action,REPORT_GENERAL
tư vấn hạn mức cho mình,action,SUGGEST
check tiền đã xài 30 ngày qua đi,action,REPORT_GENERAL
check tiền đã xài cuối tuần đi,action,REPORT_INCOME
search hóa đơn trên 100k,action,SEARCH
set tone nghiêm túc,action,SET_TONE
chuyển style nói chuyện nhé,action,TONE
đổi danh mục sang giáo dục,action,EDIT
check tiền đã xài tháng này đi,action,REPORT_INCOME
mục tiêu du lịch 100k trước tháng trước,action,SET_GOAL
chỉnh lại ghi chú nha,action,UPDATE_RECORD
xóa record cuối giúp mình,action,DELETE
cho t xem báo cáo tháng 12 năm ngoái,action,REPORT_GENERAL
chỉnh lại ghi chú nha,action,EDIT
cộng thêm 100k vào hạn mức,action,SET_LIMIT
xem report mua sắm 23-12-2025,action,REPORT_COMPARE
thống kê chi tiêu tháng này,action,REPORT_COMPARE
đổi giọng sang dặn dỗi,action,SET_TONE
cộng thêm 100k vào hạn mức,action,LIMIT
mục tiêu du lịch 1 triệu trước tuần trước,action,SET_GOAL
đổi danh mục sang sức khỏe,action,UPDATE_RECORD
bật dark mode,action,SETTING
bật dark mode,action,SETTING
kiếm giúp khoản trà sữa,action,SEARCH_RECORD
lương của mình là 5 triệu,action,SET_INCOME
search hóa đơn trên 1 triệu,action,SEARCH
đổi danh mục sang giáo dục,action,UPDATE_RECORD
check tiền đã xài 30 ngày qua đi,action,REPORT
thu nhập tháng này 5 triệu,action,SET_INCOME
lương của mình là 2 triệu,action,SET_INCOME
cho t xem báo cáo tuần trước,action,REPORT_COMPARE
từ giờ gọi t là Anh Khang,action,SET_USERNAME
tìm record quý 1 năm nay,action,SEARCH_RECORD
chỉnh lại ghi chú nha,action,EDIT
save goal mua laptop 50k,action,GOAL
tắt chế độ tối,action,SYSTEM_SETTING
tìm record hôm qua,action,SEARCH_RECORD
nói chuyện nghiêm túc hơn đi,action,SET_TONE
alert hạn mức cho mua sắm,action,SET_ALERT
tắt thông báo chi tiêu,action,SET_ALERT
set income 10 triệu,action,SET_INCOME
mở cài đặt,action,SETTING
thống kê chi tiêu tháng này,action,REPORT
mở cài đặt,action,SETTING
gợi ý ngân sách tháng sau,action,SUGGEST_BUDGET
tìm record hôm qua,action,SEARCH_RECORD
set tone dễ thương,action,SET_TONE
alert hạn mức cho sức khỏe,action,SET_ALERT
chỉnh lại ghi chú nha,action,UPDATE_RECORD
set limit sức khỏe 2 triệu mỗi tháng,action,SET_LIMIT
để dành 200k nha,action,SET_GOAL
cộng thêm 10 triệu vào hạn mức,action,SET_LIMIT
đặt hạn mức giáo dục 100k,action,LIMIT
gợi ý ngân sách tháng sau,action,SUGGEST_BUDGET
search hóa đơn trên 10 triệu,action,SEARCH_RECORD
mở cài đặt,action,SETTING
tháng tới nên tiêu bao nhiêu,action,SUGGEST
hủy hóa đơn mới nhất,action,DELETE
thống kê chi tiêu thứ 3,action,REPORT_GENERAL
để dành 1 triệu nha,action,GOAL
xem report nhà ở tuần trước,action,REPORT
set income 10 triệu,action,SET_INCOME
xóa record cuối giúp mình,action,DELETE_LAST
tìm giao dịch giải trí,action,SEARCH
xem report giáo dục tháng này,action,REPORT_COMPARE
mỗi tháng mình kiếm 1 triệu,action,SET_INCOME
alert hạn mức cho giải trí,action,SET_ALERT
tắt chế độ tối,action,SETTING
check tiền đã xài 15-06-2026 đi,action,REPORT
xem report đi lại quý 1 năm nay,action,REPORT_GENERAL
check tiền đã xài tháng 12 năm ngoái đi,action,REPORT_GENERAL
tư vấn hạn mức cho mình,action,SUGGEST
đổi danh mục sang sức khỏe,action,EDIT
xóa record cuối giúp mình,action,DELETE
set tone hài hước,action,TONE
update record vừa nhập,action,EDIT
xem report giải trí cuối tuần,action,REPORT_GENERAL
tìm giao dịch giáo dục,action,SEARCH
đổi giọng sang dễ thương,action,SET_TONE
đổi giọng sang nghiêm túc,action,SET_TONE
đề xuất budget hợp lý đi,action,SUGGEST
xem report ăn uống tháng này,action,REPORT
tháng tới nên tiêu bao nhiêu,action,SUGGEST_BUDGET
undo giao dịch cuối,action,DELETE_LAST
check tiền đã xài tháng 12 năm ngoái đi,action,REPORT_INCOME
cộng thêm 100k vào hạn mức,action,LIMIT
đề xuất budget hợp lý đi,action,SUGGEST_BUDGET
gợi ý ngân sách tháng sau,action,SUGGEST_BUDGET
tìm record tháng này,action,SEARCH
tìm record 30 ngày qua,action,SEARCH_RECORD
set tone hài hước,action,SET_TONE
tìm record hôm nay,action,SEARCH
tư vấn hạn mức cho mình,action,SUGGEST_BUDGET
để dành 500k nha,action,GOAL
tháng tới nên tiêu bao nhiêu,action,SUGGEST
hủy hóa đơn mới nhất,action,DELETE_LAST
tháng tới nên tiêu bao nhiêu,action,SUGGEST_BUDGET
chuyển giao diện sáng,action,SETTING
set nickname Bin,action,SET_USERNAME
mục tiêu du lịch 100k trước hôm qua,action,SET_GOAL
tháng tới nên tiêu bao nhiêu,action,SUGGEST
thu nhập tháng này 100k,action,SET_INCOME
đặt hạn mức giải trí 2 triệu,action,SET_LIMIT
xem report ăn uống 01-01-2026,action,REPORT
update record vừa nhập,action,UPDATE_RECORD
sửa giao dịch cuối thành 100k,action,UPDATE_RECORD
bật dark mode,action,SETTING
cho t xem báo cáo thứ 6,action,REPORT
đặt hạn mức giáo dục 10 triệu,action,LIMIT
kiếm giúp khoản trà sữa,action,SEARCH
xem report mua sắm chủ nhật,action,REPORT_COMPARE
cho t xem báo cáo 23-12-2025,action,REPORT_GENERAL
nhắc mình khi vượt ngân sách,action,SET_ALERT
tạo mục tiêu tiết kiệm 100k,action,GOAL
tìm giao dịch sức khỏe,action,SEARCH_RECORD
mở cài đặt,action,SYSTEM_SETTING
cho t xem báo cáo 23-12-2025,action,REPORT_GENERAL
check tiền đã xài 7 ngày qua đi,action,REPORT_GENERAL
xóa record cuối giúp mình,action,DELETE_LAST
thống kê chi tiêu cuối tuần,action,REPORT_INCOME
tắt chế độ tối,action,SYSTEM_SETTING
cho t xem báo cáo tháng trước,action,REPORT
đặt hạn mức sức khỏe 2 triệu,action,SET_LIMIT
mở cài đặt,action,SYSTEM_SETTING
cho t xem báo cáo 7 ngày qua,action,REPORT_COMPARE
thống kê chi tiêu tháng 12 năm ngoái,action,REPORT_GENERAL
tư vấn hạn mức cho mình,action,SUGGEST_BUDGET
search hóa đơn trên 5 triệu,action,SEARCH_RECORD
thống kê chi tiêu 15-06-2026,action,REPORT_INCOME
đặt hạn mức đi lại 1 triệu,action,LIMIT
giảm limit còn 1 triệu,action,LIMIT
mục tiêu du lịch 200k trước 15-06-2026,action,SET_GOAL
cho t xem báo cáo quý 1 năm nay,action,REPORT_COMPARE
mục tiêu du lịch 1 triệu trước thứ 3,action,GOAL
tạo mục tiêu tiết kiệm 500k,action,SET_GOAL
từ giờ gọi t là Boss,action,SET_USERNAME
đề xuất budget hợp lý đi,action,SUGGEST
đổi danh mục sang giáo dục,action,EDIT
thu nhập tháng này 50k,action,SET_INCOME
cộng thêm 1 triệu vào hạn mức,action,SET_LIMIT
mở cài đặt,action,SETTING
cho t xem báo cáo 01-01-2026,action,REPORT_GENERAL
đổi giọng sang dễ thương,action,TONE
set limit giáo dục 1 triệu mỗi tháng,action,LIMIT
set tone hài hước,action,TONE
hủy hóa đơn mới nhất,action,DELETE_LAST
cộng thêm 1 triệu vào hạn mức,action,SET_LIMIT
cộng thêm 5 triệu vào hạn mức,action,SET_LIMIT
chuyển style nói chuyện nhé,action,SET_TONE
xóa giao dịch vừa nhập,action,DELETE_LAST
mục tiêu du lịch 500k trước tháng 12 năm ngoái,action,SET_GOAL
mở cài đặt,action,SETTING
thống kê chi tiêu năm nay,action,REPORT_GENERAL
tìm giao dịch giáo dục,action,SEARCH_RECORD
set limit sức khỏe 500k mỗi tháng,action,SET_LIMIT
hủy hóa đơn mới nhất,action,DELETE_LAST
tư vấn hạn mức cho mình,action,SUGGEST
xem report đi lại cuối tuần,action,REPORT_GENERAL
check tiền đã xài quý 1 năm nay đi,action,REPORT_GENERAL
tắt chế độ tối,action,SYSTEM_SETTING
check tiền đã xài chủ nhật đi,action,REPORT_GENERAL
tháng tới nên tiêu bao nhiêu,action,SUGGEST_BUDGET
xóa record cuối giúp mình,action,DELETE
nhắc mình khi vượt ngân sách,action,SET_ALERT
bật dark mode,action,SETTING
bật dark mode,action,SYSTEM_SETTING
tư vấn hạn mức cho mình,action,SUGGEST
tìm record tuần này,action,SEARCH
xem report đi lại năm nay,action,REPORT
thu nhập tháng này 2 triệu,action,SET_INCOME
update record vừa nhập,action,EDIT
undo giao dịch cuối,action,DELETE
tắt thông báo chi tiêu,action,SET_ALERT
đổi tên thành Khang,action,SET_USERNAME
xem report giải trí hôm nay,action,REPORT
xóa giao dịch vừa nhập,action,DELETE_LAST
undo giao dịch cuối,action,DELETE_LAST
mỗi tháng mình kiếm 500k,action,SET_INCOME
cho t xem báo cáo năm ngoái,action,REPORT_GENERAL
tìm record tuần này,action,SEARCH
set income 500k,action,SET_INCOME
tháng tới nên tiêu bao nhiêu,action,SUGGEST_BUDGET
chỉnh lại ghi chú nha,action,EDIT
mục tiêu du lịch 1 triệu trước năm ngoái,action,SET_GOAL
đề xuất budget hợp lý đi,action,SUGGEST_BUDGET
gọi mình là Khang nhé,action,SET_USERNAME
cho t xem báo cáo thứ 3,action,REPORT
check tiền đã xài 15-06-2026 đi,action,REPORT
tìm giao dịch giáo dục,action,SEARCH
search hóa đơn trên 50k,action,SEARCH
xem report đi lại tuần trước,action,REPORT_GENERAL
tắt chế độ tối,action,SETTING
để dành 5 triệu nha,action,GOAL
cho t xem báo cáo cuối tuần,action,REPORT_GENERAL
đặt hạn mức ăn uống 10 triệu,action,LIMIT
bật dark mode,action,SYSTEM_SETTING
để dành 5 triệu nha,action,SET_GOAL
check tiền đã xài thứ 3 đi,action,REPORT
mục tiêu du lịch 5 triệu trước thứ 6,action,GOAL
undo giao dịch cuối,action,DELETE
set limit sức khỏe 2 triệu mỗi tháng,action,LIMIT
đặt hạn mức giáo dục 50k,action,LIMIT
mục tiêu du lịch 5 triệu trước thứ 2,action,GOAL
tạo mục tiêu tiết kiệm 200k,action,GOAL
xóa record cuối giúp mình,action,DELETE_LAST
tháng tới nên tiêu bao nhiêu,action,SUGGEST_BUDGET
đổi danh mục sang giải trí,action,UPDATE_RECORD
tìm giao dịch nhà ở,action,SEARCH
cộng thêm 100k vào hạn mức,action,LIMIT
chuyển giao diện sáng,action,SYSTEM_SETTING
đổi giọng sang châm chọc,action,TONE
tìm record năm ngoái,action,SEARCH_RECORD
xem report sức khỏe tháng 12 năm ngoái,action,REPORT_COMPARE
bật dark mode,action,SYSTEM_SETTING
tháng tới nên tiêu bao nhiêu,action,SUGGEST_BUDGET
set limit nhà ở 50k mỗi tháng,action,LIMIT
cộng thêm 100k vào hạn mức,action,LIMIT
xóa giao dịch vừa nhập,action,DELETE
đổi giọng sang nghiêm túc,action,SET_TONE
thu nhập tháng này 100k,action,SET_INCOME
đặt hạn mức mua sắm 10 triệu,action,SET_LIMIT
giảm limit còn 1 triệu,action,SET_LIMIT
nói chuyện hài hước hơn đi,action,TONE
search hóa đơn trên 10 triệu,action,SEARCH_RECORD
sửa giao dịch cuối thành 1 triệu,action,EDIT
đổi danh mục sang ăn uống,action,EDIT
cho t xem báo cáo chủ nhật,action,REPORT
alert hạn mức cho ăn uống,action,SET_ALERT
xóa giao dịch vừa nhập,action,DELETE
gọi mình là Boss nhé,action,SET_USERNAME
đặt hạn mức đi lại 500k,action,SET_LIMIT
xóa giao dịch vừa nhập,action,DELETE_LAST
bật dark mode,action,SYSTEM_SETTING
cho t xem báo cáo thứ 2,action,REPORT
alert hạn mức cho đi lại,action,SET_ALERT
đặt hạn mức ăn uống 100k,action,LIMIT
undo giao dịch cuối,action,DELETE
đặt hạn mức mua sắm 2 triệu,action,SET_LIMIT
cho t xem báo cáo tháng này,action,REPORT_COMPARE
chuyển giao diện sáng,action,SETTING
giảm limit còn 500k,action,LIMIT
đặt hạn mức giải trí 100k,action,LIMIT
tắt thông báo chi tiêu,action,SET_ALERT
mở cài đặt,action,SYSTEM_SETTING
search hóa đơn trên 500k,action,SEARCH
set tone hài hước,action,TONE
search hóa đơn trên 5 triệu,action,SEARCH
hủy hóa đơn mới nhất,action,DELETE_LAST
gợi ý ngân sách tháng sau,action,SUGGEST_BUDGET
update record vừa nhập,action,UPDATE_RECORD
thống kê chi tiêu hôm qua,action,REPORT
set limit mua sắm 50k mỗi tháng,action,SET_LIMIT
đổi tên thành Khang,action,SET_USERNAME
set limit giải trí 1 triệu mỗi tháng,action,LIMIT
check tiền đã xài tháng trước đi,action,REPORT_GENERAL
save goal mua laptop 100k,action,SET_GOAL
lương của mình là 200k,action,SET_INCOME
sửa giao dịch cuối thành 10 triệu,action,EDIT
xem report ăn uống tuần này,action,REPORT_GENERAL
hủy hóa đơn mới nhất,action,DELETE
chuyển style nói chuyện nhé,action,SET_TONE
thu nhập tháng này 2 triệu,action,SET_INCOME
tạo mục tiêu tiết kiệm 5 triệu,action,GOAL
xóa giao dịch vừa nhập,action,DELETE
hủy hóa đơn mới nhất,action,DELETE
từ giờ gọi t là Boss,action,SET_USERNAME
bật cảnh báo sức khỏe,action,SET_ALERT
đổi danh mục sang đi lại,action,EDIT
giảm limit còn 100k,action,SET_LIMIT
mục tiêu du lịch 5 triệu trước tháng này,action,GOAL
hủy hóa đơn mới nhất,action,DELETE_LAST
cho t xem báo cáo tuần trước,action,REPORT_GENERAL
cho t xem báo cáo chủ nhật,action,REPORT_GENERAL
tắt chế độ tối,action,SETTING
check tiền đã xài hôm qua đi,action,REPORT_GENERAL
đổi danh mục sang nhà ở,action,EDIT
nói chuyện nghiêm túc hơn đi,action,TONE
cộng thêm 200k vào hạn mức,action,LIMIT
chuyển giao diện sáng,action,SYSTEM_SETTING
tháng tới nên tiêu bao nhiêu,action,SUGGEST
lương của mình là 200k,action,SET_INCOME
chỉnh lại ghi chú nha,action,UPDATE_RECORD
set tone hài hước,action,TONE
check tiền đã xài tháng 12 năm ngoái đi,action,REPORT_GENERAL
sửa giao dịch cuối thành 500k,action,EDIT
kiếm giúp khoản trà sữa,action,SEARCH_RECORD
check tiền đã xài thứ 6 đi,action,REPORT_GENERAL
tạo mục tiêu tiết kiệm 2 triệu,action,GOAL
tìm record tuần này,action,SEARCH
để dành 1 triệu nha,action,SET_GOAL
xem report mua sắm thứ 3,action,REPORT
set limit mua sắm 1 triệu mỗi tháng,action,SET_LIMIT
sửa giao dịch cuối thành 5 triệu,action,UPDATE_RECORD
search hóa đơn trên 50k,action,SEARCH_RECORD
search hóa đơn trên 500k,action,SEARCH
check tiền đã xài tháng 12 năm ngoái đi,action,REPORT_INCOME
gợi ý ngân sách tháng sau,action,SUGGEST_BUDGET
cộng thêm 500k vào hạn mức,action,SET_LIMIT
save goal mua laptop 10 triệu,action,GOAL
check tiền đã xài cuối tuần đi,action,REPORT
xem report sức khỏe thứ 6,action,REPORT_INCOME
set limit nhà ở 50k mỗi tháng,action,SET_LIMIT
để dành 200k nha,action,GOAL
update record vừa nhập,action,UPDATE_RECORD
thống kê chi tiêu tháng 12 năm ngoái,action,REPORT_GENERAL
đặt hạn mức mua sắm 200k,action,LIMIT
xem report mua sắm 7 ngày qua,action,REPORT_GENERAL
tìm record thứ 2,action,SEARCH
đặt hạn mức giải trí 5 triệu,action,SET_LIMIT
cộng thêm 50k vào hạn mức,action,LIMIT
update record vừa nhập,action,EDIT
set income 200k,action,SET_INCOME
cho t xem báo cáo chủ nhật,action,REPORT_INCOME
save goal mua laptop 2 triệu,action,SET_GOAL
xóa giao dịch vừa nhập,action,DELETE
chỉnh lại ghi chú nha,action,UPDATE_RECORD
cộng thêm 200k vào hạn mức,action,SET_LIMIT
nói chuyện dễ thương hơn đi,action,SET_TONE
cho t xem báo cáo quý 1 năm nay,action,REPORT_GENERAL
search hóa đơn trên 2 triệu,action,SEARCH
save goal mua laptop 10 triệu,action,SET_GOAL
gọi mình là Boss nhé,action,SET_USERNAME
update record vừa nhập,action,UPDATE_RECORD
sửa giao dịch cuối thành 200k,action,UPDATE_RECORD
chuyển giao diện sáng,action,SETTING
đổi giọng sang châm chọc,action,SET_TONE
tắt thông báo chi tiêu,action,SET_ALERT
cho t xem báo cáo thứ 3,action,REPORT_GENERAL
kiếm giúp khoản trà sữa,action,SEARCH
tìm giao dịch nhà ở,action,SEARCH
chuyển giao diện sáng,action,SETTING
gợi ý ngân sách tháng sau,action,SUGGEST_BUDGET
chuyển giao diện sáng,action,SYSTEM_SETTING
set tone dễ thương,action,SET_TONE
update record vừa nhập,action,UPDATE_RECORD
cho t xem báo cáo 15-06-2026,action,REPORT_INCOME
cho t xem báo cáo tháng trước,action,REPORT
kiếm giúp khoản trà sữa,action,SEARCH
save goal mua laptop 50k,action,GOAL
set limit sức khỏe 200k mỗi tháng,action,SET_LIMIT
nói chuyện hài hước hơn đi,action,TONE
chuyển giao diện sáng,action,SYSTEM_SETTING
hủy hóa đơn mới nhất,action,DELETE_LAST
thống kê chi tiêu quý 1 năm nay,action,REPORT_INCOME
undo giao dịch cuối,action,DELETE_LAST
save goal mua laptop 200k,action,SET_GOAL
nói chuyện dặn dỗi hơn đi,action,SET_TONE
cho t xem báo cáo cuối tuần,action,REPORT_GENERAL
đề xuất budget hợp lý đi,action,SUGGEST
kiếm giúp khoản trà sữa,action,SEARCH
xóa record cuối giúp mình,action,DELETE
check tiền đã xài thứ 6 đi,action,REPORT_GENERAL
check tiền đã xài tháng này đi,action,REPORT_COMPARE
set tone hài hước,action,TONE
từ giờ gọi t là Khang,action,SET_USERNAME
mở cài đặt,action,SYSTEM_SETTING
undo giao dịch cuối,action,DELETE_LAST
search hóa đơn trên 1 triệu,action,SEARCH_RECORD
chuyển style nói chuyện nhé,action,SET_TONE
sửa giao dịch cuối thành 1 triệu,action,EDIT
đặt hạn mức giáo dục 200k,action,LIMIT
xem report nhà ở 30 ngày qua,action,REPORT_GENERAL
sửa giao dịch cuối thành 1 triệu,action,EDIT
đặt hạn mức giáo dục 200k,action,LIMIT
tìm record thứ 3,action,SEARCH_RECORD
cho t xem báo cáo 30 ngày qua,action,REPORT
tìm record tháng trước,action,SEARCH_RECORD
cho t xem báo cáo 30 ngày qua,action,REPORT
update record vừa nhập,action,UPDATE_RECORD
nói chuyện châm chọc hơn đi,action,TONE
tháng tới nên tiêu bao nhiêu,action,SUGGEST
mỗi tháng mình kiếm 2 triệu,action,SET_INCOME
tắt chế độ tối,action,SETTING
check tiền đã xài tháng này đi,action,REPORT_GENERAL
check tiền đã xài tháng này đi,action,REPORT_GENERAL
tắt chế độ tối,action,SYSTEM_SETTING
gợi ý ngân sách tháng sau,action,SUGGEST
bật dark mode,action,SETTING
cho t xem báo cáo tháng này,action,REPORT_GENERAL
đổi tên thành Bin,action,SET_USERNAME
đề xuất budget hợp lý đi,action,SUGGEST
mục tiêu du lịch 5 triệu trước năm ngoái,action,SET_GOAL
xóa giao dịch vừa nhập,action,DELETE
chỉnh lại ghi chú nha,action,EDIT
xem report sức khỏe tháng này,action,REPORT_GENERAL
xem report sức khỏe thứ 6,action,REPORT_INCOME
đề xuất budget hợp lý đi,action,SUGGEST
xem report đi lại tuần trước,action,REPORT_COMPARE
để dành 2 triệu nha,action,SET_GOAL
sửa giao dịch cuối thành 5 triệu,action,UPDATE_RECORD
undo giao dịch cuối,action,DELETE_LAST
search hóa đơn trên 1 triệu,action,SEARCH_RECORD
set income 50k,action,SET_INCOME
thống kê chi tiêu năm ngoái,action,REPORT_INCOME
nhắc mình khi vượt ngân sách,action,SET_ALERT
tháng tới nên tiêu bao nhiêu,action,SUGGEST_BUDGET
set income 10 triệu,action,SET_INCOME
cộng thêm 2 triệu vào hạn mức,action,SET_LIMIT
tư vấn hạn mức cho mình,action,SUGGEST
nói chuyện dễ thương hơn đi,action,SET_TONE
chuyển style nói chuyện nhé,action,SET_TONE
tư vấn hạn mức cho mình,action,SUGGEST
set tone nghiêm túc,action,SET_TONE
tư vấn hạn mức cho mình,action,SUGGEST_BUDGET
mỗi tháng mình kiếm 1 triệu,action,SET_INCOME
set tone dặn dỗi,action,SET_TONE
bật dark mode,action,SYSTEM_SETTING
alert hạn mức cho đi lại,action,SET_ALERT
set tone dễ thương,action,SET_TONE
sửa giao dịch cuối thành 100k,action,EDIT
chuyển giao diện sáng,action,SYSTEM_SETTING
chỉnh lại ghi chú nha,action,UPDATE_RECORD
mỗi tháng mình kiếm 1 triệu,action,SET_INCOME
từ giờ gọi t là Boss,action,SET_USERNAME
để dành 5 triệu nha,action,SET_GOAL
bật dark mode,action,SETTING
giảm limit còn 100k,action,SET_LIMIT
chuyển giao diện sáng,action,SETTING
tìm record năm nay,action,SEARCH_RECORD
nói chuyện nghiêm túc hơn đi,action,SET_TONE
xem report mua sắm tuần này,action,REPORT
mục tiêu du lịch 50k trước hôm qua,action,SET_GOAL
kiếm giúp khoản trà sữa,action,SEARCH_RECORD
đề xuất budget hợp lý đi,action,SUGGEST_BUDGET
check tiền đã xài năm nay đi,action,REPORT_COMPARE
cho t xem báo cáo thứ 3,action,REPORT_GENERAL
đề xuất budget hợp lý đi,action,SUGGEST_BUDGET
chuyển style nói chuyện nhé,action,SET_TONE
chỉnh lại ghi chú nha,action,UPDATE_RECORD
search hóa đơn trên 200k,action,SEARCH_RECORD
mục tiêu du lịch 50k trước 30 ngày qua,action,GOAL
xem report nhà ở hôm qua,action,REPORT_INCOME
cộng thêm 1 triệu vào hạn mức,action,LIMIT
chuyển giao diện sáng,action,SETTING
set nickname Boss,action,SET_USERNAME
thu nhập tháng này 2 triệu,action,SET_INCOME
thống kê chi tiêu tháng này,action,REPORT_COMPARE
tắt chế độ tối,action,SETTING
alert hạn mức cho giải trí,action,SET_ALERT
kiếm giúp khoản trà sữa,action,SEARCH
giảm limit còn 500k,action,LIMIT
check tiền đã xài quý 1 năm nay đi,action,REPORT
đổi tên thành Anh Khang,action,SET_USERNAME
đặt hạn mức mua sắm 5 triệu,action,LIMIT
thống kê chi tiêu hôm nay,action,REPORT_INCOME
đặt hạn mức giáo dục 2 triệu,action,SET_LIMIT
check tiền đã xài thứ 2 đi,action,REPORT_INCOME
cho t xem báo cáo 23-12-2025,action,REPORT_GENERAL
cho t xem báo cáo thứ 2,action,REPORT_GENERAL
update record vừa nhập,action,UPDATE_RECORD
check tiền đã xài năm ngoái đi,action,REPORT_COMPARE
xóa record cuối giúp mình,action,DELETE_LAST
xóa record cuối giúp mình,action,DELETE_LAST
gọi mình là Anh Khang nhé,action,SET_USERNAME
để dành 5 triệu nha,action,SET_GOAL
thống kê chi tiêu tháng 12 năm ngoái,action,REPORT_GENERAL
mục tiêu du lịch 5 triệu trước năm ngoái,action,GOAL
save goal mua laptop 200k,action,SET_GOAL
thống kê chi tiêu 15-06-2026,action,REPORT_GENERAL
set nickname Min,action,SET_USERNAME
sửa giao dịch cuối thành 50k,action,UPDATE_RECORD
undo giao dịch cuối,action,DELETE_LAST
set tone hài hước,action,SET_TONE
mở cài đặt,action,SETTING
chuyển giao diện sáng,action,SETTING
thống kê chi tiêu chủ nhật,action,REPORT_GENERAL
bật cảnh báo giải trí,action,SET_ALERT
gợi ý ngân sách tháng sau,action,SUGGEST
chuyển giao diện sáng,action,SYSTEM_SETTING
xem report đi lại tháng trước,action,REPORT_GENERAL
đặt hạn mức nhà ở 500k,action,LIMIT
chuyển style nói chuyện nhé,action,SET_TONE
đề xuất budget hợp lý đi,action,SUGGEST_BUDGET
để dành 5 triệu nha,action,SET_GOAL
tìm record 01-01-2026,action,SEARCH_RECORD
tắt thông báo chi tiêu,action,SET_ALERT
xem report ăn uống tuần trước,action,REPORT_GENERAL
set nickname Min,action,SET_USERNAME
search hóa đơn trên 50k,action,SEARCH_RECORD
tắt chế độ tối,action,SYSTEM_SETTING
alert hạn mức cho mua sắm,action,SET_ALERT
nói chuyện dễ thương hơn đi,action,SET_TONE
save goal mua laptop 200k,action,SET_GOAL
set tone dễ thương,action,TONE
mỗi tháng mình kiếm 10 triệu,action,SET_INCOME
set tone dặn dỗi,action,SET_TONE
nói chuyện dặn dỗi hơn đi,action,SET_TONE
tìm giao dịch giáo dục,action,SEARCH
chuyển style nói chuyện nhé,action,SET_TONE
đổi danh mục sang giáo dục,action,EDIT
cho t xem báo cáo 7 ngày qua,action,REPORT
set tone nghiêm túc,action,TONE
đổi danh mục sang giải trí,action,EDIT
set tone châm chọc,action,TONE
undo giao dịch cuối,action,DELETE_LAST
set limit đi lại 10 triệu mỗi tháng,action,SET_LIMIT
xóa giao dịch vừa nhập,action,DELETE_LAST
bật dark mode,action,SYSTEM_SETTING
undo giao dịch cuối,action,DELETE_LAST
xem report mua sắm tháng trước,action,REPORT
đặt hạn mức nhà ở 2 triệu,action,LIMIT
chuyển giao diện sáng,action,SYSTEM_SETTING
tìm giao dịch sức khỏe,action,SEARCH
tư vấn hạn mức cho mình,action,SUGGEST
mục tiêu du lịch 1 triệu trước quý 1 năm nay,action,GOAL
tìm record cuối tuần,action,SEARCH
xem report mua sắm 23-12-2025,action,REPORT_COMPARE
bật cảnh báo ăn uống,action,SET_ALERT
check tiền đã xài 01-01-2026 đi,action,REPORT_GENERAL
tháng tới nên tiêu bao nhiêu,action,SUGGEST_BUDGET
chuyển giao diện sáng,action,SYSTEM_SETTING
tư vấn hạn mức cho mình,action,SUGGEST_BUDGET
check tiền đã xài tháng 12 năm ngoái đi,action,REPORT_INCOME
check tiền đã xài hôm nay đi,action,REPORT_COMPARE
hủy hóa đơn mới nhất,action,DELETE_LAST
sửa giao dịch cuối thành 1 triệu,action,UPDATE_RECORD
mở cài đặt,action,SETTING
kiếm giúp khoản trà sữa,action,SEARCH
mục tiêu du lịch 1 triệu trước chủ nhật,action,SET_GOAL
gợi ý ngân sách tháng sau,action,SUGGEST_BUDGET
tìm giao dịch giáo dục,action,SEARCH_RECORD
check tiền đã xài tuần này đi,action,REPORT
chuyển giao diện sáng,action,SYSTEM_SETTING
đổi danh mục sang giáo dục,action,UPDATE_RECORD
thống kê chi tiêu hôm nay,action,REPORT
mở cài đặt,action,SETTING
thống kê chi tiêu tháng này,action,REPORT_GENERAL
tìm giao dịch mua sắm,action,SEARCH
undo giao dịch cuối,action,DELETE
để dành 10 triệu nha,action,SET_GOAL
hủy hóa đơn mới nhất,action,DELETE
set tone dễ thương,action,SET_TONE
cộng thêm 50k vào hạn mức,action,SET_LIMIT
thống kê chi tiêu hôm qua,action,REPORT_GENERAL
từ giờ gọi t là Bin,action,SET_USERNAME
nói chuyện dễ thương hơn đi,action,SET_TONE
thống kê chi tiêu tuần này,action,REPORT_COMPARE
set tone nghiêm túc,action,TONE
chuyển style nói chuyện nhé,action,TONE
để dành 500k nha,action,GOAL
set limit đi lại 2 triệu mỗi tháng,action,LIMIT
đặt hạn mức giáo dục 5 triệu,action,LIMIT
check tiền đã xài 7 ngày qua đi,action,REPORT
cho t xem báo cáo tuần trước,action,REPORT_GENERAL
set tone dễ thương,action,TONE
đổi giọng sang nghiêm túc,action,SET_TONE
tư vấn hạn mức cho mình,action,SUGGEST_BUDGET
tháng tới nên tiêu bao nhiêu,action,SUGGEST
alert hạn mức cho sức khỏe,action,SET_ALERT
mở cài đặt,action,SETTING
mục tiêu du lịch 10 triệu trước tuần trước,action,GOAL
để dành 10 triệu nha,action,SET_GOAL
tìm record năm ngoái,action,SEARCH_RECORD
thống kê chi tiêu tuần trước,action,REPORT_COMPARE
cho t xem báo cáo thứ 3,action,REPORT_GENERAL
thống kê chi tiêu 15-06-2026,action,REPORT_INCOME
cộng thêm 100k vào hạn mức,action,LIMIT
kiếm giúp khoản trà sữa,action,SEARCH
tắt chế độ tối,action,SETTING
chuyển giao diện sáng,action,SETTING
thu nhập tháng này 500k,action,SET_INCOME
đặt hạn mức giải trí 1 triệu,action,SET_LIMIT
tắt chế độ tối,action,SYSTEM_SETTING
chuyển giao diện sáng,action,SETTING
tạo mục tiêu tiết kiệm 100k,action,SET_GOAL
để dành 500k nha,action,SET_GOAL
save goal mua laptop 50k,action,GOAL
set tone dặn dỗi,action,SET_TONE
check tiền đã xài hôm qua đi,action,REPORT_COMPARE
đặt hạn mức nhà ở 10 triệu,action,LIMIT
mở cài đặt,action,SETTING
tạo mục tiêu tiết kiệm 200k,action,GOAL
đề xuất budget hợp lý đi,action,SUGGEST_BUDGET
đặt hạn mức sức khỏe 50k,action,SET_LIMIT
hủy hóa đơn mới nhất,action,DELETE_LAST
chỉnh lại ghi chú nha,action,EDIT
đổi giọng sang dễ thương,action,SET_TONE
mỗi tháng mình kiếm 1 triệu,action,SET_INCOME
sửa giao dịch cuối thành 100k,action,EDIT
undo giao dịch cuối,action,DELETE
update record vừa nhập,action,EDIT
kiếm giúp khoản trà sữa,action,SEARCH_RECORD
thống kê chi tiêu 01-01-2026,action,REPORT
đổi danh mục sang sức khỏe,action,UPDATE_RECORD
check tiền đã xài thứ 2 đi,action,REPORT_GENERAL
bật cảnh báo giáo dục,action,SET_ALERT
đổi giọng sang dặn dỗi,action,TONE
xem report giáo dục thứ 6,action,REPORT_COMPARE
cho t xem báo cáo 15-06-2026,action,REPORT
chỉnh lại ghi chú nha,action,EDIT
cho t xem báo cáo tuần trước,action,REPORT_GENERAL
lương của mình là 100k,action,SET_INCOME
tư vấn hạn mức cho mình,action,SUGGEST_BUDGET
để dành 2 triệu nha,action,GOAL
set limit giáo dục 1 triệu mỗi tháng,action,SET_LIMIT
tắt thông báo chi tiêu,action,SET_ALERT
xem report đi lại chủ nhật,action,REPORT
chuyển style nói chuyện nhé,action,SET_TONE
đề xuất budget hợp lý đi,action,SUGGEST
tạo mục tiêu tiết kiệm 1 triệu,action,SET_GOAL
thống kê chi tiêu 23-12-2025,action,REPORT_GENERAL
đổi danh mục sang đi lại,action,UPDATE_RECORD
nhắc mình khi vượt ngân sách,action,SET_ALERT
tắt chế độ tối,action,SYSTEM_SETTING
kiếm giúp khoản trà sữa,action,SEARCH_RECORD
xóa record cuối giúp mình,action,DELETE
tắt thông báo chi tiêu,action,SET_ALERT
tìm record năm nay,action,SEARCH_RECORD
đổi tên thành Khang,action,SET_USERNAME
chuyển giao diện sáng,action,SYSTEM_SETTING
mục tiêu du lịch 5 triệu trước 01-01-2026,action,GOAL
set limit đi lại 50k mỗi tháng,action,SET_LIMIT
đặt hạn mức giải trí 500k,action,SET_LIMIT
nói chuyện dặn dỗi hơn đi,action,TONE
chuyển style nói chuyện nhé,action,TONE
cho t xem báo cáo 30 ngày qua,action,REPORT_COMPARE
thu nhập tháng này 50k,action,SET_INCOME
thống kê chi tiêu 7 ngày qua,action,REPORT_GENERAL
set tone châm chọc,action,TONE
chuyển giao diện sáng,action,SETTING
hủy hóa đơn mới nhất,action,DELETE_LAST
chuyển giao diện sáng,action,SETTING
để dành 1 triệu nha,action,SET_GOAL
xóa record cuối giúp mình,action,DELETE
update record vừa nhập,action,UPDATE_RECORD
tư vấn hạn mức cho mình,action,SUGGEST_BUDGET
gợi ý ngân sách tháng sau,action,SUGGEST
set tone nghiêm túc,action,TONE
tắt chế độ tối,action,SETTING
xem report nhà ở 01-01-2026,action,REPORT_COMPARE
update record vừa nhập,action,EDIT
nhắc mình khi vượt ngân sách,action,SET_ALERT
hủy hóa đơn mới nhất,action,DELETE
thu nhập tháng này 5 triệu,action,SET_INCOME
đổi danh mục sang giáo dục,action,EDIT
thống kê chi tiêu tháng 12 năm ngoái,action,REPORT_INCOME
tắt chế độ tối,action,SETTING
đề xuất budget hợp lý đi,action,SUGGEST
tháng tới nên tiêu bao nhiêu,action,SUGGEST_BUDGET
tìm giao dịch đi lại,action,SEARCH
hủy hóa đơn mới nhất,action,DELETE
save goal mua laptop 1 triệu,action,GOAL
chuyển style nói chuyện nhé,action,SET_TONE
tạo mục tiêu tiết kiệm 200k,action,SET_GOAL
undo giao dịch cuối,action,DELETE_LAST
hủy hóa đơn mới nhất,action,DELETE
tư vấn hạn mức cho mình,action,SUGGEST_BUDGET
cho t xem báo cáo năm nay,action,REPORT
đặt hạn mức đi lại 2 triệu,action,SET_LIMIT
tắt chế độ tối,action,SYSTEM_SETTING
tìm record 01-01-2026,action,SEARCH
chỉnh lại ghi chú nha,action,EDIT
chuyển giao diện sáng,action,SYSTEM_SETTING
thống kê chi tiêu tháng này,action,REPORT
tìm giao dịch giáo dục,action,SEARCH_RECORD
mục tiêu du lịch 10 triệu trước thứ 3,action,SET_GOAL
cho t xem báo cáo năm nay,action,REPORT_GENERAL
tìm record 01-01-2026,action,SEARCH
update record vừa nhập,action,UPDATE_RECORD
từ giờ gọi t là Bin,action,SET_USERNAME
đặt hạn mức sức khỏe 500k,action,SET_LIMIT
tắt thông báo chi tiêu,action,SET_ALERT
alert hạn mức cho sức khỏe,action,SET_ALERT
giảm limit còn 500k,action,LIMIT
tắt chế độ tối,action,SYSTEM_SETTING
lương của mình là 200k,action,SET_INCOME
cho t xem báo cáo hôm nay,action,REPORT_GENERAL
xóa record cuối giúp mình,action,DELETE
undo giao dịch cuối,action,DELETE_LAST
xóa giao dịch vừa nhập,action,DELETE_LAST
chuyển style nói chuyện nhé,action,SET_TONE
đề xuất budget hợp lý đi,action,SUGGEST_BUDGET
bật dark mode,action,SYSTEM_SETTING
alert hạn mức cho giải trí,action,SET_ALERT
cho t xem báo cáo quý 1 năm nay,action,REPORT
check tiền đã xài quý 1 năm nay đi,action,REPORT_INCOME
bật dark mode,action,SETTING
đề xuất budget hợp lý đi,action,SUGGEST_BUDGET
set limit giáo dục 100k mỗi tháng,action,LIMIT
tháng tới nên tiêu bao nhiêu,action,SUGGEST
tắt chế độ tối,action,SETTING
đề xuất budget hợp lý đi,action,SUGGEST
cho t xem báo cáo 23-12-2025,action,REPORT_GENERAL
tạo mục tiêu tiết kiệm 500k,action,SET_GOAL
chuyển style nói chuyện nhé,action,TONE
từ giờ gọi t là Khang,action,SET_USERNAME
set nickname Boss,action,SET_USERNAME
thu nhập tháng này 500k,action,SET_INCOME
set income 1 triệu,action,SET_INCOME
giảm limit còn 2 triệu,action,LIMIT
set limit giáo dục 200k mỗi tháng,action,SET_LIMIT
từ giờ gọi t là Anh Khang,action,SET_USERNAME
cho t xem báo cáo tháng 12 năm ngoái,action,REPORT_GENERAL
set income 500k,action,SET_INCOME
đổi danh mục sang đi lại,action,UPDATE_RECORD
gợi ý ngân sách tháng sau,action,SUGGEST
bật dark mode,action,SETTING
undo giao dịch cuối,action,DELETE_LAST
tìm giao dịch giáo dục,action,SEARCH_RECORD
save goal mua laptop 100k,action,SET_GOAL
mở cài đặt,action,SETTING
cộng thêm 1 triệu vào hạn mức,action,LIMIT
chuyển style nói chuyện nhé,action,SET_TONE
đổi danh mục sang mua sắm,action,EDIT
xem report nhà ở tháng này,action,REPORT_GENERAL
tháng tới nên tiêu bao nhiêu,action,SUGGEST
xem report sức khỏe tuần trước,action,REPORT_INCOME
check tiền đã xài 30 ngày qua đi,action,REPORT_GENERAL
hủy hóa đơn mới nhất,action,DELETE
bật dark mode,action,SETTING
chỉnh lại ghi chú nha,action,UPDATE_RECORD
set limit ăn uống 200k mỗi tháng,action,LIMIT
chỉnh lại ghi chú nha,action,UPDATE_RECORD
kiếm giúp khoản trà sữa,action,SEARCH
nói chuyện châm chọc hơn đi,action,TONE
chuyển giao diện sáng,action,SETTING
thống kê chi tiêu 01-01-2026,action,REPORT_COMPARE
sửa giao dịch cuối thành 50k,action,UPDATE_RECORD
update record vừa nhập,action,UPDATE_RECORD
đổi danh mục sang sức khỏe,action,UPDATE_RECORD
mở cài đặt,action,SETTING
chỉnh lại ghi chú nha,action,UPDATE_RECORD
set limit giải trí 200k mỗi tháng,action,SET_LIMIT
alert hạn mức cho nhà ở,action,SET_ALERT
đặt hạn mức ăn uống 50k,action,SET_LIMIT
để dành 2 triệu nha,action,SET_GOAL
tìm giao dịch đi lại,action,SEARCH
mỗi tháng mình kiếm 50k,action,SET_INCOME
chuyển giao diện sáng,action,SETTING
chuyển style nói chuyện nhé,action,TONE
tạo mục tiêu tiết kiệm 5 triệu,action,SET_GOAL
chuyển giao diện sáng,action,SETTING
gọi mình là Anh Khang nhé,action,SET_USERNAME
save goal mua laptop 200k,action,GOAL
đề xuất budget hợp lý đi,action,SUGGEST
tạo mục tiêu tiết kiệm 1 triệu,action,GOAL
thống kê chi tiêu quý 1 năm nay,action,REPORT
tìm giao dịch mua sắm,action,SEARCH
cho t xem báo cáo tuần này,action,REPORT_GENERAL
đặt hạn mức sức khỏe 100k,action,LIMIT
thống kê chi tiêu năm nay,action,REPORT
check tiền đã xài tháng này đi,action,REPORT
gọi mình là Bin nhé,action,SET_USERNAME
tư vấn hạn mức cho mình,action,SUGGEST
cộng thêm 10 triệu vào hạn mức,action,LIMIT
đặt hạn mức ăn uống 200k,action,LIMIT
update record vừa nhập,action,EDIT
đổi danh mục sang giáo dục,action,UPDATE_RECORD
mục tiêu du lịch 10 triệu trước 23-12-2025,action,SET_GOAL
đặt hạn mức đi lại 5 triệu,action,LIMIT
check tiền đã xài hôm nay đi,action,REPORT_GENERAL
mục tiêu du lịch 50k trước thứ 3,action,SET_GOAL
check tiền đã xài tháng 12 năm ngoái đi,action,REPORT_INCOME
chuyển style nói chuyện nhé,action,SET_TONE
search hóa đơn trên 2 triệu,action,SEARCH
thống kê chi tiêu 23-12-2025,action,REPORT_GENERAL
tắt thông báo chi tiêu,action,SET_ALERT
tạo mục tiêu tiết kiệm 50k,action,GOAL
lương của mình là 10 triệu,action,SET_INCOME
chuyển giao diện sáng,action,SETTING
check tiền đã xài hôm nay đi,action,REPORT_INCOME
nói chuyện châm chọc hơn đi,action,TONE
tìm record thứ 2,action,SEARCH
sửa giao dịch cuối thành 500k,action,UPDATE_RECORD
search hóa đơn trên 200k,action,SEARCH
sửa giao dịch cuối thành 500k,action,UPDATE_RECORD
cho t xem báo cáo 7 ngày qua,action,REPORT
mục tiêu du lịch 100k trước tháng này,action,GOAL
để dành 10 triệu nha,action,SET_GOAL
mỗi tháng mình kiếm 2 triệu,action,SET_INCOME
đổi danh mục sang nhà ở,action,EDIT
kiếm giúp khoản trà sữa,action,SEARCH
check tiền đã xài hôm nay đi,action,REPORT_GENERAL
mở cài đặt,action,SETTING
lương của mình là 500k,action,SET_INCOME
mục tiêu du lịch 10 triệu trước 23-12-2025,action,GOAL
search hóa đơn trên 200k,action,SEARCH
tìm giao dịch mua sắm,action,SEARCH_RECORD
sửa giao dịch cuối thành 2 triệu,action,EDIT
bật cảnh báo ăn uống,action,SET_ALERT
undo giao dịch cuối,action,DELETE_LAST
xem report ăn uống 01-01-2026,action,REPORT
chỉnh lại ghi chú nha,action,EDIT
chuyển giao diện sáng,action,SETTING
cho t xem báo cáo hôm nay,action,REPORT_GENERAL
cho t xem báo cáo thứ 2,action,REPORT_COMPARE
undo giao dịch cuối,action,DELETE_LAST
check tiền đã xài thứ 2 đi,action,REPORT_GENERAL
tìm giao dịch mua sắm,action,SEARCH_RECORD
tạo mục tiêu tiết kiệm 200k,action,GOAL
hủy hóa đơn mới nhất,action,DELETE_LAST
nhắc mình khi vượt ngân sách,action,SET_ALERT
check tiền đã xài thứ 3 đi,action,REPORT_COMPARE
đổi tên thành Anh Khang,action,SET_USERNAME
đổi giọng sang dặn dỗi,action,SET_TONE
thống kê chi tiêu tuần này,action,REPORT_GENERAL
nói chuyện dặn dỗi hơn đi,action,TONE
đổi tên thành Bin,action,SET_USERNAME
tìm record quý 1 năm nay,action,SEARCH
set limit mua sắm 50k mỗi tháng,action,SET_LIMIT
set income 2 triệu,action,SET_INCOME
chuyển giao diện sáng,action,SYSTEM_SETTING
check tiền đã xài 30 ngày qua đi,action,REPORT_GENERAL
check tiền đã xài tháng 12 năm ngoái đi,action,REPORT_GENERAL
tư vấn hạn mức cho mình,action,SUGGEST
bật dark mode,action,SETTING
cộng thêm 200k vào hạn mức,action,LIMIT
update record vừa nhập,action,UPDATE_RECORD
thống kê chi tiêu thứ 6,action,REPORT
check tiền đã xài tháng trước đi,action,REPORT_INCOME
undo giao dịch cuối,action,DELETE
kiếm giúp khoản trà sữa,action,SEARCH_RECORD
tìm giao dịch giáo dục,action,SEARCH
giảm limit còn 200k,action,SET_LIMIT
check tiền đã xài thứ 3 đi,action,REPORT
hủy hóa đơn mới nhất,action,DELETE
để dành 100k nha,action,SET_GOAL
tư vấn hạn mức cho mình,action,SUGGEST_BUDGET
check tiền đã xài năm ngoái đi,action,REPORT_INCOME
tư vấn hạn mức cho mình,action,SUGGEST_BUDGET
mở cài đặt,action,SETTING
undo giao dịch cuối,action,DELETE
set limit ăn uống 500k mỗi tháng,action,LIMIT
gợi ý ngân sách tháng sau,action,SUGGEST_BUDGET
chỉnh lại ghi chú nha,action,EDIT
bật dark mode,action,SETTING
mở cài đặt,action,SYSTEM_SETTING
mở cài đặt,action,SYSTEM_SETTING
để dành 200k nha,action,GOAL
nói chuyện dặn dỗi hơn đi,action,TONE
tắt chế độ tối,action,SETTING
tháng tới nên tiêu bao nhiêu,action,SUGGEST_BUDGET
tạo mục tiêu tiết kiệm 100k,action,SET_GOAL
save goal mua laptop 500k,action,SET_GOAL
đề xuất budget hợp lý đi,action,SUGGEST_BUDGET
gọi mình là Bin nhé,action,SET_USERNAME
chỉnh lại ghi chú nha,action,EDIT
để dành 2 triệu nha,action,GOAL
tạo mục tiêu tiết kiệm 200k,action,GOAL
tháng tới nên tiêu bao nhiêu,action,SUGGEST
set income 500k,action,SET_INCOME
đổi danh mục sang ăn uống,action,UPDATE_RECORD
giảm limit còn 500k,action,SET_LIMIT
cộng thêm 500k vào hạn mức,action,LIMIT
nhắc mình khi vượt ngân sách,action,SET_ALERT
cho t xem báo cáo 15-06-2026,action,REPORT_GENERAL
set tone dặn dỗi,action,TONE
tháng tới nên tiêu bao nhiêu,action,SUGGEST_BUDGET
undo giao dịch cuối,action,DELETE
nhắc mình khi vượt ngân sách,action,SET_ALERT
đổi giọng sang dặn dỗi,action,SET_TONE
gợi ý ngân sách tháng sau,action,SUGGEST_BUDGET
mở cài đặt,action,SETTING
xem report nhà ở thứ 3,action,REPORT
hủy hóa đơn mới nhất,action,DELETE_LAST
cho t xem báo cáo tuần trước,action,REPORT_GENERAL
xem report ăn uống tháng 12 năm ngoái,action,REPORT_GENERAL
sửa giao dịch cuối thành 500k,action,EDIT
tìm giao dịch giáo dục,action,SEARCH_RECORD
cho t xem báo cáo quý 1 năm nay,action,REPORT_COMPARE
cho t xem báo cáo tháng này,action,REPORT
thống kê chi tiêu thứ 6,action,REPORT_COMPARE
tư vấn hạn mức cho mình,action,SUGGEST_BUDGET
tạo mục tiêu tiết kiệm 200k,action,GOAL
chuyển giao diện sáng,action,SETTING
hủy hóa đơn mới nhất,action,DELETE
hủy hóa đơn mới nhất,action,DELETE
nói chuyện châm chọc hơn đi,action,TONE
search hóa đơn trên 200k,action,SEARCH
mở cài đặt,action,SETTING
tháng tới nên tiêu bao nhiêu,action,SUGGEST
search hóa đơn trên 100k,action,SEARCH_RECORD
tạo mục tiêu tiết kiệm 1 triệu,action,GOAL
để dành 100k nha,action,GOAL
mở cài đặt,action,SYSTEM_SETTING
đổi danh mục sang đi lại,action,UPDATE_RECORD
xem report sức khỏe 23-12-2025,action,REPORT_GENERAL
thu nhập tháng này 500k,action,SET_INCOME
thống kê chi tiêu cuối tuần,action,REPORT_GENERAL
gợi ý ngân sách tháng sau,action,SUGGEST_BUDGET
lương của mình là 2 triệu,action,SET_INCOME
gợi ý ngân sách tháng sau,action,SUGGEST
hủy hóa đơn mới nhất,action,DELETE_LAST
tắt chế độ tối,action,SYSTEM_SETTING
đặt hạn mức đi lại 10 triệu,action,SET_LIMIT
tạo mục tiêu tiết kiệm 500k,action,GOAL
cho t xem báo cáo thứ 6,action,REPORT_INCOME
thống kê chi tiêu thứ 6,action,REPORT_INCOME
tìm record tháng 12 năm ngoái,action,SEARCH_RECORD
save goal mua laptop 10 triệu,action,SET_GOAL
chuyển giao diện sáng,action,SETTING
mỗi tháng mình kiếm 500k,action,SET_INCOME
undo giao dịch cuối,action,DELETE
sửa giao dịch cuối thành 200k,action,UPDATE_RECORD
set tone hài hước,action,TONE
mỗi tháng mình kiếm 50k,action,SET_INCOME
undo giao dịch cuối,action,DELETE
tháng tới nên tiêu bao nhiêu,action,SUGGEST_BUDGET
set tone hài hước,action,TONE
đề xuất budget hợp lý đi,action,SUGGEST
hủy hóa đơn mới nhất,action,DELETE_LAST
tắt thông báo chi tiêu,action,SET_ALERT
xem report giải trí tháng này,action,REPORT
save goal mua laptop 2 triệu,action,SET_GOAL
set limit giáo dục 50k mỗi tháng,action,SET_LIMIT
save goal mua laptop 10 triệu,action,SET_GOAL
alert hạn mức cho giải trí,action,SET_ALERT
đặt hạn mức giáo dục 2 triệu,action,LIMIT
xóa record cuối giúp mình,action,DELETE
xóa record cuối giúp mình,action,DELETE_LAST
tắt thông báo chi tiêu,action,SET_ALERT
check tiền đã xài năm nay đi,action,REPORT_COMPARE
mục tiêu du lịch 50k trước cuối tuần,action,GOAL
đổi giọng sang châm chọc,action,TONE
xem report đi lại hôm nay,action,REPORT_GENERAL
xem report nhà ở tháng trước,action,REPORT_GENERAL
tư vấn hạn mức cho mình,action,SUGGEST
nói chuyện châm chọc hơn đi,action,TONE
giảm limit còn 50k,action,LIMIT
undo giao dịch cuối,action,DELETE_LAST
đổi danh mục sang giải trí,action,EDIT
tư vấn hạn mức cho mình,action,SUGGEST_BUDGET
search hóa đơn trên 5 triệu,action,SEARCH_RECORD
thống kê chi tiêu hôm nay,action,REPORT_INCOME
giảm limit còn 2 triệu,action,LIMIT
set nickname Bin,action,SET_USERNAME
nói chuyện châm chọc hơn đi,action,TONE
đổi tên thành Bin,action,SET_USERNAME
chuyển giao diện sáng,action,SYSTEM_SETTING
xem report nhà ở tuần trước,action,REPORT_COMPARE
set limit sức khỏe 1 triệu mỗi tháng,action,SET_LIMIT
thu nhập tháng này 200k,action,SET_INCOME
tháng tới nên tiêu bao nhiêu,action,SUGGEST_BUDGET
bật dark mode,action,SETTING
đề xuất budget hợp lý đi,action,SUGGEST_BUDGET
giảm limit còn 50k,action,LIMIT
tìm giao dịch giáo dục,action,SEARCH
cho t xem báo cáo thứ 6,action,REPORT_GENERAL
undo giao dịch cuối,action,DELETE_LAST
cho t xem báo cáo năm nay,action,REPORT_COMPARE
sửa giao dịch cuối thành 1 triệu,action,EDIT
mở cài đặt,action,SETTING
check tiền đã xài 01-01-2026 đi,action,REPORT_INCOME
đổi tên thành Anh Khang,action,SET_USERNAME
thu nhập tháng này 10 triệu,action,SET_INCOME
hủy hóa đơn mới nhất,action,DELETE
sửa giao dịch cuối thành 5 triệu,action,EDIT
tìm record thứ 6,action,SEARCH_RECORD
check tiền đã xài tuần trước đi,action,REPORT
xem report giải trí thứ 3,action,REPORT_COMPARE
set tone dễ thương,action,TONE
set tone châm chọc,action,TONE
tư vấn hạn mức cho mình,action,SUGGEST
tìm record chủ nhật,action,SEARCH_RECORD
search hóa đơn trên 50k,action,SEARCH
tắt thông báo chi tiêu,action,SET_ALERT
set limit giải trí 10 triệu mỗi tháng,action,SET_LIMIT
chuyển giao diện sáng,action,SYSTEM_SETTING
đổi giọng sang dễ thương,action,TONE
đặt hạn mức sức khỏe 200k,action,LIMIT
tháng tới nên tiêu bao nhiêu,action,SUGGEST_BUDGET
thống kê chi tiêu hôm nay,action,REPORT_GENERAL
cộng thêm 10 triệu vào hạn mức,action,SET_LIMIT
sửa giao dịch cuối thành 10 triệu,action,UPDATE_RECORD
gợi ý ngân sách tháng sau,action,SUGGEST
tìm giao dịch đi lại,action,SEARCH_RECORD
check tiền đã xài 15-06-2026 đi,action,REPORT_COMPARE
giảm limit còn 1 triệu,action,SET_LIMIT
xem report đi lại năm ngoái,action,REPORT_INCOME
tư vấn hạn mức cho mình,action,SUGGEST_BUDGET
hủy hóa đơn mới nhất,action,DELETE_LAST
cho t xem báo cáo chủ nhật,action,REPORT_COMPARE
đổi giọng sang dặn dỗi,action,SET_TONE
hủy hóa đơn mới nhất,action,DELETE
thu nhập tháng này 10 triệu,action,SET_INCOME
gợi ý ngân sách tháng sau,action,SUGGEST_BUDGET
để dành 1 triệu nha,action,SET_GOAL
đặt hạn mức giải trí 5 triệu,action,LIMIT
check tiền đã xài 7 ngày qua đi,action,REPORT_GENERAL
tìm giao dịch giáo dục,action,SEARCH
thống kê chi tiêu năm nay,action,REPORT_COMPARE
sửa giao dịch cuối thành 200k,action,EDIT
tắt thông báo chi tiêu,action,SET_ALERT
tháng tới nên tiêu bao nhiêu,action,SUGGEST
set tone dặn dỗi,action,TONE
chuyển giao diện sáng,action,SYSTEM_SETTING
bật dark mode,action,SYSTEM_SETTING
bật dark mode,action,SYSTEM_SETTING
thu nhập tháng này 10 triệu,action,SET_INCOME
đổi giọng sang dặn dỗi,action,SET_TONE
set tone châm chọc,action,SET_TONE
alert hạn mức cho ăn uống,action,SET_ALERT
thống kê chi tiêu cuối tuần,action,REPORT
tắt chế độ tối,action,SYSTEM_SETTING
thu nhập tháng này 100k,action,SET_INCOME
check tiền đã xài tháng 12 năm ngoái đi,action,REPORT_COMPARE
alert hạn mức cho nhà ở,action,SET_ALERT
kiếm giúp khoản trà sữa,action,SEARCH
cho t xem báo cáo thứ 3,action,REPORT_COMPARE
bật dark mode,action,SETTING
gợi ý ngân sách tháng sau,action,SUGGEST_BUDGET
giảm limit còn 10 triệu,action,LIMIT
lương của mình là 500k,action,SET_INCOME
update record vừa nhập,action,UPDATE_RECORD
đổi danh mục sang mua sắm,action,UPDATE_RECORD
tắt chế độ tối,action,SETTING
đề xuất budget hợp lý đi,action,SUGGEST_BUDGET
gợi ý ngân sách tháng sau,action,SUGGEST_BUDGET
chỉnh lại ghi chú nha,action,UPDATE_RECORD
tìm record 30 ngày qua,action,SEARCH_RECORD
xóa giao dịch vừa nhập,action,DELETE
chỉnh lại ghi chú nha,action,EDIT
tháng tới nên tiêu bao nhiêu,action,SUGGEST
set limit mua sắm 200k mỗi tháng,action,SET_LIMIT
giảm limit còn 50k,action,LIMIT
đề xuất budget hợp lý đi,action,SUGGEST_BUDGET
thống kê chi tiêu hôm nay,action,REPORT_COMPARE
mục tiêu du lịch 100k trước tuần trước,action,SET_GOAL
để dành 5 triệu nha,action,GOAL
đề xuất budget hợp lý đi,action,SUGGEST_BUDGET
xóa giao dịch vừa nhập,action,DELETE_LAST
chuyển style nói chuyện nhé,action,SET_TONE
tháng tới nên tiêu bao nhiêu,action,SUGGEST
set nickname Anh Khang,action,SET_USERNAME
nhắc mình khi vượt ngân sách,action,SET_ALERT
tắt chế độ tối,action,SETTING
bật dark mode,action,SETTING
bật dark mode,action,SETTING
đổi danh mục sang giáo dục,action,EDIT
hủy hóa đơn mới nhất,action,DELETE_LAST
chuyển giao diện sáng,action,SETTING
để dành 500k nha,action,GOAL
chỉnh lại ghi chú nha,action,EDIT
sửa giao dịch cuối thành 200k,action,EDIT
đặt hạn mức sức khỏe 100k,action,SET_LIMIT
sửa giao dịch cuối thành 100k,action,UPDATE_RECORD
cho t xem báo cáo 23-12-2025,action,REPORT_COMPARE
update record vừa nhập,action,UPDATE_RECORD
nói chuyện hài hước hơn đi,action,TONE
tạo mục tiêu tiết kiệm 10 triệu,action,SET_GOAL
mở cài đặt,action,SYSTEM_SETTING
gợi ý ngân sách tháng sau,action,SUGGEST
chỉnh lại ghi chú nha,action,UPDATE_RECORD
chuyển giao diện sáng,action,SETTING
gọi mình là Mimo Master nhé,action,SET_USERNAME
bật dark mode,action,SETTING
đặt hạn mức giải trí 5 triệu,action,LIMIT
thống kê chi tiêu quý 1 năm nay,action,REPORT_INCOME
đổi tên thành Min,action,SET_USERNAME
check tiền đã xài hôm qua đi,action,REPORT_INCOME
alert hạn mức cho giải trí,action,SET_ALERT
đổi danh mục sang ăn uống,action,EDIT
bật cảnh báo giải trí,action,SET_ALERT
xóa record cuối giúp mình,action,DELETE
tắt chế độ tối,action,SETTING
thống kê chi tiêu 30 ngày qua,action,REPORT_INCOME
thu nhập tháng này 5 triệu,action,SET_INCOME
tắt thông báo chi tiêu,action,SET_ALERT
xóa giao dịch vừa nhập,action,DELETE
kiếm giúp khoản trà sữa,action,SEARCH_RECORD
sửa giao dịch cuối thành 10 triệu,action,EDIT
sửa giao dịch cuối thành 50k,action,UPDATE_RECORD
cho t xem báo cáo tháng này,action,REPORT_INCOME
đặt hạn mức giải trí 500k,action,SET_LIMIT
gợi ý ngân sách tháng sau,action,SUGGEST
tư vấn hạn mức cho mình,action,SUGGEST_BUDGET
nói chuyện dặn dỗi hơn đi,action,TONE
set tone châm chọc,action,SET_TONE
set limit sức khỏe 5 triệu mỗi tháng,action,SET_LIMIT
thống kê chi tiêu tháng trước,action,REPORT_COMPARE
xóa giao dịch vừa nhập,action,DELETE
search hóa đơn trên 500k,action,SEARCH_RECORD
tìm record 01-01-2026,action,SEARCH_RECORD
thống kê chi tiêu tuần này,action,REPORT_GENERAL
check tiền đã xài tháng này đi,action,REPORT_INCOME
nói chuyện nghiêm túc hơn đi,action,SET_TONE
đặt hạn mức giáo dục 1 triệu,action,LIMIT
nhắc mình khi vượt ngân sách,action,SET_ALERT
tắt thông báo chi tiêu,action,SET_ALERT
cho t xem báo cáo tháng 12 năm ngoái,action,REPORT_COMPARE
tìm giao dịch đi lại,action,SEARCH_RECORD
đổi giọng sang nghiêm túc,action,SET_TONE
update record vừa nhập,action,EDIT
thu nhập tháng này 100k,action,SET_INCOME
check tiền đã xài thứ 3 đi,action,REPORT_GENERAL
undo giao dịch cuối,action,DELETE_LAST
nói chuyện hài hước hơn đi,action,TONE
đặt hạn mức nhà ở 50k,action,SET_LIMIT
đổi giọng sang nghiêm túc,action,SET_TONE
cho t xem báo cáo 30 ngày qua,action,REPORT_COMPARE
thu nhập tháng này 200k,action,SET_INCOME
bật dark mode,action,SETTING
nói chuyện nghiêm túc hơn đi,action,SET_TONE
tìm record 01-01-2026,action,SEARCH
đề xuất budget hợp lý đi,action,SUGGEST_BUDGET
bật dark mode,action,SETTING
đặt hạn mức giáo dục 200k,action,SET_LIMIT
check tiền đã xài 23-12-2025 đi,action,REPORT_INCOME
mở cài đặt,action,SYSTEM_SETTING
chuyển style nói chuyện nhé,action,SET_TONE
xem report nhà ở 01-01-2026,action,REPORT
gợi ý ngân sách tháng sau,action,SUGGEST_BUDGET
alert hạn mức cho giải trí,action,SET_ALERT
tìm giao dịch đi lại,action,SEARCH
xóa giao dịch vừa nhập,action,DELETE
sửa giao dịch cuối thành 200k,action,UPDATE_RECORD
để dành 2 triệu nha,action,SET_GOAL
tìm record cuối tuần,action,SEARCH_RECORD
chuyển style nói chuyện nhé,action,SET_TONE
nói chuyện dễ thương hơn đi,action,TONE
tạo mục tiêu tiết kiệm 200k,action,GOAL
bật dark mode,action,SYSTEM_SETTING
hủy hóa đơn mới nhất,action,DELETE_LAST
check tiền đã xài quý 1 năm nay đi,action,REPORT_GENERAL
tắt chế độ tối,action,SETTING
để dành 5 triệu nha,action,SET_GOAL
đổi giọng sang hài hước,action,TONE
undo giao dịch cuối,action,DELETE
cộng thêm 2 triệu vào hạn mức,action,SET_LIMIT
search hóa đơn trên 1 triệu,action,SEARCH_RECORD
mục tiêu du lịch 2 triệu trước thứ 2,action,GOAL
tìm record tháng 12 năm ngoái,action,SEARCH
lương của mình là 500k,action,SET_INCOME
sửa giao dịch cuối thành 10 triệu,action,UPDATE_RECORD
bật dark mode,action,SYSTEM_SETTING
sửa giao dịch cuối thành 2 triệu,action,EDIT
đổi danh mục sang nhà ở,action,UPDATE_RECORD
tháng tới nên tiêu bao nhiêu,action,SUGGEST
nói chuyện nghiêm túc hơn đi,action,SET_TONE
update record vừa nhập,action,EDIT
thống kê chi tiêu tuần trước,action,REPORT
tắt chế độ tối,action,SETTING
tìm giao dịch ăn uống,action,SEARCH
xóa giao dịch vừa nhập,action,DELETE
search hóa đơn trên 1 triệu,action,SEARCH_RECORD
đổi giọng sang châm chọc,action,SET_TONE
tìm giao dịch sức khỏe,action,SEARCH_RECORD
bật dark mode,action,SYSTEM_SETTING
thống kê chi tiêu cuối tuần,action,REPORT
tạo mục tiêu tiết kiệm 50k,action,GOAL
gợi ý ngân sách tháng sau,action,SUGGEST
đổi tên thành Boss,action,SET_USERNAME
thu nhập tháng này 200k,action,SET_INCOME
đổi tên thành Mimo Master,action,SET_USERNAME
đổi danh mục sang mua sắm,action,EDIT
check tiền đã xài thứ 3 đi,action,REPORT_GENERAL
gợi ý ngân sách tháng sau,action,SUGGEST
set tone dễ thương,action,TONE
tạo mục tiêu tiết kiệm 50k,action,SET_GOAL
tìm record thứ 3,action,SEARCH_RECORD
tháng tới nên tiêu bao nhiêu,action,SUGGEST_BUDGET
hủy hóa đơn mới nhất,action,DELETE_LAST
check tiền đã xài thứ 2 đi,action,REPORT_GENERAL
search hóa đơn trên 1 triệu,action,SEARCH_RECORD
update record vừa nhập,action,UPDATE_RECORD
từ giờ gọi t là Bin,action,SET_USERNAME
check tiền đã xài tuần này đi,action,REPORT_GENERAL
hủy hóa đơn mới nhất,action,DELETE
xóa record cuối giúp mình,action,DELETE
cho t xem báo cáo tháng 12 năm ngoái,action,REPORT_COMPARE
thống kê chi tiêu 23-12-2025,action,REPORT_COMPARE
save goal mua laptop 1 triệu,action,GOAL
mỗi tháng mình kiếm 1 triệu,action,SET_INCOME
từ giờ gọi t là Anh Khang,action,SET_USERNAME
tư vấn hạn mức cho mình,action,SUGGEST
xóa giao dịch vừa nhập,action,DELETE
gợi ý ngân sách tháng sau,action,SUGGEST
tìm giao dịch mua sắm,action,SEARCH
check tiền đã xài hôm qua đi,action,REPORT_INCOME
lương của mình là 5 triệu,action,SET_INCOME
để dành 50k nha,action,SET_GOAL
tìm record tháng này,action,SEARCH
save goal mua laptop 100k,action,SET_GOAL
sửa giao dịch cuối thành 5 triệu,action,EDIT
thống kê chi tiêu tuần trước,action,REPORT_COMPARE
nói chuyện hài hước hơn đi,action,TONE
chỉnh lại ghi chú nha,action,EDIT
tắt chế độ tối,action,SETTING
thống kê chi tiêu 01-01-2026,action,REPORT_GENERAL
tư vấn hạn mức cho mình,action,SUGGEST
tìm record 7 ngày qua,action,SEARCH_RECORD
update record vừa nhập,action,EDIT
bật dark mode,action,SETTING
kiếm giúp khoản trà sữa,action,SEARCH
kiếm giúp khoản trà sữa,action,SEARCH
save goal mua laptop 100k,action,GOAL
mỗi tháng mình kiếm 50k,action,SET_INCOME
lương của mình là 5 triệu,action,SET_INCOME
check tiền đã xài năm nay đi,action,REPORT_INCOME
cho t xem báo cáo hôm nay,action,REPORT_GENERAL
xem report ăn uống 01-01-2026,action,REPORT
search hóa đơn trên 2 triệu,action,SEARCH_RECORD
lương của mình là 500k,action,SET_INCOME
undo giao dịch cuối,action,DELETE
thống kê chi tiêu cuối tuần,action,REPORT
đề xuất budget hợp lý đi,action,SUGGEST_BUDGET
cho t xem báo cáo hôm nay,action,REPORT
tắt thông báo chi tiêu,action,SET_ALERT
đổi giọng sang châm chọc,action,SET_TONE
bật dark mode,action,SYSTEM_SETTING
set tone dễ thương,action,SET_TONE
update record vừa nhập,action,UPDATE_RECORD
alert hạn mức cho nhà ở,action,SET_ALERT
cho t xem báo cáo tháng trước,action,REPORT
hủy hóa đơn mới nhất,action,DELETE
hủy hóa đơn mới nhất,action,DELETE
check tiền đã xài tháng 12 năm ngoái đi,action,REPORT
tắt chế độ tối,action,SETTING
thống kê chi tiêu chủ nhật,action,REPORT_COMPARE
chuyển style nói chuyện nhé,action,TONE
đặt hạn mức đi lại 2 triệu,action,SET_LIMIT
hủy hóa đơn mới nhất,action,DELETE_LAST
thống kê chi tiêu tháng này,action,REPORT_GENERAL
sửa giao dịch cuối thành 5 triệu,action,UPDATE_RECORD
bật dark mode,action,SETTING
mục tiêu du lịch 10 triệu trước năm nay,action,GOAL
cho t xem báo cáo tháng 12 năm ngoái,action,REPORT_INCOME
cho t xem báo cáo 23-12-2025,action,REPORT_GENERAL
thống kê chi tiêu 01-01-2026,action,REPORT_INCOME
kiếm giúp khoản trà sữa,action,SEARCH_RECORD
alert hạn mức cho đi lại,action,SET_ALERT
bật dark mode,action,SYSTEM_SETTING
chuyển giao diện sáng,action,SYSTEM_SETTING
hủy hóa đơn mới nhất,action,DELETE
cộng thêm 10 triệu vào hạn mức,action,SET_LIMIT
đổi danh mục sang đi lại,action,EDIT
thống kê chi tiêu năm ngoái,action,REPORT
bật dark mode,action,SYSTEM_SETTING
thống kê chi tiêu thứ 2,action,REPORT_COMPARE
xem report giáo dục quý 1 năm nay,action,REPORT_GENERAL
mở cài đặt,action,SYSTEM_SETTING
đổi giọng sang hài hước,action,TONE
nói chuyện hài hước hơn đi,action,TONE
đổi tên thành Bin,action,SET_USERNAME
kiếm giúp khoản trà sữa,action,SEARCH_RECORD
update record vừa nhập,action,UPDATE_RECORD
để dành 200k nha,action,SET_GOAL
đổi giọng sang dễ thương,action,SET_TONE
nhắc mình khi vượt ngân sách,action,SET_ALERT
đề xuất budget hợp lý đi,action,SUGGEST_BUDGET
check tiền đã xài chủ nhật đi,action,REPORT_COMPARE
check tiền đã xài tháng 12 năm ngoái đi,action,REPORT_GENERAL
cho t xem báo cáo 01-01-2026,action,REPORT_COMPARE
đề xuất budget hợp lý đi,action,SUGGEST
set limit mua sắm 500k mỗi tháng,action,SET_LIMIT
nhắc mình khi vượt ngân sách,action,SET_ALERT
save goal mua laptop 500k,action,SET_GOAL
mục tiêu du lịch 1 triệu trước năm nay,action,SET_GOAL
thống kê chi tiêu năm ngoái,action,REPORT_COMPARE
xóa record cuối giúp mình,action,DELETE
kiếm giúp khoản trà sữa,action,SEARCH
mục tiêu du lịch 100k trước thứ 6,action,GOAL
search hóa đơn trên 1 triệu,action,SEARCH_RECORD
giảm limit còn 100k,action,SET_LIMIT
thống kê chi tiêu thứ 2,action,REPORT_COMPARE
sửa giao dịch cuối thành 50k,action,EDIT
set nickname Boss,action,SET_USERNAME
tắt chế độ tối,action,SETTING
đặt hạn mức mua sắm 500k,action,SET_LIMIT
tìm giao dịch giải trí,action,SEARCH_RECORD
update record vừa nhập,action,EDIT
save goal mua laptop 100k,action,GOAL
xem report mua sắm 30 ngày qua,action,REPORT
kiếm giúp khoản trà sữa,action,SEARCH
xóa giao dịch vừa nhập,action,DELETE
xem report giáo dục tuần này,action,REPORT_GENERAL
hủy hóa đơn mới nhất,action,DELETE_LAST
update record vừa nhập,action,EDIT
chuyển giao diện sáng,action,SYSTEM_SETTING
tắt chế độ tối,action,SETTING
tìm record cuối tuần,action,SEARCH_RECORD
cộng thêm 100k vào hạn mức,action,LIMIT
xóa giao dịch vừa nhập,action,DELETE_LAST
đề xuất budget hợp lý đi,action,SUGGEST
thu nhập tháng này 100k,action,SET_INCOME
đổi giọng sang châm chọc,action,TONE
cho t xem báo cáo tuần này,action,REPORT
tháng tới nên tiêu bao nhiêu,action,SUGGEST_BUDGET
để dành 1 triệu nha,action,SET_GOAL
kiếm giúp khoản trà sữa,action,SEARCH
xem report sức khỏe thứ 2,action,REPORT
undo giao dịch cuối,action,DELETE
để dành 200k nha,action,GOAL
chuyển giao diện sáng,action,SETTING
tìm giao dịch đi lại,action,SEARCH
chuyển style nói chuyện nhé,action,SET_TONE
mỗi tháng mình kiếm 50k,action,SET_INCOME
nói chuyện nghiêm túc hơn đi,action,TONE
chỉnh lại ghi chú nha,action,EDIT
thu nhập tháng này 10 triệu,action,SET_INCOME
cho t xem báo cáo 7 ngày qua,action,REPORT
update record vừa nhập,action,EDIT
tắt chế độ tối,action,SYSTEM_SETTING
save goal mua laptop 500k,action,GOAL
từ giờ gọi t là Khang,action,SET_USERNAME
xóa giao dịch vừa nhập,action,DELETE
tư vấn hạn mức cho mình,action,SUGGEST_BUDGET
kiếm giúp khoản trà sữa,action,SEARCH
đổi tên thành Mimo Master,action,SET_USERNAME
xem report ăn uống 01-01-2026,action,REPORT_INCOME
save goal mua laptop 2 triệu,action,SET_GOAL
cộng thêm 50k vào hạn mức,action,LIMIT
search hóa đơn trên 100k,action,SEARCH
cho t xem báo cáo thứ 3,action,REPORT_INCOME
tạo mục tiêu tiết kiệm 100k,action,GOAL
thống kê chi tiêu tháng 12 năm ngoái,action,REPORT_INCOME
alert hạn mức cho mua sắm,action,SET_ALERT
đổi giọng sang châm chọc,action,TONE
thống kê chi tiêu 15-06-2026,action,REPORT_GENERAL
cộng thêm 500k vào hạn mức,action,LIMIT
để dành 10 triệu nha,action,SET_GOAL
bật cảnh báo mua sắm,action,SET_ALERT
xem report sức khỏe 23-12-2025,action,REPORT_INCOME
tắt chế độ tối,action,SYSTEM_SETTING
mở cài đặt,action,SETTING
hủy hóa đơn mới nhất,action,DELETE_LAST
thống kê chi tiêu 7 ngày qua,action,REPORT_COMPARE
mở cài đặt,action,SYSTEM_SETTING
check tiền đã xài hôm nay đi,action,REPORT_GENERAL
tắt chế độ tối,action,SYSTEM_SETTING
set tone dễ thương,action,TONE
đặt hạn mức sức khỏe 50k,action,SET_LIMIT
chuyển giao diện sáng,action,SYSTEM_SETTING
xem report mua sắm chủ nhật,action,REPORT_GENERAL
chuyển style nói chuyện nhé,action,SET_TONE
tìm giao dịch đi lại,action,SEARCH
để dành 200k nha,action,SET_GOAL
tắt thông báo chi tiêu,action,SET_ALERT
undo giao dịch cuối,action,DELETE
lương của mình là 1 triệu,action,SET_INCOME
thống kê chi tiêu tháng trước,action,REPORT
xóa giao dịch vừa nhập,action,DELETE_LAST
update record vừa nhập,action,EDIT
mục tiêu du lịch 5 triệu trước thứ 3,action,GOAL
đặt hạn mức đi lại 500k,action,SET_LIMIT
sửa giao dịch cuối thành 100k,action,EDIT
thu nhập tháng này 50k,action,SET_INCOME
cho t xem báo cáo 15-06-2026,action,REPORT_GENERAL
set tone dễ thương,action,SET_TONE
set limit nhà ở 1 triệu mỗi tháng,action,LIMIT
lương của mình là 100k,action,SET_INCOME
từ giờ gọi t là Min,action,SET_USERNAME
xem report giải trí thứ 3,action,REPORT_GENERAL
tạo mục tiêu tiết kiệm 200k,action,SET_GOAL
thu nhập tháng này 10 triệu,action,SET_INCOME
đặt hạn mức đi lại 200k,action,SET_LIMIT
nói chuyện nghiêm túc hơn đi,action,TONE
để dành 100k nha,action,GOAL
chỉnh lại ghi chú nha,action,EDIT
giảm limit còn 10 triệu,action,SET_LIMIT
chuyển giao diện sáng,action,SETTING
đổi giọng sang hài hước,action,SET_TONE
check tiền đã xài tuần này đi,action,REPORT_INCOME
chuyển style nói chuyện nhé,action,SET_TONE
nhắc mình khi vượt ngân sách,action,SET_ALERT
save goal mua laptop 2 triệu,action,SET_GOAL
tháng tới nên tiêu bao nhiêu,action,SUGGEST
check tiền đã xài thứ 3 đi,action,REPORT_GENERAL
đặt hạn mức giáo dục 10 triệu,action,SET_LIMIT
check tiền đã xài chủ nhật đi,action,REPORT_GENERAL
đổi danh mục sang giải trí,action,EDIT
đổi giọng sang dặn dỗi,action,SET_TONE
xem report mua sắm 30 ngày qua,action,REPORT_COMPARE
tạo mục tiêu tiết kiệm 50k,action,SET_GOAL
lương của mình là 100k,action,SET_INCOME
nói chuyện hài hước hơn đi,action,TONE
tắt chế độ tối,action,SETTING
đổi giọng sang dặn dỗi,action,TONE
giảm limit còn 5 triệu,action,SET_LIMIT
kiếm giúp khoản trà sữa,action,SEARCH_RECORD
tìm giao dịch giải trí,action,SEARCH
cộng thêm 500k vào hạn mức,action,LIMIT
đặt hạn mức giải trí 1 triệu,action,SET_LIMIT
đặt hạn mức giải trí 5 triệu,action,LIMIT
hủy hóa đơn mới nhất,action,DELETE
lương của mình là 500k,action,SET_INCOME
cộng thêm 500k vào hạn mức,action,LIMIT
cộng thêm 10 triệu vào hạn mức,action,LIMIT
cho t xem báo cáo thứ 6,action,REPORT_GENERAL
tháng tới nên tiêu bao nhiêu,action,SUGGEST_BUDGET
hủy hóa đơn mới nhất,action,DELETE_LAST
hủy hóa đơn mới nhất,action,DELETE_LAST
bật dark mode,action,SETTING
tắt chế độ tối,action,SETTING
thống kê chi tiêu quý 1 năm nay,action,REPORT_COMPARE
nhắc mình khi vượt ngân sách,action,SET_ALERT
search hóa đơn trên 500k,action,SEARCH
xem report đi lại chủ nhật,action,REPORT_COMPARE
tháng tới nên tiêu bao nhiêu,action,SUGGEST
set limit nhà ở 50k mỗi tháng,action,SET_LIMIT
check tiền đã xài 15-06-2026 đi,action,REPORT_INCOME
thống kê chi tiêu tháng này,action,REPORT_GENERAL
tư vấn hạn mức cho mình,action,SUGGEST
check tiền đã xài 30 ngày qua đi,action,REPORT_GENERAL
set nickname Boss,action,SET_USERNAME
tắt chế độ tối,action,SYSTEM_SETTING
thống kê chi tiêu tháng này,action,REPORT_GENERAL
gợi ý ngân sách tháng sau,action,SUGGEST
tắt chế độ tối,action,SYSTEM_SETTING
undo giao dịch cuối,action,DELETE_LAST
check tiền đã xài tuần trước đi,action,REPORT_GENERAL
bật dark mode,action,SYSTEM_SETTING
xóa record cuối giúp mình,action,DELETE
cho t xem báo cáo tuần trước,action,REPORT_GENERAL
sửa giao dịch cuối thành 1 triệu,action,UPDATE_RECORD
xem report nhà ở tháng trước,action,REPORT_GENERAL
đổi danh mục sang giải trí,action,EDIT
mở cài đặt,action,SYSTEM_SETTING
giảm limit còn 5 triệu,action,SET_LIMIT
search hóa đơn trên 200k,action,SEARCH_RECORD
undo giao dịch cuối,action,DELETE_LAST
tư vấn hạn mức cho mình,action,SUGGEST_BUDGET
bật dark mode,action,SYSTEM_SETTING
để dành 200k nha,action,GOAL
xóa record cuối giúp mình,action,DELETE
sửa giao dịch cuối thành 1 triệu,action,EDIT
thống kê chi tiêu hôm qua,action,REPORT_GENERAL
xóa record cuối giúp mình,action,DELETE
chỉnh lại ghi chú nha,action,EDIT
alert hạn mức cho mua sắm,action,SET_ALERT
đặt hạn mức sức khỏe 1 triệu,action,SET_LIMIT
tháng tới nên tiêu bao nhiêu,action,SUGGEST_BUDGET
thống kê chi tiêu tháng trước,action,REPORT_GENERAL
set nickname Bin,action,SET_USERNAME
đặt hạn mức sức khỏe 100k,action,SET_LIMIT
set limit giáo dục 2 triệu mỗi tháng,action,LIMIT
check tiền đã xài quý 1 năm nay đi,action,REPORT_GENERAL
check tiền đã xài thứ 6 đi,action,REPORT_COMPARE
xóa giao dịch vừa nhập,action,DELETE
tư vấn hạn mức cho mình,action,SUGGEST
giảm limit còn 200k,action,LIMIT
chuyển giao diện sáng,action,SETTING
thống kê chi tiêu hôm qua,action,REPORT
chuyển giao diện sáng,action,SYSTEM_SETTING
chuyển style nói chuyện nhé,action,SET_TONE
xem report đi lại tuần trước,action,REPORT_GENERAL
đề xuất budget hợp lý đi,action,SUGGEST
check tiền đã xài thứ 6 đi,action,REPORT_GENERAL
thống kê chi tiêu năm nay,action,REPORT_COMPARE
sửa giao dịch cuối thành 100k,action,EDIT
hủy hóa đơn mới nhất,action,DELETE_LAST
chuyển giao diện sáng,action,SETTING
cho t xem báo cáo năm ngoái,action,REPORT_INCOME
chuyển giao diện sáng,action,SETTING
chuyển style nói chuyện nhé,action,SET_TONE
gợi ý ngân sách tháng sau,action,SUGGEST
xem report nhà ở hôm qua,action,REPORT_COMPARE
mục tiêu du lịch 10 triệu trước tháng này,action,SET_GOAL
tắt chế độ tối,action,SYSTEM_SETTING
lương của mình là 5 triệu,action,SET_INCOME
tắt thông báo chi tiêu,action,SET_ALERT
đề xuất budget hợp lý đi,action,SUGGEST_BUDGET
search hóa đơn trên 1 triệu,action,SEARCH
save goal mua laptop 1 triệu,action,SET_GOAL
update record vừa nhập,action,UPDATE_RECORD
check tiền đã xài tuần này đi,action,REPORT_GENERAL
undo giao dịch cuối,action,DELETE_LAST
bật dark mode,action,SYSTEM_SETTING
tìm giao dịch sức khỏe,action,SEARCH_RECORD
tìm record tuần trước,action,SEARCH
tháng tới nên tiêu bao nhiêu,action,SUGGEST_BUDGET
cho t xem báo cáo năm ngoái,action,REPORT_GENERAL
chỉnh lại ghi chú nha,action,UPDATE_RECORD
set limit nhà ở 10 triệu mỗi tháng,action,LIMIT
tháng tới nên tiêu bao nhiêu,action,SUGGEST_BUDGET
set income 1 triệu,action,SET_INCOME
check tiền đã xài tháng này đi,action,REPORT_COMPARE
set tone dặn dỗi,action,TONE
bật dark mode,action,SYSTEM_SETTING
mở cài đặt,action,SETTING
save goal mua laptop 500k,action,SET_GOAL
set limit mua sắm 2 triệu mỗi tháng,action,SET_LIMIT
check tiền đã xài chủ nhật đi,action,REPORT
search hóa đơn trên 1 triệu,action,SEARCH_RECORD
undo giao dịch cuối,action,DELETE
undo giao dịch cuối,action,DELETE
undo giao dịch cuối,action,DELETE
cho t xem báo cáo hôm nay,action,REPORT_GENERAL
set income 5 triệu,action,SET_INCOME
bật dark mode,action,SYSTEM_SETTING
để dành 2 triệu nha,action,SET_GOAL
tháng tới nên tiêu bao nhiêu,action,SUGGEST_BUDGET
thống kê chi tiêu thứ 3,action,REPORT_COMPARE
đặt hạn mức giáo dục 200k,action,LIMIT
kiếm giúp khoản trà sữa,action,SEARCH_RECORD
bật cảnh báo nhà ở,action,SET_ALERT
chỉnh lại ghi chú nha,action,UPDATE_RECORD
xóa giao dịch vừa nhập,action,DELETE_LAST
search hóa đơn trên 2 triệu,action,SEARCH_RECORD
thống kê chi tiêu tháng trước,action,REPORT_GENERAL
để dành 5 triệu nha,action,SET_GOAL
chuyển giao diện sáng,action,SYSTEM_SETTING
xem report nhà ở thứ 6,action,REPORT_GENERAL
đổi giọng sang dặn dỗi,action,TONE
tháng tới nên tiêu bao nhiêu,action,SUGGEST_BUDGET
cộng thêm 100k vào hạn mức,action,LIMIT
set tone nghiêm túc,action,SET_TONE
cho t xem báo cáo tháng trước,action,REPORT
bật dark mode,action,SETTING
đổi tên thành Anh Khang,action,SET_USERNAME
gọi mình là Min nhé,action,SET_USERNAME
đổi danh mục sang đi lại,action,EDIT
giảm limit còn 100k,action,LIMIT
xem report giáo dục tháng này,action,REPORT_INCOME
nói chuyện dễ thương hơn đi,action,TONE
set nickname Boss,action,SET_USERNAME
chỉnh lại ghi chú nha,action,UPDATE_RECORD
lương của mình là 2 triệu,action,SET_INCOME
alert hạn mức cho nhà ở,action,SET_ALERT
chuyển giao diện sáng,action,SYSTEM_SETTING
thống kê chi tiêu cuối tuần,action,REPORT_GENERAL
set tone hài hước,action,TONE
cho t xem báo cáo chủ nhật,action,REPORT_GENERAL
update record vừa nhập,action,EDIT
tắt thông báo chi tiêu,action,SET_ALERT
chuyển style nói chuyện nhé,action,TONE
set limit ăn uống 100k mỗi tháng,action,LIMIT
set tone dễ thương,action,TONE
tắt chế độ tối,action,SETTING
kiếm giúp khoản trà sữa,action,SEARCH
tư vấn hạn mức cho mình,action,SUGGEST
để dành 1 triệu nha,action,SET_GOAL
search hóa đơn trên 1 triệu,action,SEARCH_RECORD
để dành 1 triệu nha,action,SET_GOAL
check tiền đã xài hôm qua đi,action,REPORT_GENERAL
tư vấn hạn mức cho mình,action,SUGGEST_BUDGET
sửa giao dịch cuối thành 1 triệu,action,EDIT
tháng tới nên tiêu bao nhiêu,action,SUGGEST_BUDGET
cho t xem báo cáo thứ 2,action,REPORT_GENERAL
update record vừa nhập,action,EDIT
cộng thêm 10 triệu vào hạn mức,action,SET_LIMIT
update record vừa nhập,action,EDIT
thu nhập tháng này 50k,action,SET_INCOME
để dành 1 triệu nha,action,GOAL
check tiền đã xài tuần trước đi,action,REPORT
chỉnh lại ghi chú nha,action,EDIT
set nickname Anh Khang,action,SET_USERNAME
tìm giao dịch nhà ở,action,SEARCH
xóa record cuối giúp mình,action,DELETE_LAST
xóa giao dịch vừa nhập,action,DELETE
tắt chế độ tối,action,SYSTEM_SETTING
tư vấn hạn mức cho mình,action,SUGGEST
tư vấn hạn mức cho mình,action,SUGGEST_BUDGET
nói chuyện dặn dỗi hơn đi,action,SET_TONE
bật cảnh báo ăn uống,action,SET_ALERT
giảm limit còn 1 triệu,action,SET_LIMIT
tắt chế độ tối,action,SETTING
nói chuyện dễ thương hơn đi,action,TONE
cộng thêm 1 triệu vào hạn mức,action,LIMIT
undo giao dịch cuối,action,DELETE_LAST
tìm giao dịch ăn uống,action,SEARCH_RECORD
thống kê chi tiêu năm nay,action,REPORT
set limit nhà ở 2 triệu mỗi tháng,action,LIMIT
nói chuyện châm chọc hơn đi,action,SET_TONE
nói chuyện hài hước hơn đi,action,TONE
xem report giáo dục tháng trước,action,REPORT_GENERAL
thống kê chi tiêu thứ 6,action,REPORT
set income 50k,action,SET_INCOME
check tiền đã xài tháng trước đi,action,REPORT_INCOME
giảm limit còn 5 triệu,action,LIMIT
đổi danh mục sang mua sắm,action,UPDATE_RECORD
đặt hạn mức nhà ở 100k,action,SET_LIMIT
giảm limit còn 500k,action,LIMIT
từ giờ gọi t là Bin,action,SET_USERNAME
update record vừa nhập,action,EDIT
bật dark mode,action,SYSTEM_SETTING
set nickname Min,action,SET_USERNAME
gợi ý ngân sách tháng sau,action,SUGGEST
save goal mua laptop 50k,action,SET_GOAL
đổi danh mục sang đi lại,action,EDIT
tháng tới nên tiêu bao nhiêu,action,SUGGEST_BUDGET
kiếm giúp khoản trà sữa,action,SEARCH_RECORD
mỗi tháng mình kiếm 10 triệu,action,SET_INCOME
đổi giọng sang dặn dỗi,action,SET_TONE
bật cảnh báo mua sắm,action,SET_ALERT
nói chuyện hài hước hơn đi,action,TONE
đặt hạn mức mua sắm 200k,action,LIMIT
hủy hóa đơn mới nhất,action,DELETE_LAST
đề xuất budget hợp lý đi,action,SUGGEST_BUDGET
tắt chế độ tối,action,SYSTEM_SETTING
xóa giao dịch vừa nhập,action,DELETE
search hóa đơn trên 1 triệu,action,SEARCH_RECORD
đổi giọng sang châm chọc,action,TONE
chuyển giao diện sáng,action,SYSTEM_SETTING
đổi danh mục sang mua sắm,action,UPDATE_RECORD
tắt thông báo chi tiêu,action,SET_ALERT
hủy hóa đơn mới nhất,action,DELETE
hủy hóa đơn mới nhất,action,DELETE_LAST
nói chuyện dặn dỗi hơn đi,action,SET_TONE
chỉnh lại ghi chú nha,action,EDIT
cho t xem báo cáo tuần này,action,REPORT_GENERAL
xóa giao dịch vừa nhập,action,DELETE_LAST
xem report giải trí hôm qua,action,REPORT_INCOME
gợi ý ngân sách tháng sau,action,SUGGEST_BUDGET
cho t xem báo cáo hôm nay,action,REPORT_INCOME
xóa record cuối giúp mình,action,DELETE_LAST
xóa giao dịch vừa nhập,action,DELETE_LAST
thống kê chi tiêu 01-01-2026,action,REPORT_COMPARE
cộng thêm 200k vào hạn mức,action,SET_LIMIT
xóa giao dịch vừa nhập,action,DELETE_LAST
chuyển style nói chuyện nhé,action,TONE
undo giao dịch cuối,action,DELETE_LAST
set limit sức khỏe 10 triệu mỗi tháng,action,SET_LIMIT
gọi mình là Khang nhé,action,SET_USERNAME
set limit giáo dục 10 triệu mỗi tháng,action,LIMIT
kiếm giúp khoản trà sữa,action,SEARCH
tư vấn hạn mức cho mình,action,SUGGEST_BUDGET
alert hạn mức cho giáo dục,action,SET_ALERT
đề xuất budget hợp lý đi,action,SUGGEST_BUDGET
cho t xem báo cáo 15-06-2026,action,REPORT_INCOME
xem report nhà ở tuần này,action,REPORT_GENERAL
xóa giao dịch vừa nhập,action,DELETE
lương của mình là 2 triệu,action,SET_INCOME
bật dark mode,action,SYSTEM_SETTING
chuyển giao diện sáng,action,SYSTEM_SETTING
xóa record cuối giúp mình,action,DELETE_LAST
gọi mình là Min nhé,action,SET_USERNAME
đổi danh mục sang mua sắm,action,EDIT
set limit sức khỏe 5 triệu mỗi tháng,action,LIMIT
xóa giao dịch vừa nhập,action,DELETE_LAST
mở cài đặt,action,SYSTEM_SETTING
tư vấn hạn mức cho mình,action,SUGGEST
kiếm giúp khoản trà sữa,action,SEARCH_RECORD
sửa giao dịch cuối thành 500k,action,UPDATE_RECORD
cho t xem báo cáo tháng trước,action,REPORT
save goal mua laptop 1 triệu,action,SET_GOAL
thống kê chi tiêu chủ nhật,action,REPORT_COMPARE
thống kê chi tiêu cuối tuần,action,REPORT_GENERAL
đặt hạn mức sức khỏe 5 triệu,action,LIMIT
nói chuyện dễ thương hơn đi,action,TONE
tháng tới nên tiêu bao nhiêu,action,SUGGEST
để dành 2 triệu nha,action,GOAL
save goal mua laptop 2 triệu,action,GOAL
nói chuyện châm chọc hơn đi,action,SET_TONE
xóa record cuối giúp mình,action,DELETE_LAST
giảm limit còn 2 triệu,action,LIMIT
mở cài đặt,action,SYSTEM_SETTING
mỗi tháng mình kiếm 1 triệu,action,SET_INCOME
set nickname Bin,action,SET_USERNAME
bật dark mode,action,SYSTEM_SETTING
đặt hạn mức giải trí 100k,action,LIMIT
chuyển style nói chuyện nhé,action,SET_TONE
chuyển giao diện sáng,action,SYSTEM_SETTING
xem report đi lại hôm nay,action,REPORT
cộng thêm 2 triệu vào hạn mức,action,SET_LIMIT
chuyển giao diện sáng,action,SETTING
alert hạn mức cho mua sắm,action,SET_ALERT
đổi danh mục sang sức khỏe,action,EDIT
set limit sức khỏe 100k mỗi tháng,action,LIMIT
set limit đi lại 5 triệu mỗi tháng,action,SET_LIMIT
tắt thông báo chi tiêu,action,SET_ALERT
cho t xem báo cáo 23-12-2025,action,REPORT
set tone hài hước,action,SET_TONE
check tiền đã xài tuần này đi,action,REPORT_COMPARE
cho t xem báo cáo tháng trước,action,REPORT
cho t xem báo cáo tuần này,action,REPORT_GENERAL
sửa giao dịch cuối thành 200k,action,EDIT
cho t xem báo cáo hôm qua,action,REPORT_GENERAL
cộng thêm 500k vào hạn mức,action,LIMIT
cho t xem báo cáo chủ nhật,action,REPORT_COMPARE
cộng thêm 500k vào hạn mức,action,SET_LIMIT
tìm giao dịch ăn uống,action,SEARCH_RECORD
thống kê chi tiêu năm ngoái,action,REPORT
tư vấn hạn mức cho mình,action,SUGGEST_BUDGET
chuyển style nói chuyện nhé,action,TONE
tắt thông báo chi tiêu,action,SET_ALERT
xóa record cuối giúp mình,action,DELETE
bật dark mode,action,SYSTEM_SETTING
check tiền đã xài 23-12-2025 đi,action,REPORT
giảm limit còn 500k,action,LIMIT
tháng tới nên tiêu bao nhiêu,action,SUGGEST_BUDGET
thống kê chi tiêu tháng trước,action,REPORT_GENERAL
search hóa đơn trên 50k,action,SEARCH
set income 1 triệu,action,SET_INCOME
thống kê chi tiêu thứ 3,action,REPORT_GENERAL
đề xuất budget hợp lý đi,action,SUGGEST
mở cài đặt,action,SYSTEM_SETTING
check tiền đã xài tháng 12 năm ngoái đi,action,REPORT_GENERAL
mở cài đặt,action,SYSTEM_SETTING
xem report giải trí quý 1 năm nay,action,REPORT_INCOME
thống kê chi tiêu năm nay,action,REPORT_GENERAL
nói chuyện châm chọc hơn đi,action,SET_TONE
tắt thông báo chi tiêu,action,SET_ALERT
giảm limit còn 10 triệu,action,LIMIT
set tone nghiêm túc,action,SET_TONE
đề xuất budget hợp lý đi,action,SUGGEST_BUDGET
set limit sức khỏe 1 triệu mỗi tháng,action,SET_LIMIT
cho t xem báo cáo hôm qua,action,REPORT_COMPARE
đặt hạn mức giáo dục 500k,action,LIMIT
xóa giao dịch vừa nhập,action,DELETE
gợi ý ngân sách tháng sau,action,SUGGEST
đặt hạn mức đi lại 100k,action,LIMIT
đề xuất budget hợp lý đi,action,SUGGEST
tắt chế độ tối,action,SETTING
tìm record năm ngoái,action,SEARCH
update record vừa nhập,action,EDIT
check tiền đã xài năm ngoái đi,action,REPORT
cho t xem báo cáo chủ nhật,action,REPORT_COMPARE
cho t xem báo cáo thứ 6,action,REPORT_INCOME
tháng tới nên tiêu bao nhiêu,action,SUGGEST_BUDGET
tạo mục tiêu tiết kiệm 50k,action,GOAL
set limit ăn uống 100k mỗi tháng,action,LIMIT
thống kê chi tiêu tháng 12 năm ngoái,action,REPORT_INCOME
thống kê chi tiêu 01-01-2026,action,REPORT_GENERAL
đề xuất budget hợp lý đi,action,SUGGEST
xem report đi lại hôm qua,action,REPORT_INCOME
update record vừa nhập,action,UPDATE_RECORD
thống kê chi tiêu thứ 2,action,REPORT
tắt chế độ tối,action,SETTING
check tiền đã xài thứ 6 đi,action,REPORT
chỉnh lại ghi chú nha,action,EDIT
thống kê chi tiêu tháng trước,action,REPORT_GENERAL
đề xuất budget hợp lý đi,action,SUGGEST
mỗi tháng mình kiếm 500k,action,SET_INCOME
gọi mình là Bin nhé,action,SET_USERNAME
xem report ăn uống chủ nhật,action,REPORT_INCOME
set limit mua sắm 2 triệu mỗi tháng,action,LIMIT
thống kê chi tiêu thứ 3,action,REPORT_GENERAL
set income 5 triệu,action,SET_INCOME
cho t xem báo cáo thứ 3,action,REPORT_GENERAL
set nickname Anh Khang,action,SET_USERNAME
mỗi tháng mình kiếm 500k,action,SET_INCOME
tắt chế độ tối,action,SYSTEM_SETTING
đặt hạn mức nhà ở 2 triệu,action,LIMIT
tư vấn hạn mức cho mình,action,SUGGEST_BUDGET
set tone nghiêm túc,action,SET_TONE
set nickname Min,action,SET_USERNAME
gợi ý ngân sách tháng sau,action,SUGGEST
kiếm giúp khoản trà sữa,action,SEARCH_RECORD
undo giao dịch cuối,action,DELETE_LAST
gợi ý ngân sách tháng sau,action,SUGGEST
search hóa đơn trên 10 triệu,action,SEARCH_RECORD
thống kê chi tiêu cuối tuần,action,REPORT
lương của mình là 10 triệu,action,SET_INCOME
cho t xem báo cáo 30 ngày qua,action,REPORT_GENERAL
thống kê chi tiêu tuần này,action,REPORT_INCOME
giảm limit còn 50k,action,SET_LIMIT
nói chuyện châm chọc hơn đi,action,TONE
tìm record tuần trước,action,SEARCH_RECORD
mục tiêu du lịch 100k trước năm nay,action,SET_GOAL
tư vấn hạn mức cho mình,action,SUGGEST
hủy hóa đơn mới nhất,action,DELETE
chuyển giao diện sáng,action,SYSTEM_SETTING
check tiền đã xài tháng 12 năm ngoái đi,action,REPORT_INCOME
thống kê chi tiêu hôm nay,action,REPORT
cho t xem báo cáo 01-01-2026,action,REPORT_INCOME
tư vấn hạn mức cho mình,action,SUGGEST
nhắc mình khi vượt ngân sách,action,SET_ALERT
bật dark mode,action,SYSTEM_SETTING
nhắc mình khi vượt ngân sách,action,SET_ALERT
check tiền đã xài hôm nay đi,action,REPORT_GENERAL
gợi ý ngân sách tháng sau,action,SUGGEST_BUDGET
cộng thêm 2 triệu vào hạn mức,action,LIMIT
chuyển style nói chuyện nhé,action,TONE
xóa giao dịch vừa nhập,action,DELETE
check tiền đã xài hôm nay đi,action,REPORT_GENERAL
xem report sức khỏe 15-06-2026,action,REPORT_GENERAL
gợi ý ngân sách tháng sau,action,SUGGEST_BUDGET
đổi tên thành Khang,action,SET_USERNAME
mở cài đặt,action,SYSTEM_SETTING
để dành 5 triệu nha,action,GOAL
chuyển giao diện sáng,action,SYSTEM_SETTING
đề xuất budget hợp lý đi,action,SUGGEST
tắt chế độ tối,action,SETTING
tắt thông báo chi tiêu,action,SET_ALERT
xóa record cuối giúp mình,action,DELETE_LAST
xóa record cuối giúp mình,action,DELETE
xem report đi lại tháng 12 năm ngoái,action,REPORT_GENERAL
mở cài đặt,action,SETTING
xem report nhà ở 01-01-2026,action,REPORT_COMPARE
bật dark mode,action,SYSTEM_SETTING
tư vấn hạn mức cho mình,action,SUGGEST_BUDGET
giảm limit còn 50k,action,LIMIT
check tiền đã xài 01-01-2026 đi,action,REPORT_GENERAL
thống kê chi tiêu thứ 6,action,REPORT
mở cài đặt,action,SETTING
set income 2 triệu,action,SET_INCOME
set tone châm chọc,action,TONE
để dành 10 triệu nha,action,SET_GOAL
cho t xem báo cáo tuần trước,action,REPORT_GENERAL
mở cài đặt,action,SYSTEM_SETTING
save goal mua laptop 500k,action,GOAL
set limit mua sắm 100k mỗi tháng,action,LIMIT
xem report sức khỏe thứ 2,action,REPORT_GENERAL
chuyển style nói chuyện nhé,action,SET_TONE
chỉnh lại ghi chú nha,action,EDIT
tháng tới nên tiêu bao nhiêu,action,SUGGEST_BUDGET
chuyển giao diện sáng,action,SETTING
cộng thêm 100k vào hạn mức,action,LIMIT
tắt chế độ tối,action,SETTING
bật cảnh báo ăn uống,action,SET_ALERT
bật dark mode,action,SETTING
thống kê chi tiêu chủ nhật,action,REPORT
đổi giọng sang hài hước,action,TONE
mục tiêu du lịch 10 triệu trước tuần trước,action,SET_GOAL
cộng thêm 2 triệu vào hạn mức,action,SET_LIMIT
đề xuất budget hợp lý đi,action,SUGGEST_BUDGET
tìm giao dịch ăn uống,action,SEARCH_RECORD
update record vừa nhập,action,UPDATE_RECORD
bật cảnh báo nhà ở,action,SET_ALERT
xóa giao dịch vừa nhập,action,DELETE
check tiền đã xài thứ 3 đi,action,REPORT_INCOME
kiếm giúp khoản trà sữa,action,SEARCH_RECORD
bật cảnh báo đi lại,action,SET_ALERT
search hóa đơn trên 200k,action,SEARCH_RECORD
sửa giao dịch cuối thành 200k,action,EDIT
set tone dễ thương,action,SET_TONE
undo giao dịch cuối,action,DELETE_LAST
tìm giao dịch đi lại,action,SEARCH_RECORD
kiếm giúp khoản trà sữa,action,SEARCH_RECORD
chỉnh lại ghi chú nha,action,EDIT
thống kê chi tiêu tuần trước,action,REPORT_GENERAL
check tiền đã xài thứ 6 đi,action,REPORT_INCOME
update record vừa nhập,action,UPDATE_RECORD
undo giao dịch cuối,action,DELETE_LAST
mục tiêu du lịch 1 triệu trước tháng 12 năm ngoái,action,GOAL
hủy hóa đơn mới nhất,action,DELETE_LAST
xem report sức khỏe hôm qua,action,REPORT
cộng thêm 500k vào hạn mức,action,SET_LIMIT
cho t xem báo cáo tháng này,action,REPORT
thống kê chi tiêu chủ nhật,action,REPORT_INCOME
bật cảnh báo sức khỏe,action,SET_ALERT
xem report ăn uống năm ngoái,action,REPORT_COMPARE
lương của mình là 5 triệu,action,SET_INCOME
kiếm giúp khoản trà sữa,action,SEARCH
cho t xem báo cáo hôm qua,action,REPORT_INCOME
lương của mình là 1 triệu,action,SET_INCOME
save goal mua laptop 100k,action,SET_GOAL
update record vừa nhập,action,UPDATE_RECORD
tắt thông báo chi tiêu,action,SET_ALERT
thống kê chi tiêu thứ 3,action,REPORT_GENERAL
update record vừa nhập,action,UPDATE_RECORD
xem report giáo dục năm ngoái,action,REPORT_GENERAL
đặt hạn mức mua sắm 1 triệu,action,LIMIT
thống kê chi tiêu thứ 6,action,REPORT
thống kê chi tiêu hôm qua,action,REPORT_INCOME
đề xuất budget hợp lý đi,action,SUGGEST_BUDGET
giảm limit còn 2 triệu,action,LIMIT
thống kê chi tiêu hôm qua,action,REPORT_GENERAL
chuyển giao diện sáng,action,SETTING
xem report đi lại quý 1 năm nay,action,REPORT_COMPARE
đổi giọng sang dặn dỗi,action,SET_TONE
đổi tên thành Anh Khang,action,SET_USERNAME
xem report nhà ở quý 1 năm nay,action,REPORT_GENERAL
đề xuất budget hợp lý đi,action,SUGGEST_BUDGET
set income 2 triệu,action,SET_INCOME
xem report giải trí năm nay,action,REPORT_GENERAL
đề xuất budget hợp lý đi,action,SUGGEST_BUDGET
tạo mục tiêu tiết kiệm 100k,action,GOAL
bật cảnh báo giáo dục,action,SET_ALERT
check tiền đã xài tuần trước đi,action,REPORT_INCOME
check tiền đã xài thứ 2 đi,action,REPORT_GENERAL
mở cài đặt,action,SETTING
search hóa đơn trên 100k,action,SEARCH
cho t xem báo cáo 7 ngày qua,action,REPORT_COMPARE
đề xuất budget hợp lý đi,action,SUGGEST
giảm limit còn 50k,action,SET_LIMIT
xem report đi lại cuối tuần,action,REPORT_GENERAL
xóa record cuối giúp mình,action,DELETE_LAST
đặt hạn mức giải trí 5 triệu,action,LIMIT
set income 500k,action,SET_INCOME
check tiền đã xài 15-06-2026 đi,action,REPORT_GENERAL
xem report ăn uống 15-06-2026,action,REPORT
sửa giao dịch cuối thành 2 triệu,action,EDIT
kiếm giúp khoản trà sữa,action,SEARCH
tìm giao dịch sức khỏe,action,SEARCH_RECORD
từ giờ gọi t là Mimo Master,action,SET_USERNAME
mục tiêu du lịch 1 triệu trước 30 ngày qua,action,GOAL
xem report mua sắm thứ 3,action,REPORT_GENERAL
tháng tới nên tiêu bao nhiêu,action,SUGGEST
xem report ăn uống năm nay,action,REPORT_INCOME
tư vấn hạn mức cho mình,action,SUGGEST
thống kê chi tiêu hôm qua,action,REPORT_GENERAL
mục tiêu du lịch 10 triệu trước năm nay,action,GOAL
alert hạn mức cho sức khỏe,action,SET_ALERT
nhắc mình khi vượt ngân sách,action,SET_ALERT
tìm giao dịch ăn uống,action,SEARCH
giảm limit còn 200k,action,SET_LIMIT
hủy hóa đơn mới nhất,action,DELETE_LAST
tìm record tháng này,action,SEARCH_RECORD
thu nhập tháng này 2 triệu,action,SET_INCOME
tháng tới nên tiêu bao nhiêu,action,SUGGEST
hủy hóa đơn mới nhất,action,DELETE_LAST
xem report mua sắm quý 1 năm nay,action,REPORT_GENERAL
check tiền đã xài 23-12-2025 đi,action,REPORT
giảm limit còn 2 triệu,action,LIMIT
xóa giao dịch vừa nhập,action,DELETE
search hóa đơn trên 50k,action,SEARCH
xóa record cuối giúp mình,action,DELETE
thống kê chi tiêu thứ 2,action,REPORT_INCOME
undo giao dịch cuối,action,DELETE
set limit sức khỏe 2 triệu mỗi tháng,action,SET_LIMIT
undo giao dịch cuối,action,DELETE
check tiền đã xài quý 1 năm nay đi,action,REPORT_INCOME
gọi mình là Mimo Master nhé,action,SET_USERNAME
mục tiêu du lịch 50k trước hôm nay,action,SET_GOAL
cho t xem báo cáo 15-06-2026,action,REPORT
sửa giao dịch cuối thành 100k,action,UPDATE_RECORD
nhắc mình khi vượt ngân sách,action,SET_ALERT
search hóa đơn trên 5 triệu,action,SEARCH
nói chuyện hài hước hơn đi,action,TONE
chuyển style nói chuyện nhé,action,SET_TONE
check tiền đã xài năm ngoái đi,action,REPORT_INCOME
kiếm giúp khoản trà sữa,action,SEARCH_RECORD
đặt hạn mức giải trí 2 triệu,action,LIMIT
set limit giáo dục 200k mỗi tháng,action,SET_LIMIT
đặt hạn mức sức khỏe 100k,action,LIMIT
gọi mình là Anh Khang nhé,action,SET_USERNAME
để dành 200k nha,action,GOAL
xóa giao dịch vừa nhập,action,DELETE_LAST
undo giao dịch cuối,action,DELETE
check tiền đã xài cuối tuần đi,action,REPORT_COMPARE
check tiền đã xài 30 ngày qua đi,action,REPORT
nói chuyện hài hước hơn đi,action,SET_TONE
kiếm giúp khoản trà sữa,action,SEARCH_RECORD
set income 50k,action,SET_INCOME
hủy hóa đơn mới nhất,action,DELETE_LAST
đặt hạn mức đi lại 1 triệu,action,LIMIT
undo giao dịch cuối,action,DELETE
đổi danh mục sang ăn uống,action,EDIT
check tiền đã xài hôm qua đi,action,REPORT
hủy hóa đơn mới nhất,action,DELETE_LAST
để dành 50k nha,action,GOAL
giảm limit còn 200k,action,LIMIT
mục tiêu du lịch 1 triệu trước hôm nay,action,SET_GOAL
kiếm giúp khoản trà sữa,action,SEARCH
đề xuất budget hợp lý đi,action,SUGGEST_BUDGET
xóa giao dịch vừa nhập,action,DELETE_LAST
mục tiêu du lịch 5 triệu trước quý 1 năm nay,action,GOAL
save goal mua laptop 100k,action,SET_GOAL
đổi danh mục sang sức khỏe,action,EDIT
để dành 50k nha,action,SET_GOAL
cộng thêm 50k vào hạn mức,action,SET_LIMIT
tìm giao dịch sức khỏe,action,SEARCH
set tone dễ thương,action,SET_TONE
tắt thông báo chi tiêu,action,SET_ALERT
tư vấn hạn mức cho mình,action,SUGGEST_BUDGET
thống kê chi tiêu quý 1 năm nay,action,REPORT_GENERAL
chuyển style nói chuyện nhé,action,SET_TONE
check tiền đã xài năm ngoái đi,action,REPORT
thống kê chi tiêu tháng 12 năm ngoái,action,REPORT
update record vừa nhập,action,EDIT
đề xuất budget hợp lý đi,action,SUGGEST_BUDGET
check tiền đã xài tháng trước đi,action,REPORT_INCOME
xem report giải trí 01-01-2026,action,REPORT_INCOME
sửa giao dịch cuối thành 100k,action,UPDATE_RECORD
tìm record 23-12-2025,action,SEARCH_RECORD
giảm limit còn 1 triệu,action,LIMIT
alert hạn mức cho đi lại,action,SET_ALERT
thống kê chi tiêu tháng này,action,REPORT_GENERAL
search hóa đơn trên 5 triệu,action,SEARCH
đổi tên thành Min,action,SET_USERNAME
tìm record thứ 6,action,SEARCH
gợi ý ngân sách tháng sau,action,SUGGEST_BUDGET
xóa giao dịch vừa nhập,action,DELETE
xem report giải trí 30 ngày qua,action,REPORT_COMPARE
xóa giao dịch vừa nhập,action,DELETE
gọi mình là Anh Khang nhé,action,SET_USERNAME
tìm record 15-06-2026,action,SEARCH_RECORD
hủy hóa đơn mới nhất,action,DELETE_LAST
chuyển giao diện sáng,action,SYSTEM_SETTING
set nickname Khang,action,SET_USERNAME
cộng thêm 2 triệu vào hạn mức,action,LIMIT
đổi danh mục sang nhà ở,action,UPDATE_RECORD
cộng thêm 200k vào hạn mức,action,LIMIT
thống kê chi tiêu tuần trước,action,REPORT_INCOME
set nickname Anh Khang,action,SET_USERNAME
thống kê chi tiêu tháng 12 năm ngoái,action,REPORT
cho t xem báo cáo thứ 6,action,REPORT
tạo mục tiêu tiết kiệm 200k,action,GOAL
undo giao dịch cuối,action,DELETE
nhắc mình khi vượt ngân sách,action,SET_ALERT
chỉnh lại ghi chú nha,action,EDIT
chuyển giao diện sáng,action,SYSTEM_SETTING
xem report mua sắm hôm nay,action,REPORT
đổi tên thành Mimo Master,action,SET_USERNAME
cộng thêm 500k vào hạn mức,action,LIMIT
tháng tới nên tiêu bao nhiêu,action,SUGGEST
tìm giao dịch mua sắm,action,SEARCH_RECORD
đặt hạn mức mua sắm 1 triệu,action,LIMIT
giảm limit còn 2 triệu,action,SET_LIMIT
set tone dễ thương,action,SET_TONE
tạo mục tiêu tiết kiệm 10 triệu,action,GOAL
undo giao dịch cuối,action,DELETE_LAST
chuyển giao diện sáng,action,SYSTEM_SETTING
gợi ý ngân sách tháng sau,action,SUGGEST
thống kê chi tiêu quý 1 năm nay,action,REPORT
giảm limit còn 1 triệu,action,SET_LIMIT
cho t xem báo cáo tháng trước,action,REPORT_GENERAL
sửa giao dịch cuối thành 500k,action,UPDATE_RECORD
tạo mục tiêu tiết kiệm 200k,action,SET_GOAL
xem report giải trí năm nay,action,REPORT_COMPARE
update record vừa nhập,action,EDIT
đổi giọng sang dặn dỗi,action,SET_TONE
mở cài đặt,action,SYSTEM_SETTING
tạo mục tiêu tiết kiệm 50k,action,SET_GOAL
tắt chế độ tối,action,SYSTEM_SETTING
tìm giao dịch giáo dục,action,SEARCH_RECORD
thống kê chi tiêu năm nay,action,REPORT_GENERAL
gợi ý ngân sách tháng sau,action,SUGGEST
xóa record cuối giúp mình,action,DELETE
tư vấn hạn mức cho mình,action,SUGGEST_BUDGET
chuyển style nói chuyện nhé,action,SET_TONE
bật dark mode,action,SETTING
check tiền đã xài tuần trước đi,action,REPORT_INCOME
đặt hạn mức mua sắm 100k,action,LIMIT
giảm limit còn 5 triệu,action,SET_LIMIT
cho t xem báo cáo tuần này,action,REPORT
check tiền đã xài tháng 12 năm ngoái đi,action,REPORT_GENERAL
cho t xem báo cáo tuần trước,action,REPORT
tắt thông báo chi tiêu,action,SET_ALERT
bật dark mode,action,SYSTEM_SETTING
xem report nhà ở thứ 6,action,REPORT
gợi ý ngân sách tháng sau,action,SUGGEST_BUDGET
đề xuất budget hợp lý đi,action,SUGGEST_BUDGET
để dành 500k nha,action,GOAL
bật cảnh báo sức khỏe,action,SET_ALERT
đổi giọng sang nghiêm túc,action,TONE
search hóa đơn trên 5 triệu,action,SEARCH_RECORD
thống kê chi tiêu thứ 2,action,REPORT_GENERAL
nói chuyện dặn dỗi hơn đi,action,TONE
bật dark mode,action,SYSTEM_SETTING
gợi ý ngân sách tháng sau,action,SUGGEST
xóa record cuối giúp mình,action,DELETE_LAST
xem report mua sắm chủ nhật,action,REPORT_GENERAL
search hóa đơn trên 100k,action,SEARCH_RECORD
đặt hạn mức đi lại 1 triệu,action,SET_LIMIT
undo giao dịch cuối,action,DELETE
tìm record tuần này,action,SEARCH
giảm limit còn 5 triệu,action,SET_LIMIT
mục tiêu du lịch 200k trước 7 ngày qua,action,SET_GOAL
set tone dặn dỗi,action,SET_TONE
gợi ý ngân sách tháng sau,action,SUGGEST_BUDGET
cho t xem báo cáo 01-01-2026,action,REPORT
thống kê chi tiêu cuối tuần,action,REPORT_COMPARE
chuyển giao diện sáng,action,SYSTEM_SETTING
xóa giao dịch vừa nhập,action,DELETE
đề xuất budget hợp lý đi,action,SUGGEST_BUDGET
thống kê chi tiêu năm nay,action,REPORT_COMPARE
check tiền đã xài 01-01-2026 đi,action,REPORT_INCOME
set income 10 triệu,action,SET_INCOME
cho t xem báo cáo quý 1 năm nay,action,REPORT_GENERAL
xóa giao dịch vừa nhập,action,DELETE_LAST
xem report giải trí cuối tuần,action,REPORT
tìm record cuối tuần,action,SEARCH
giảm limit còn 2 triệu,action,LIMIT
search hóa đơn trên 2 triệu,action,SEARCH
cho t xem báo cáo năm ngoái,action,REPORT_GENERAL
undo giao dịch cuối,action,DELETE
thống kê chi tiêu 01-01-2026,action,REPORT
tìm giao dịch ăn uống,action,SEARCH_RECORD
mở cài đặt,action,SETTING
đổi tên thành Min,action,SET_USERNAME
tắt thông báo chi tiêu,action,SET_ALERT
chuyển giao diện sáng,action,SYSTEM_SETTING
hủy hóa đơn mới nhất,action,DELETE
sửa giao dịch cuối thành 10 triệu,action,UPDATE_RECORD
lương của mình là 100k,action,SET_INCOME
tạo mục tiêu tiết kiệm 10 triệu,action,SET_GOAL
update record vừa nhập,action,EDIT
mỗi tháng mình kiếm 100k,action,SET_INCOME
nói chuyện dễ thương hơn đi,action,SET_TONE
hủy hóa đơn mới nhất,action,DELETE
nói chuyện châm chọc hơn đi,action,SET_TONE
để dành 100k nha,action,GOAL
set limit sức khỏe 50k mỗi tháng,action,SET_LIMIT
đặt hạn mức đi lại 500k,action,LIMIT
cộng thêm 2 triệu vào hạn mức,action,SET_LIMIT
gợi ý ngân sách tháng sau,action,SUGGEST_BUDGET
thống kê chi tiêu thứ 3,action,REPORT
hủy hóa đơn mới nhất,action,DELETE_LAST
chuyển style nói chuyện nhé,action,TONE
đổi danh mục sang giải trí,action,EDIT
set tone nghiêm túc,action,SET_TONE
nói chuyện châm chọc hơn đi,action,SET_TONE
bật cảnh báo sức khỏe,action,SET_ALERT
set nickname Boss,action,SET_USERNAME
mỗi tháng mình kiếm 200k,action,SET_INCOME
check tiền đã xài tháng này đi,action,REPORT_COMPARE
xem report giải trí tháng 12 năm ngoái,action,REPORT_GENERAL
đổi giọng sang châm chọc,action,TONE
đặt hạn mức ăn uống 10 triệu,action,SET_LIMIT
set tone nghiêm túc,action,SET_TONE
xem report đi lại tháng này,action,REPORT_INCOME
đổi danh mục sang nhà ở,action,UPDATE_RECORD
tạo mục tiêu tiết kiệm 2 triệu,action,SET_GOAL
nói chuyện hài hước hơn đi,action,SET_TONE
tháng tới nên tiêu bao nhiêu,action,SUGGEST_BUDGET
sửa giao dịch cuối thành 100k,action,EDIT
thống kê chi tiêu tháng 12 năm ngoái,action,REPORT_COMPARE
đề xuất budget hợp lý đi,action,SUGGEST
xem report giáo dục thứ 3,action,REPORT
kiếm giúp khoản trà sữa,action,SEARCH
search hóa đơn trên 200k,action,SEARCH
undo giao dịch cuối,action,DELETE
tắt thông báo chi tiêu,action,SET_ALERT
cho t xem báo cáo 23-12-2025,action,REPORT_COMPARE
tìm record tuần này,action,SEARCH
để dành 500k nha,action,SET_GOAL
để dành 500k nha,action,SET_GOAL
nói chuyện châm chọc hơn đi,action,TONE
sửa giao dịch cuối thành 100k,action,UPDATE_RECORD
chuyển style nói chuyện nhé,action,TONE
mở cài đặt,action,SETTING
tắt thông báo chi tiêu,action,SET_ALERT
lương của mình là 10 triệu,action,SET_INCOME
thống kê chi tiêu hôm nay,action,REPORT_GENERAL
set income 5 triệu,action,SET_INCOME
kiếm giúp khoản trà sữa,action,SEARCH_RECORD
kiếm giúp khoản trà sữa,action,SEARCH_RECORD
save goal mua laptop 500k,action,SET_GOAL
cho t xem báo cáo cuối tuần,action,REPORT_INCOME
check tiền đã xài 01-01-2026 đi,action,REPORT_INCOME
set income 200k,action,SET_INCOME
chuyển style nói chuyện nhé,action,SET_TONE
cho t xem báo cáo tuần trước,action,REPORT_GENERAL
tạo mục tiêu tiết kiệm 500k,action,GOAL
chỉnh lại ghi chú nha,action,UPDATE_RECORD
xem report giáo dục thứ 3,action,REPORT_GENERAL
gợi ý ngân sách tháng sau,action,SUGGEST
alert hạn mức cho ăn uống,action,SET_ALERT
xóa giao dịch vừa nhập,action,DELETE
set tone dặn dỗi,action,SET_TONE
cộng thêm 1 triệu vào hạn mức,action,SET_LIMIT
cộng thêm 10 triệu vào hạn mức,action,SET_LIMIT
cho t xem báo cáo 15-06-2026,action,REPORT_GENERAL
tìm record chủ nhật,action,SEARCH_RECORD
thống kê chi tiêu 30 ngày qua,action,REPORT_INCOME
set income 500k,action,SET_INCOME
xóa giao dịch vừa nhập,action,DELETE
thống kê chi tiêu chủ nhật,action,REPORT_GENERAL
mục tiêu du lịch 10 triệu trước 23-12-2025,action,SET_GOAL
search hóa đơn trên 1 triệu,action,SEARCH
xóa giao dịch vừa nhập,action,DELETE_LAST
thống kê chi tiêu hôm qua,action,REPORT
cho t xem báo cáo hôm nay,action,REPORT_INCOME
tạo mục tiêu tiết kiệm 1 triệu,action,SET_GOAL
check tiền đã xài hôm qua đi,action,REPORT
tư vấn hạn mức cho mình,action,SUGGEST
mục tiêu du lịch 5 triệu trước thứ 3,action,GOAL
check tiền đã xài năm nay đi,action,REPORT_GENERAL
đề xuất budget hợp lý đi,action,SUGGEST
đổi giọng sang châm chọc,action,SET_TONE
update record vừa nhập,action,EDIT
sửa giao dịch cuối thành 5 triệu,action,EDIT
tìm giao dịch nhà ở,action,SEARCH
set nickname Anh Khang,action,SET_USERNAME
thống kê chi tiêu tuần này,action,REPORT_COMPARE
save goal mua laptop 1 triệu,action,SET_GOAL
xóa record cuối giúp mình,action,DELETE_LAST
đặt hạn mức mua sắm 5 triệu,action,LIMIT
thống kê chi tiêu hôm nay,action,REPORT_GENERAL
set tone dễ thương,action,SET_TONE
thống kê chi tiêu 30 ngày qua,action,REPORT
check tiền đã xài tháng này đi,action,REPORT_GENERAL
xem report đi lại 30 ngày qua,action,REPORT_INCOME
xem report ăn uống quý 1 năm nay,action,REPORT_COMPARE
mở cài đặt,action,SYSTEM_SETTING
gọi mình là Khang nhé,action,SET_USERNAME
cộng thêm 1 triệu vào hạn mức,action,SET_LIMIT
cho t xem báo cáo tuần này,action,REPORT
chỉnh lại ghi chú nha,action,UPDATE_RECORD
bật cảnh báo mua sắm,action,SET_ALERT
tháng tới nên tiêu bao nhiêu,action,SUGGEST_BUDGET
check tiền đã xài thứ 3 đi,action,REPORT
bật dark mode,action,SYSTEM_SETTING
check tiền đã xài 15-06-2026 đi,action,REPORT_GENERAL
save goal mua laptop 2 triệu,action,GOAL
tắt thông báo chi tiêu,action,SET_ALERT
nói chuyện dễ thương hơn đi,action,SET_TONE
đặt hạn mức đi lại 100k,action,SET_LIMIT
từ giờ gọi t là Min,action,SET_USERNAME
set limit ăn uống 500k mỗi tháng,action,LIMIT
chuyển style nói chuyện nhé,action,TONE
update record vừa nhập,action,EDIT
thống kê chi tiêu năm ngoái,action,REPORT_GENERAL
đổi tên thành Khang,action,SET_USERNAME
nói chuyện châm chọc hơn đi,action,TONE
set limit đi lại 2 triệu mỗi tháng,action,LIMIT
tắt chế độ tối,action,SYSTEM_SETTING
đặt hạn mức mua sắm 200k,action,LIMIT
chuyển style nói chuyện nhé,action,SET_TONE
gọi mình là Bin nhé,action,SET_USERNAME
tạo mục tiêu tiết kiệm 200k,action,SET_GOAL
để dành 100k nha,action,GOAL
mỗi tháng mình kiếm 10 triệu,action,SET_INCOME
undo giao dịch cuối,action,DELETE_LAST
thống kê chi tiêu hôm qua,action,REPORT_GENERAL
undo giao dịch cuối,action,DELETE
tư vấn hạn mức cho mình,action,SUGGEST
check tiền đã xài hôm qua đi,action,REPORT_INCOME
tháng tới nên tiêu bao nhiêu,action,SUGGEST
tư vấn hạn mức cho mình,action,SUGGEST_BUDGET
xóa record cuối giúp mình,action,DELETE_LAST
cho t xem báo cáo năm ngoái,action,REPORT_GENERAL
chuyển giao diện sáng,action,SYSTEM_SETTING
xóa record cuối giúp mình,action,DELETE
giảm limit còn 500k,action,LIMIT
đặt hạn mức giải trí 200k,action,SET_LIMIT
xem report sức khỏe 15-06-2026,action,REPORT
cho t xem báo cáo tháng 12 năm ngoái,action,REPORT_INCOME
đổi tên thành Boss,action,SET_USERNAME
xem report nhà ở năm ngoái,action,REPORT_COMPARE
tư vấn hạn mức cho mình,action,SUGGEST_BUDGET
thu nhập tháng này 50k,action,SET_INCOME
tìm giao dịch ăn uống,action,SEARCH_RECORD
thu nhập tháng này 100k,action,SET_INCOME
cho t xem báo cáo chủ nhật,action,REPORT_GENERAL
undo giao dịch cuối,action,DELETE
sửa giao dịch cuối thành 200k,action,EDIT
nói chuyện hài hước hơn đi,action,TONE
cho t xem báo cáo tháng này,action,REPORT_INCOME
check tiền đã xài năm nay đi,action,REPORT_COMPARE
sửa giao dịch cuối thành 100k,action,EDIT
cho t xem báo cáo hôm nay,action,REPORT
mở cài đặt,action,SETTING
tìm giao dịch giải trí,action,SEARCH_RECORD
thống kê chi tiêu chủ nhật,action,REPORT_INCOME
set income 500k,action,SET_INCOME
cho t xem báo cáo 30 ngày qua,action,REPORT_GENERAL
xem report giải trí hôm nay,action,REPORT_COMPARE
lương của mình là 5 triệu,action,SET_INCOME
set tone dặn dỗi,action,SET_TONE
cộng thêm 200k vào hạn mức,action,LIMIT
đổi tên thành Anh Khang,action,SET_USERNAME
check tiền đã xài tuần này đi,action,REPORT
gợi ý ngân sách tháng sau,action,SUGGEST
đề xuất budget hợp lý đi,action,SUGGEST
search hóa đơn trên 500k,action,SEARCH
check tiền đã xài năm nay đi,action,REPORT
sửa giao dịch cuối thành 50k,action,EDIT
check tiền đã xài năm ngoái đi,action,REPORT_INCOME
xem report nhà ở tuần này,action,REPORT_COMPARE
xóa giao dịch vừa nhập,action,DELETE_LAST
hủy hóa đơn mới nhất,action,DELETE_LAST
set limit giải trí 100k mỗi tháng,action,SET_LIMIT
check tiền đã xài quý 1 năm nay đi,action,REPORT
cho t xem báo cáo thứ 2,action,REPORT_GENERAL
đặt hạn mức nhà ở 200k,action,LIMIT
thống kê chi tiêu chủ nhật,action,REPORT_COMPARE
set tone dễ thương,action,SET_TONE
set tone châm chọc,action,TONE
search hóa đơn trên 200k,action,SEARCH_RECORD
save goal mua laptop 100k,action,GOAL
mục tiêu du lịch 5 triệu trước tuần trước,action,GOAL
check tiền đã xài thứ 2 đi,action,REPORT_GENERAL
chuyển giao diện sáng,action,SYSTEM_SETTING
đề xuất budget hợp lý đi,action,SUGGEST
đổi giọng sang nghiêm túc,action,SET_TONE
hủy hóa đơn mới nhất,action,DELETE_LAST
mục tiêu du lịch 10 triệu trước 01-01-2026,action,GOAL
tư vấn hạn mức cho mình,action,SUGGEST
mở cài đặt,action,SYSTEM_SETTING
kiếm giúp khoản trà sữa,action,SEARCH_RECORD
alert hạn mức cho mua sắm,action,SET_ALERT
gọi mình là Min nhé,action,SET_USERNAME
update record vừa nhập,action,UPDATE_RECORD
bật dark mode,action,SETTING
cho t xem báo cáo 30 ngày qua,action,REPORT_GENERAL
tắt chế độ tối,action,SETTING
check tiền đã xài 23-12-2025 đi,action,REPORT_COMPARE
set tone hài hước,action,TONE
tắt thông báo chi tiêu,action,SET_ALERT
check tiền đã xài thứ 2 đi,action,REPORT
nói chuyện dễ thương hơn đi,action,SET_TONE
set nickname Bin,action,SET_USERNAME
alert hạn mức cho mua sắm,action,SET_ALERT
check tiền đã xài thứ 2 đi,action,REPORT_INCOME
đặt hạn mức giải trí 200k,action,SET_LIMIT
thống kê chi tiêu năm ngoái,action,REPORT
xem report ăn uống 30 ngày qua,action,REPORT_INCOME
đặt hạn mức đi lại 200k,action,LIMIT
kiếm giúp khoản trà sữa,action,SEARCH
lương của mình là 2 triệu,action,SET_INCOME
check tiền đã xài 23-12-2025 đi,action,REPORT_INCOME
tháng tới nên tiêu bao nhiêu,action,SUGGEST
check tiền đã xài 30 ngày qua đi,action,REPORT
tháng tới nên tiêu bao nhiêu,action,SUGGEST
alert hạn mức cho giải trí,action,SET_ALERT
xem report đi lại tháng trước,action,REPORT_COMPARE
tạo mục tiêu tiết kiệm 1 triệu,action,SET_GOAL
undo giao dịch cuối,action,DELETE
xóa record cuối giúp mình,action,DELETE_LAST
cộng thêm 100k vào hạn mức,action,LIMIT
check tiền đã xài tháng này đi,action,REPORT_INCOME
tắt chế độ tối,action,SETTING
chỉnh lại ghi chú nha,action,UPDATE_RECORD
đổi giọng sang châm chọc,action,TONE
thống kê chi tiêu chủ nhật,action,REPORT_COMPARE
tháng tới nên tiêu bao nhiêu,action,SUGGEST_BUDGET
xem report nhà ở 7 ngày qua,action,REPORT_INCOME
update record vừa nhập,action,EDIT
giảm limit còn 500k,action,SET_LIMIT
cho t xem báo cáo quý 1 năm nay,action,REPORT
chuyển giao diện sáng,action,SETTING
kiếm giúp khoản trà sữa,action,SEARCH
xóa giao dịch vừa nhập,action,DELETE
mở cài đặt,action,SYSTEM_SETTING
gợi ý ngân sách tháng sau,action,SUGGEST_BUDGET
cho t xem báo cáo 30 ngày qua,action,REPORT_GENERAL
search hóa đơn trên 100k,action,SEARCH
nói chuyện dễ thương hơn đi,action,TONE
xóa record cuối giúp mình,action,DELETE_LAST
hủy hóa đơn mới nhất,action,DELETE
mục tiêu du lịch 1 triệu trước tuần trước,action,GOAL
chuyển style nói chuyện nhé,action,SET_TONE
check tiền đã xài hôm qua đi,action,REPORT_GENERAL
chuyển style nói chuyện nhé,action,SET_TONE
tắt chế độ tối,action,SYSTEM_SETTING
bật dark mode,action,SETTING
save goal mua laptop 50k,action,SET_GOAL
tìm giao dịch giải trí,action,SEARCH
đổi giọng sang châm chọc,action,SET_TONE
chỉnh lại ghi chú nha,action,EDIT
giảm limit còn 50k,action,SET_LIMIT
xem report mua sắm tháng 12 năm ngoái,action,REPORT_GENERAL
cộng thêm 500k vào hạn mức,action,LIMIT
kiếm giúp khoản trà sữa,action,SEARCH_RECORD
đổi giọng sang châm chọc,action,SET_TONE
nói chuyện dễ thương hơn đi,action,TONE
để dành 100k nha,action,SET_GOAL
set limit giải trí 200k mỗi tháng,action,LIMIT
hủy hóa đơn mới nhất,action,DELETE_LAST
tháng tới nên tiêu bao nhiêu,action,SUGGEST
bật dark mode,action,SETTING
chuyển style nói chuyện nhé,action,SET_TONE
bật dark mode,action,SETTING
xem report đi lại thứ 6,action,REPORT_COMPARE
tìm record chủ nhật,action,SEARCH_RECORD
giảm limit còn 1 triệu,action,SET_LIMIT
đổi danh mục sang giải trí,action,UPDATE_RECORD
tháng tới nên tiêu bao nhiêu,action,SUGGEST
cho t xem báo cáo chủ nhật,action,REPORT_GENERAL
bật dark mode,action,SETTING
search hóa đơn trên 50k,action,SEARCH_RECORD
thống kê chi tiêu năm nay,action,REPORT_COMPARE
set limit giải trí 1 triệu mỗi tháng,action,SET_LIMIT
cho t xem báo cáo 30 ngày qua,action,REPORT_INCOME
check tiền đã xài 23-12-2025 đi,action,REPORT_INCOME
mở cài đặt,action,SYSTEM_SETTING
gợi ý ngân sách tháng sau,action,SUGGEST
đặt hạn mức nhà ở 2 triệu,action,LIMIT
tìm giao dịch nhà ở,action,SEARCH_RECORD
check tiền đã xài tuần trước đi,action,REPORT_GENERAL
check tiền đã xài chủ nhật đi,action,REPORT_GENERAL
tìm record năm ngoái,action,SEARCH
mục tiêu du lịch 500k trước 23-12-2025,action,GOAL
sửa giao dịch cuối thành 500k,action,EDIT
cho t xem báo cáo 15-06-2026,action,REPORT
đổi tên thành Khang,action,SET_USERNAME
chuyển giao diện sáng,action,SETTING
kiếm giúp khoản trà sữa,action,SEARCH_RECORD
undo giao dịch cuối,action,DELETE
tháng tới nên tiêu bao nhiêu,action,SUGGEST
chuyển giao diện sáng,action,SYSTEM_SETTING
set nickname Anh Khang,action,SET_USERNAME
sửa giao dịch cuối thành 50k,action,EDIT
để dành 5 triệu nha,action,GOAL
undo giao dịch cuối,action,DELETE
undo giao dịch cuối,action,DELETE
cộng thêm 500k vào hạn mức,action,SET_LIMIT
đặt hạn mức mua sắm 500k,action,LIMIT
tắt chế độ tối,action,SETTING
alert hạn mức cho mua sắm,action,SET_ALERT
giảm limit còn 5 triệu,action,SET_LIMIT
undo giao dịch cuối,action,DELETE
update record vừa nhập,action,UPDATE_RECORD
đặt hạn mức sức khỏe 5 triệu,action,LIMIT
cho t xem báo cáo 30 ngày qua,action,REPORT_GENERAL
undo giao dịch cuối,action,DELETE
check tiền đã xài 15-06-2026 đi,action,REPORT_GENERAL
hủy hóa đơn mới nhất,action,DELETE_LAST
update record vừa nhập,action,EDIT
cho t xem báo cáo hôm nay,action,REPORT_GENERAL
xóa record cuối giúp mình,action,DELETE
mở cài đặt,action,SYSTEM_SETTING
bật dark mode,action,SYSTEM_SETTING
kiếm giúp khoản trà sữa,action,SEARCH_RECORD
đổi danh mục sang giáo dục,action,EDIT
check tiền đã xài năm nay đi,action,REPORT_INCOME
chỉnh lại ghi chú nha,action,UPDATE_RECORD
cho t xem báo cáo hôm qua,action,REPORT
xem report đi lại 7 ngày qua,action,REPORT
lương của mình là 10 triệu,action,SET_INCOME
cho t xem báo cáo chủ nhật,action,REPORT_INCOME
chuyển style nói chuyện nhé,action,TONE
đổi giọng sang dặn dỗi,action,SET_TONE
sửa giao dịch cuối thành 2 triệu,action,UPDATE_RECORD
set nickname Min,action,SET_USERNAME
cho t xem báo cáo cuối tuần,action,REPORT
tháng tới nên tiêu bao nhiêu,action,SUGGEST
xem report đi lại quý 1 năm nay,action,REPORT_GENERAL
update record vừa nhập,action,UPDATE_RECORD
search hóa đơn trên 10 triệu,action,SEARCH_RECORD
gợi ý ngân sách tháng sau,action,SUGGEST_BUDGET
save goal mua laptop 500k,action,SET_GOAL
set limit nhà ở 100k mỗi tháng,action,SET_LIMIT
thống kê chi tiêu tháng 12 năm ngoái,action,REPORT_INCOME
chỉnh lại ghi chú nha,action,EDIT
thống kê chi tiêu tháng 12 năm ngoái,action,REPORT_GENERAL
tắt chế độ tối,action,SETTING
save goal mua laptop 500k,action,GOAL
lương của mình là 5 triệu,action,SET_INCOME
thống kê chi tiêu hôm qua,action,REPORT_GENERAL
chuyển giao diện sáng,action,SYSTEM_SETTING
xem report giáo dục tháng này,action,REPORT
undo giao dịch cuối,action,DELETE
mục tiêu du lịch 50k trước tuần này,action,SET_GOAL
xem report nhà ở cuối tuần,action,REPORT_GENERAL
đổi tên thành Bin,action,SET_USERNAME
cho t xem báo cáo thứ 6,action,REPORT_COMPARE
undo giao dịch cuối,action,DELETE_LAST
sửa giao dịch cuối thành 5 triệu,action,UPDATE_RECORD
từ giờ gọi t là Bin,action,SET_USERNAME
mở cài đặt,action,SETTING
nói chuyện dặn dỗi hơn đi,action,TONE
mục tiêu du lịch 100k trước chủ nhật,action,SET_GOAL
xóa giao dịch vừa nhập,action,DELETE
nói chuyện hài hước hơn đi,action,TONE
cho t xem báo cáo tháng này,action,REPORT_INCOME
tháng tới nên tiêu bao nhiêu,action,SUGGEST_BUDGET
đổi danh mục sang mua sắm,action,EDIT
set tone nghiêm túc,action,SET_TONE
alert hạn mức cho giáo dục,action,SET_ALERT
đổi giọng sang dễ thương,action,TONE
lương của mình là 2 triệu,action,SET_INCOME
mỗi tháng mình kiếm 500k,action,SET_INCOME
save goal mua laptop 100k,action,SET_GOAL
cho t xem báo cáo quý 1 năm nay,action,REPORT_COMPARE
cho t xem báo cáo 01-01-2026,action,REPORT_COMPARE
lương của mình là 500k,action,SET_INCOME
check tiền đã xài quý 1 năm nay đi,action,REPORT
đổi danh mục sang giải trí,action,EDIT
cho t xem báo cáo quý 1 năm nay,action,REPORT_INCOME
cho t xem báo cáo tháng này,action,REPORT_GENERAL
đổi giọng sang hài hước,action,TONE
set limit ăn uống 200k mỗi tháng,action,SET_LIMIT
save goal mua laptop 50k,action,GOAL
mục tiêu du lịch 10 triệu trước chủ nhật,action,SET_GOAL
cho t xem báo cáo tháng này,action,REPORT_COMPARE
chuyển style nói chuyện nhé,action,TONE
cộng thêm 500k vào hạn mức,action,SET_LIMIT
cộng thêm 10 triệu vào hạn mức,action,LIMIT
tư vấn hạn mức cho mình,action,SUGGEST_BUDGET
bật cảnh báo giải trí,action,SET_ALERT
sửa giao dịch cuối thành 500k,action,EDIT
từ giờ gọi t là Mimo Master,action,SET_USERNAME
hủy hóa đơn mới nhất,action,DELETE
search hóa đơn trên 10 triệu,action,SEARCH
giảm limit còn 2 triệu,action,LIMIT
nói chuyện châm chọc hơn đi,action,SET_TONE
hủy hóa đơn mới nhất,action,DELETE
search hóa đơn trên 100k,action,SEARCH
sửa giao dịch cuối thành 1 triệu,action,EDIT
tư vấn hạn mức cho mình,action,SUGGEST
tìm giao dịch mua sắm,action,SEARCH_RECORD
bật dark mode,action,SETTING
set nickname Bin,action,SET_USERNAME
chỉnh lại ghi chú nha,action,UPDATE_RECORD
mở cài đặt,action,SETTING
tắt chế độ tối,action,SETTING
mỗi tháng mình kiếm 200k,action,SET_INCOME
chuyển style nói chuyện nhé,action,SET_TONE
chỉnh lại ghi chú nha,action,UPDATE_RECORD
set tone dễ thương,action,SET_TONE
lương của mình là 2 triệu,action,SET_INCOME
thống kê chi tiêu tháng này,action,REPORT_INCOME
chỉnh lại ghi chú nha,action,UPDATE_RECORD
cộng thêm 1 triệu vào hạn mức,action,LIMIT
set nickname Bin,action,SET_USERNAME
đổi giọng sang hài hước,action,SET_TONE
xem report ăn uống thứ 2,action,REPORT_INCOME
nói chuyện châm chọc hơn đi,action,TONE
để dành 200k nha,action,SET_GOAL
lương của mình là 50k,action,SET_INCOME
lương của mình là 10 triệu,action,SET_INCOME
đặt hạn mức ăn uống 2 triệu,action,LIMIT
cộng thêm 2 triệu vào hạn mức,action,SET_LIMIT
chuyển style nói chuyện nhé,action,SET_TONE
check tiền đã xài tuần này đi,action,REPORT_INCOME
gợi ý ngân sách tháng sau,action,SUGGEST_BUDGET
lương của mình là 10 triệu,action,SET_INCOME
thống kê chi tiêu cuối tuần,action,REPORT
chuyển giao diện sáng,action,SETTING
mục tiêu du lịch 500k trước chủ nhật,action,GOAL
cộng thêm 50k vào hạn mức,action,SET_LIMIT
tạo mục tiêu tiết kiệm 500k,action,SET_GOAL
check tiền đã xài thứ 3 đi,action,REPORT_INCOME
xem report giáo dục tuần trước,action,REPORT_INCOME
nói chuyện dễ thương hơn đi,action,TONE
set tone dễ thương,action,SET_TONE
để dành 200k nha,action,GOAL
set tone dặn dỗi,action,SET_TONE
đổi danh mục sang nhà ở,action,EDIT
bật dark mode,action,SETTING
xem report đi lại tháng này,action,REPORT_COMPARE
cho t xem báo cáo thứ 6,action,REPORT_GENERAL
đổi tên thành Bin,action,SET_USERNAME
đổi tên thành Khang,action,SET_USERNAME
check tiền đã xài 01-01-2026 đi,action,REPORT_GENERAL
cho t xem báo cáo 15-06-2026,action,REPORT_INCOME
gọi mình là Mimo Master nhé,action,SET_USERNAME
từ giờ gọi t là Anh Khang,action,SET_USERNAME
giảm limit còn 200k,action,SET_LIMIT
tìm giao dịch ăn uống,action,SEARCH
kiếm giúp khoản trà sữa,action,SEARCH
nói chuyện dặn dỗi hơn đi,action,SET_TONE
tư vấn hạn mức cho mình,action,SUGGEST_BUDGET
kiếm giúp khoản trà sữa,action,SEARCH_RECORD
tắt chế độ tối,action,SETTING
thống kê chi tiêu năm nay,action,REPORT_GENERAL
đổi giọng sang hài hước,action,SET_TONE
thống kê chi tiêu tháng 12 năm ngoái,action,REPORT_COMPARE
tháng tới nên tiêu bao nhiêu,action,SUGGEST_BUDGET
tháng tới nên tiêu bao nhiêu,action,SUGGEST
set tone châm chọc,action,SET_TONE
set nickname Anh Khang,action,SET_USERNAME
nói chuyện nghiêm túc hơn đi,action,TONE
alert hạn mức cho nhà ở,action,SET_ALERT
check tiền đã xài 23-12-2025 đi,action,REPORT_COMPARE
thống kê chi tiêu thứ 6,action,REPORT_COMPARE
check tiền đã xài tuần này đi,action,REPORT_INCOME
đổi tên thành Boss,action,SET_USERNAME
thu nhập tháng này 2 triệu,action,SET_INCOME
hủy hóa đơn mới nhất,action,DELETE_LAST
chỉnh lại ghi chú nha,action,UPDATE_RECORD
bật cảnh báo mua sắm,action,SET_ALERT
cho t xem báo cáo thứ 6,action,REPORT_GENERAL
cho t xem báo cáo tuần trước,action,REPORT_GENERAL
undo giao dịch cuối,action,DELETE
undo giao dịch cuối,action,DELETE
undo giao dịch cuối,action,DELETE_LAST
chuyển giao diện sáng,action,SYSTEM_SETTING
xóa giao dịch vừa nhập,action,DELETE
xem report sức khỏe quý 1 năm nay,action,REPORT
đề xuất budget hợp lý đi,action,SUGGEST_BUDGET
check tiền đã xài thứ 2 đi,action,REPORT_GENERAL
mục tiêu du lịch 10 triệu trước cuối tuần,action,GOAL
tư vấn hạn mức cho mình,action,SUGGEST
chuyển giao diện sáng,action,SYSTEM_SETTING
hủy hóa đơn mới nhất,action,DELETE
chuyển style nói chuyện nhé,action,SET_TONE
để dành 10 triệu nha,action,SET_GOAL
đặt hạn mức giải trí 1 triệu,action,LIMIT
check tiền đã xài thứ 6 đi,action,REPORT_COMPARE
cho t xem báo cáo tuần trước,action,REPORT
search hóa đơn trên 10 triệu,action,SEARCH
save goal mua laptop 50k,action,SET_GOAL
kiếm giúp khoản trà sữa,action,SEARCH
gọi mình là Bin nhé,action,SET_USERNAME
gợi ý ngân sách tháng sau,action,SUGGEST_BUDGET
set limit ăn uống 500k mỗi tháng,action,LIMIT
cho t xem báo cáo 01-01-2026,action,REPORT
tắt chế độ tối,action,SETTING
để dành 1 triệu nha,action,SET_GOAL
xóa giao dịch vừa nhập,action,DELETE_LAST
xóa record cuối giúp mình,action,DELETE
tạo mục tiêu tiết kiệm 1 triệu,action,SET_GOAL
giảm limit còn 1 triệu,action,SET_LIMIT
sửa giao dịch cuối thành 50k,action,EDIT
tư vấn hạn mức cho mình,action,SUGGEST
nói chuyện châm chọc hơn đi,action,TONE
xem report sức khỏe quý 1 năm nay,action,REPORT_INCOME
xóa giao dịch vừa nhập,action,DELETE_LAST
tìm record quý 1 năm nay,action,SEARCH
tìm record tháng 12 năm ngoái,action,SEARCH_RECORD
mục tiêu du lịch 5 triệu trước tháng 12 năm ngoái,action,SET_GOAL
thống kê chi tiêu hôm qua,action,REPORT_COMPARE
xem report giải trí tuần trước,action,REPORT_GENERAL
đổi giọng sang dặn dỗi,action,SET_TONE
tắt chế độ tối,action,SETTING
xóa record cuối giúp mình,action,DELETE_LAST
bật dark mode,action,SYSTEM_SETTING
tìm record hôm qua,action,SEARCH
thống kê chi tiêu tuần trước,action,REPORT_GENERAL
xem report giải trí quý 1 năm nay,action,REPORT_COMPARE
từ giờ gọi t là Boss,action,SET_USERNAME
bật cảnh báo mua sắm,action,SET_ALERT
đổi tên thành Bin,action,SET_USERNAME
tìm giao dịch ăn uống,action,SEARCH_RECORD
từ giờ gọi t là Bin,action,SET_USERNAME
search hóa đơn trên 100k,action,SEARCH
search hóa đơn trên 2 triệu,action,SEARCH_RECORD
giảm limit còn 5 triệu,action,SET_LIMIT
xem report ăn uống 23-12-2025,action,REPORT_GENERAL
set limit sức khỏe 2 triệu mỗi tháng,action,SET_LIMIT
mở cài đặt,action,SETTING
thống kê chi tiêu tuần trước,action,REPORT_INCOME
nhắc mình khi vượt ngân sách,action,SET_ALERT
mục tiêu du lịch 50k trước 23-12-2025,action,GOAL
xem report mua sắm hôm qua,action,REPORT_INCOME
cho t xem báo cáo thứ 2,action,REPORT
bật cảnh báo sức khỏe,action,SET_ALERT
xóa record cuối giúp mình,action,DELETE
mỗi tháng mình kiếm 200k,action,SET_INCOME
xem report đi lại hôm qua,action,REPORT_INCOME
check tiền đã xài 15-06-2026 đi,action,REPORT_GENERAL
đổi danh mục sang đi lại,action,EDIT
save goal mua laptop 2 triệu,action,GOAL
tìm record 23-12-2025,action,SEARCH
mở cài đặt,action,SYSTEM_SETTING
nhắc mình khi vượt ngân sách,action,SET_ALERT
set nickname Min,action,SET_USERNAME
từ giờ gọi t là Mimo Master,action,SET_USERNAME
alert hạn mức cho đi lại,action,SET_ALERT
xem report nhà ở tháng trước,action,REPORT_GENERAL
mở cài đặt,action,SYSTEM_SETTING
undo giao dịch cuối,action,DELETE
gợi ý ngân sách tháng sau,action,SUGGEST_BUDGET
tìm record 7 ngày qua,action,SEARCH_RECORD
gợi ý ngân sách tháng sau,action,SUGGEST
xem report giải trí hôm nay,action,REPORT_COMPARE
giảm limit còn 5 triệu,action,SET_LIMIT
tìm giao dịch ăn uống,action,SEARCH
tắt chế độ tối,action,SYSTEM_SETTING
xóa record cuối giúp mình,action,DELETE
update record vừa nhập,action,UPDATE_RECORD
từ giờ gọi t là Bin,action,SET_USERNAME
hủy hóa đơn mới nhất,action,DELETE
xóa giao dịch vừa nhập,action,DELETE_LAST
tìm giao dịch sức khỏe,action,SEARCH_RECORD
tư vấn hạn mức cho mình,action,SUGGEST
save goal mua laptop 50k,action,GOAL
set income 100k,action,SET_INCOME
tắt chế độ tối,action,SETTING
bật dark mode,action,SYSTEM_SETTING
đề xuất budget hợp lý đi,action,SUGGEST
tạo mục tiêu tiết kiệm 5 triệu,action,SET_GOAL
tắt chế độ tối,action,SYSTEM_SETTING
check tiền đã xài 7 ngày qua đi,action,REPORT_GENERAL
tư vấn hạn mức cho mình,action,SUGGEST
save goal mua laptop 2 triệu,action,GOAL
chuyển style nói chuyện nhé,action,TONE
lương của mình là 2 triệu,action,SET_INCOME
giảm limit còn 200k,action,SET_LIMIT
set limit giáo dục 200k mỗi tháng,action,SET_LIMIT
chuyển style nói chuyện nhé,action,TONE
tạo mục tiêu tiết kiệm 100k,action,GOAL
kiếm giúp khoản trà sữa,action,SEARCH
set tone dễ thương,action,TONE
nói chuyện nghiêm túc hơn đi,action,SET_TONE
tìm giao dịch giải trí,action,SEARCH_RECORD
đổi danh mục sang đi lại,action,EDIT
xem report ăn uống hôm qua,action,REPORT_COMPARE
nói chuyện dặn dỗi hơn đi,action,SET_TONE
xóa record cuối giúp mình,action,DELETE_LAST
xem report mua sắm chủ nhật,action,REPORT_COMPARE
xem report sức khỏe 15-06-2026,action,REPORT_GENERAL
tìm giao dịch mua sắm,action,SEARCH
cộng thêm 100k vào hạn mức,action,LIMIT
update record vừa nhập,action,UPDATE_RECORD
set limit nhà ở 1 triệu mỗi tháng,action,SET_LIMIT
cộng thêm 2 triệu vào hạn mức,action,SET_LIMIT
mở cài đặt,action,SYSTEM_SETTING
chuyển giao diện sáng,action,SETTING
tắt chế độ tối,action,SYSTEM_SETTING
chỉnh lại ghi chú nha,action,UPDATE_RECORD
set nickname Boss,action,SET_USERNAME
chỉnh lại ghi chú nha,action,EDIT
set tone châm chọc,action,TONE
từ giờ gọi t là Khang,action,SET_USERNAME
alert hạn mức cho giáo dục,action,SET_ALERT
cộng thêm 100k vào hạn mức,action,LIMIT
xem report đi lại hôm nay,action,REPORT_COMPARE
alert hạn mức cho đi lại,action,SET_ALERT
update record vừa nhập,action,UPDATE_RECORD
để dành 10 triệu nha,action,SET_GOAL
sửa giao dịch cuối thành 10 triệu,action,EDIT
tháng tới nên tiêu bao nhiêu,action,SUGGEST_BUDGET
tìm giao dịch đi lại,action,SEARCH_RECORD
set limit sức khỏe 500k mỗi tháng,action,SET_LIMIT
check tiền đã xài 23-12-2025 đi,action,REPORT_COMPARE
search hóa đơn trên 5 triệu,action,SEARCH_RECORD
save goal mua laptop 200k,action,GOAL
mục tiêu du lịch 200k trước năm ngoái,action,SET_GOAL
mục tiêu du lịch 500k trước quý 1 năm nay,action,GOAL
check tiền đã xài 7 ngày qua đi,action,REPORT_GENERAL
từ giờ gọi t là Boss,action,SET_USERNAME
lương của mình là 100k,action,SET_INCOME
xem report sức khỏe chủ nhật,action,REPORT_GENERAL
mở cài đặt,action,SETTING
check tiền đã xài cuối tuần đi,action,REPORT_GENERAL
tháng tới nên tiêu bao nhiêu,action,SUGGEST_BUDGET
tìm record cuối tuần,action,SEARCH_RECORD
gợi ý ngân sách tháng sau,action,SUGGEST_BUDGET
mỗi tháng mình kiếm 1 triệu,action,SET_INCOME
thống kê chi tiêu tháng trước,action,REPORT_COMPARE
tắt chế độ tối,action,SYSTEM_SETTING
gợi ý ngân sách tháng sau,action,SUGGEST_BUDGET
để dành 2 triệu nha,action,GOAL
nói chuyện nghiêm túc hơn đi,action,SET_TONE
set nickname Anh Khang,action,SET_USERNAME
check tiền đã xài thứ 6 đi,action,REPORT_GENERAL
xem report sức khỏe thứ 6,action,REPORT_GENERAL
tắt thông báo chi tiêu,action,SET_ALERT
tắt thông báo chi tiêu,action,SET_ALERT
đổi giọng sang hài hước,action,SET_TONE
chỉnh lại ghi chú nha,action,UPDATE_RECORD
đổi giọng sang nghiêm túc,action,SET_TONE
xem report ăn uống chủ nhật,action,REPORT_INCOME
set limit đi lại 10 triệu mỗi tháng,action,LIMIT
check tiền đã xài tháng 12 năm ngoái đi,action,REPORT
nhắc mình khi vượt ngân sách,action,SET_ALERT
nói chuyện dặn dỗi hơn đi,action,SET_TONE
mỗi tháng mình kiếm 1 triệu,action,SET_INCOME
nhắc mình khi vượt ngân sách,action,SET_ALERT
check tiền đã xài 01-01-2026 đi,action,REPORT_GENERAL
kiếm giúp khoản trà sữa,action,SEARCH
save goal mua laptop 10 triệu,action,GOAL
thống kê chi tiêu thứ 2,action,REPORT
đề xuất budget hợp lý đi,action,SUGGEST
cho t xem báo cáo thứ 2,action,REPORT_GENERAL
bật cảnh báo giáo dục,action,SET_ALERT
undo giao dịch cuối,action,DELETE_LAST
set nickname Bin,action,SET_USERNAME
đề xuất budget hợp lý đi,action,SUGGEST
để dành 10 triệu nha,action,GOAL
set tone châm chọc,action,TONE
tạo mục tiêu tiết kiệm 2 triệu,action,SET_GOAL
mục tiêu du lịch 50k trước tuần này,action,SET_GOAL
tắt chế độ tối,action,SYSTEM_SETTING
tạo mục tiêu tiết kiệm 100k,action,GOAL
thống kê chi tiêu cuối tuần,action,REPORT_GENERAL
alert hạn mức cho ăn uống,action,SET_ALERT
để dành 100k nha,action,GOAL
check tiền đã xài 23-12-2025 đi,action,REPORT_GENERAL
thống kê chi tiêu quý 1 năm nay,action,REPORT_GENERAL
đổi giọng sang nghiêm túc,action,SET_TONE
nhắc mình khi vượt ngân sách,action,SET_ALERT
check tiền đã xài thứ 2 đi,action,REPORT
đổi danh mục sang đi lại,action,UPDATE_RECORD
cho t xem báo cáo 7 ngày qua,action,REPORT_COMPARE
xem report giáo dục 23-12-2025,action,REPORT_GENERAL
xem report ăn uống hôm nay,action,REPORT_COMPARE
tìm giao dịch ăn uống,action,SEARCH_RECORD
tắt thông báo chi tiêu,action,SET_ALERT
tư vấn hạn mức cho mình,action,SUGGEST
tạo mục tiêu tiết kiệm 200k,action,SET_GOAL
lương của mình là 10 triệu,action,SET_INCOME
thu nhập tháng này 2 triệu,action,SET_INCOME
tạo mục tiêu tiết kiệm 200k,action,SET_GOAL
set nickname Anh Khang,action,SET_USERNAME
thu nhập tháng này 1 triệu,action,SET_INCOME
tìm giao dịch mua sắm,action,SEARCH
xem report đi lại hôm qua,action,REPORT
tìm record 15-06-2026,action,SEARCH_RECORD
đặt hạn mức nhà ở 5 triệu,action,SET_LIMIT
tháng tới nên tiêu bao nhiêu,action,SUGGEST
mỗi tháng mình kiếm 500k,action,SET_INCOME
tháng tới nên tiêu bao nhiêu,action,SUGGEST_BUDGET
tìm record năm ngoái,action,SEARCH
tìm giao dịch đi lại,action,SEARCH_RECORD
chuyển style nói chuyện nhé,action,SET_TONE
set limit sức khỏe 200k mỗi tháng,action,LIMIT
tạo mục tiêu tiết kiệm 50k,action,GOAL
undo giao dịch cuối,action,DELETE_LAST
check tiền đã xài thứ 6 đi,action,REPORT_COMPARE
đề xuất budget hợp lý đi,action,SUGGEST
đổi danh mục sang ăn uống,action,EDIT
gợi ý ngân sách tháng sau,action,SUGGEST_BUDGET
tìm record cuối tuần,action,SEARCH
đề xuất budget hợp lý đi,action,SUGGEST
check tiền đã xài 7 ngày qua đi,action,REPORT_COMPARE
thống kê chi tiêu năm ngoái,action,REPORT_GENERAL
save goal mua laptop 5 triệu,action,SET_GOAL
cộng thêm 500k vào hạn mức,action,SET_LIMIT
nhắc mình khi vượt ngân sách,action,SET_ALERT
giảm limit còn 2 triệu,action,SET_LIMIT
mỗi tháng mình kiếm 5 triệu,action,SET_INCOME
cho t xem báo cáo 30 ngày qua,action,REPORT
thống kê chi tiêu 30 ngày qua,action,REPORT_GENERAL
update record vừa nhập,action,UPDATE_RECORD
đổi danh mục sang nhà ở,action,UPDATE_RECORD
xem report đi lại cuối tuần,action,REPORT_GENERAL
sửa giao dịch cuối thành 10 triệu,action,EDIT
nói chuyện nghiêm túc hơn đi,action,TONE
chuyển style nói chuyện nhé,action,TONE
thống kê chi tiêu năm ngoái,action,REPORT
cho t xem báo cáo thứ 6,action,REPORT_GENERAL
kiếm giúp khoản trà sữa,action,SEARCH_RECORD
mỗi tháng mình kiếm 2 triệu,action,SET_INCOME
chỉnh lại ghi chú nha,action,EDIT
đề xuất budget hợp lý đi,action,SUGGEST
đổi tên thành Boss,action,SET_USERNAME
chuyển style nói chuyện nhé,action,SET_TONE
cộng thêm 50k vào hạn mức,action,LIMIT
kiếm giúp khoản trà sữa,action,SEARCH_RECORD
set limit mua sắm 100k mỗi tháng,action,SET_LIMIT
nói chuyện châm chọc hơn đi,action,TONE
gọi mình là Bin nhé,action,SET_USERNAME
cho t xem báo cáo thứ 6,action,REPORT_INCOME
đổi giọng sang nghiêm túc,action,TONE
kiếm giúp khoản trà sữa,action,SEARCH
đổi tên thành Anh Khang,action,SET_USERNAME
kiếm giúp khoản trà sữa,action,SEARCH_RECORD
mỗi tháng mình kiếm 200k,action,SET_INCOME
tìm giao dịch giáo dục,action,SEARCH_RECORD
check tiền đã xài năm nay đi,action,REPORT_INCOME
kiếm giúp khoản trà sữa,action,SEARCH_RECORD
xem report giải trí tháng này,action,REPORT
tháng tới nên tiêu bao nhiêu,action,SUGGEST_BUDGET
mục tiêu du lịch 10 triệu trước năm nay,action,GOAL
chuyển giao diện sáng,action,SETTING
update record vừa nhập,action,EDIT
xem report nhà ở cuối tuần,action,REPORT_GENERAL
kiếm giúp khoản trà sữa,action,SEARCH
update record vừa nhập,action,EDIT
nói chuyện hài hước hơn đi,action,TONE
bật cảnh báo đi lại,action,SET_ALERT
tìm giao dịch đi lại,action,SEARCH_RECORD
tắt chế độ tối,action,SYSTEM_SETTING
kiếm giúp khoản trà sữa,action,SEARCH
để dành 5 triệu nha,action,SET_GOAL
update record vừa nhập,action,UPDATE_RECORD
cho t xem báo cáo thứ 3,action,REPORT_COMPARE
cho t xem báo cáo thứ 6,action,REPORT_INCOME
set limit ăn uống 100k mỗi tháng,action,LIMIT
tắt thông báo chi tiêu,action,SET_ALERT
cho t xem báo cáo cuối tuần,action,REPORT_COMPARE
xóa giao dịch vừa nhập,action,DELETE_LAST
nói chuyện hài hước hơn đi,action,SET_TONE
tắt chế độ tối,action,SETTING
bật dark mode,action,SETTING
lương của mình là 2 triệu,action,SET_INCOME
sửa giao dịch cuối thành 5 triệu,action,EDIT
xem report giải trí thứ 6,action,REPORT_INCOME
tìm giao dịch đi lại,action,SEARCH
gợi ý ngân sách tháng sau,action,SUGGEST_BUDGET
hủy hóa đơn mới nhất,action,DELETE_LAST
bật dark mode,action,SETTING
undo giao dịch cuối,action,DELETE_LAST
tạo mục tiêu tiết kiệm 2 triệu,action,GOAL
set income 50k,action,SET_INCOME
search hóa đơn trên 10 triệu,action,SEARCH_RECORD
tháng tới nên tiêu bao nhiêu,action,SUGGEST_BUDGET
undo giao dịch cuối,action,DELETE_LAST
chỉnh lại ghi chú nha,action,EDIT
check tiền đã xài 30 ngày qua đi,action,REPORT
undo giao dịch cuối,action,DELETE_LAST
sửa giao dịch cuối thành 500k,action,EDIT
chuyển giao diện sáng,action,SETTING
tìm record tháng trước,action,SEARCH_RECORD
check tiền đã xài cuối tuần đi,action,REPORT_INCOME
cho t xem báo cáo hôm qua,action,REPORT_GENERAL
tạo mục tiêu tiết kiệm 500k,action,GOAL
set tone hài hước,action,SET_TONE
chuyển giao diện sáng,action,SYSTEM_SETTING
cho t xem báo cáo tháng 12 năm ngoái,action,REPORT_GENERAL
set income 50k,action,SET_INCOME
save goal mua laptop 10 triệu,action,SET_GOAL
kiếm giúp khoản trà sữa,action,SEARCH_RECORD
giảm limit còn 2 triệu,action,LIMIT
chuyển giao diện sáng,action,SETTING
đề xuất budget hợp lý đi,action,SUGGEST_BUDGET
set limit đi lại 100k mỗi tháng,action,LIMIT
tìm record 30 ngày qua,action,SEARCH_RECORD
lương của mình là 5 triệu,action,SET_INCOME
cho t xem báo cáo chủ nhật,action,REPORT_GENERAL
để dành 200k nha,action,GOAL
đổi danh mục sang ăn uống,action,UPDATE_RECORD
xóa giao dịch vừa nhập,action,DELETE_LAST
sửa giao dịch cuối thành 5 triệu,action,EDIT
xóa giao dịch vừa nhập,action,DELETE_LAST
tắt chế độ tối,action,SETTING
undo giao dịch cuối,action,DELETE_LAST
tư vấn hạn mức cho mình,action,SUGGEST
đổi giọng sang dễ thương,action,SET_TONE
undo giao dịch cuối,action,DELETE_LAST
cho t xem báo cáo 30 ngày qua,action,REPORT_GENERAL
đổi danh mục sang ăn uống,action,UPDATE_RECORD
chỉnh lại ghi chú nha,action,EDIT
check tiền đã xài thứ 2 đi,action,REPORT_COMPARE
cho t xem báo cáo quý 1 năm nay,action,REPORT_GENERAL
tạo mục tiêu tiết kiệm 200k,action,SET_GOAL
thống kê chi tiêu tháng 12 năm ngoái,action,REPORT_INCOME
chỉnh lại ghi chú nha,action,UPDATE_RECORD
set tone châm chọc,action,TONE
từ giờ gọi t là Bin,action,SET_USERNAME
xem report sức khỏe thứ 2,action,REPORT_GENERAL
check tiền đã xài chủ nhật đi,action,REPORT_COMPARE
check tiền đã xài tháng này đi,action,REPORT_INCOME
gọi mình là Anh Khang nhé,action,SET_USERNAME
update record vừa nhập,action,EDIT
tìm giao dịch nhà ở,action,SEARCH
save goal mua laptop 5 triệu,action,SET_GOAL
nhắc mình khi vượt ngân sách,action,SET_ALERT
tư vấn hạn mức cho mình,action,SUGGEST
gợi ý ngân sách tháng sau,action,SUGGEST_BUDGET
tạo mục tiêu tiết kiệm 5 triệu,action,SET_GOAL
để dành 2 triệu nha,action,GOAL
tìm record 7 ngày qua,action,SEARCH
hủy hóa đơn mới nhất,action,DELETE
thống kê chi tiêu hôm qua,action,REPORT_COMPARE
set nickname Min,action,SET_USERNAME
cho t xem báo cáo thứ 3,action,REPORT_GENERAL
xem report mua sắm thứ 2,action,REPORT
set limit sức khỏe 2 triệu mỗi tháng,action,SET_LIMIT
xem report sức khỏe tuần này,action,REPORT_GENERAL
check tiền đã xài tháng này đi,action,REPORT_INCOME
save goal mua laptop 5 triệu,action,GOAL
đề xuất budget hợp lý đi,action,SUGGEST_BUDGET
tìm record tháng trước,action,SEARCH_RECORD
chuyển style nói chuyện nhé,action,TONE
gợi ý ngân sách tháng sau,action,SUGGEST
check tiền đã xài tháng 12 năm ngoái đi,action,REPORT_GENERAL
thống kê chi tiêu 7 ngày qua,action,REPORT_GENERAL
cho t xem báo cáo tháng này,action,REPORT_INCOME
thống kê chi tiêu tuần này,action,REPORT_INCOME
đặt hạn mức giải trí 100k,action,LIMIT
đổi giọng sang nghiêm túc,action,TONE
đổi giọng sang dễ thương,action,SET_TONE
xem report ăn uống cuối tuần,action,REPORT_COMPARE
tạo mục tiêu tiết kiệm 100k,action,GOAL
tắt thông báo chi tiêu,action,SET_ALERT
nói chuyện nghiêm túc hơn đi,action,TONE
update record vừa nhập,action,EDIT
undo giao dịch cuối,action,DELETE
xem report ăn uống quý 1 năm nay,action,REPORT_GENERAL
xem report nhà ở tháng trước,action,REPORT
cho t xem báo cáo 15-06-2026,action,REPORT_INCOME
tắt chế độ tối,action,SYSTEM_SETTING
sửa giao dịch cuối thành 5 triệu,action,UPDATE_RECORD
thống kê chi tiêu quý 1 năm nay,action,REPORT_INCOME
check tiền đã xài hôm qua đi,action,REPORT_COMPARE
thống kê chi tiêu năm ngoái,action,REPORT_INCOME
tìm record 7 ngày qua,action,SEARCH_RECORD
set income 500k,action,SET_INCOME
mục tiêu du lịch 200k trước tháng này,action,GOAL
save goal mua laptop 500k,action,SET_GOAL
check tiền đã xài 30 ngày qua đi,action,REPORT
search hóa đơn trên 100k,action,SEARCH_RECORD
tìm record chủ nhật,action,SEARCH_RECORD
set tone hài hước,action,TONE
kiếm giúp khoản trà sữa,action,SEARCH_RECORD
đề xuất budget hợp lý đi,action,SUGGEST_BUDGET
mục tiêu du lịch 100k trước 30 ngày qua,action,SET_GOAL
chuyển style nói chuyện nhé,action,SET_TONE
hủy hóa đơn mới nhất,action,DELETE_LAST
tháng tới nên tiêu bao nhiêu,action,SUGGEST_BUDGET
mở cài đặt,action,SYSTEM_SETTING
update record vừa nhập,action,UPDATE_RECORD
cho t xem báo cáo tháng 12 năm ngoái,action,REPORT_INCOME
thống kê chi tiêu thứ 2,action,REPORT_GENERAL
tìm giao dịch sức khỏe,action,SEARCH
set limit giải trí 50k mỗi tháng,action,LIMIT
bật cảnh báo giải trí,action,SET_ALERT
thống kê chi tiêu thứ 2,action,REPORT_GENERAL
set nickname Khang,action,SET_USERNAME
mục tiêu du lịch 10 triệu trước tháng 12 năm ngoái,action,SET_GOAL
chuyển giao diện sáng,action,SYSTEM_SETTING
thống kê chi tiêu thứ 6,action,REPORT_INCOME
set nickname Bin,action,SET_USERNAME
tìm giao dịch mua sắm,action,SEARCH_RECORD
xem report nhà ở 7 ngày qua,action,REPORT_GENERAL
check tiền đã xài năm ngoái đi,action,REPORT
set income 1 triệu,action,SET_INCOME
tắt chế độ tối,action,SETTING
tắt chế độ tối,action,SYSTEM_SETTING
đổi giọng sang dặn dỗi,action,TONE
từ giờ gọi t là Min,action,SET_USERNAME
lương của mình là 1 triệu,action,SET_INCOME
chuyển style nói chuyện nhé,action,TONE
chỉnh lại ghi chú nha,action,UPDATE_RECORD
sửa giao dịch cuối thành 5 triệu,action,EDIT
giảm limit còn 2 triệu,action,LIMIT
đặt hạn mức đi lại 50k,action,LIMIT
save goal mua laptop 100k,action,GOAL
set nickname Mimo Master,action,SET_USERNAME
thống kê chi tiêu hôm nay,action,REPORT_GENERAL
set limit giáo dục 5 triệu mỗi tháng,action,SET_LIMIT
thống kê chi tiêu 15-06-2026,action,REPORT_COMPARE
check tiền đã xài quý 1 năm nay đi,action,REPORT
xem report giải trí quý 1 năm nay,action,REPORT_COMPARE
đổi tên thành Mimo Master,action,SET_USERNAME
xem report sức khỏe 15-06-2026,action,REPORT_INCOME
gọi mình là Min nhé,action,SET_USERNAME
tắt chế độ tối,action,SYSTEM_SETTING
đổi tên thành Boss,action,SET_USERNAME
tháng tới nên tiêu bao nhiêu,action,SUGGEST_BUDGET
đổi giọng sang dễ thương,action,SET_TONE
check tiền đã xài chủ nhật đi,action,REPORT_GENERAL
thống kê chi tiêu chủ nhật,action,REPORT_GENERAL
tìm record cuối tuần,action,SEARCH_RECORD
tìm giao dịch nhà ở,action,SEARCH_RECORD
check tiền đã xài 7 ngày qua đi,action,REPORT_GENERAL
set income 50k,action,SET_INCOME
chỉnh lại ghi chú nha,action,UPDATE_RECORD
hủy hóa đơn mới nhất,action,DELETE
thống kê chi tiêu 15-06-2026,action,REPORT_COMPARE
chuyển style nói chuyện nhé,action,SET_TONE
search hóa đơn trên 50k,action,SEARCH
đề xuất budget hợp lý đi,action,SUGGEST_BUDGET
mở cài đặt,action,SETTING
set income 200k,action,SET_INCOME
xóa giao dịch vừa nhập,action,DELETE_LAST
tắt chế độ tối,action,SYSTEM_SETTING
bật cảnh báo đi lại,action,SET_ALERT
xóa giao dịch vừa nhập,action,DELETE
bật cảnh báo mua sắm,action,SET_ALERT
thống kê chi tiêu chủ nhật,action,REPORT_COMPARE
cộng thêm 10 triệu vào hạn mức,action,SET_LIMIT
save goal mua laptop 5 triệu,action,SET_GOAL
thống kê chi tiêu thứ 6,action,REPORT_INCOME
gợi ý ngân sách tháng sau,action,SUGGEST_BUDGET
mục tiêu du lịch 5 triệu trước 7 ngày qua,action,SET_GOAL
thống kê chi tiêu 01-01-2026,action,REPORT_GENERAL
mỗi tháng mình kiếm 5 triệu,action,SET_INCOME
mục tiêu du lịch 200k trước cuối tuần,action,GOAL
tắt chế độ tối,action,SYSTEM_SETTING
bật dark mode,action,SYSTEM_SETTING
hủy hóa đơn mới nhất,action,DELETE
cho t xem báo cáo thứ 6,action,REPORT_GENERAL
check tiền đã xài tuần này đi,action,REPORT_COMPARE
set tone châm chọc,action,TONE
tìm record thứ 2,action,SEARCH
xóa record cuối giúp mình,action,DELETE
sửa giao dịch cuối thành 200k,action,EDIT
gợi ý ngân sách tháng sau,action,SUGGEST_BUDGET
cộng thêm 2 triệu vào hạn mức,action,SET_LIMIT
kiếm giúp khoản trà sữa,action,SEARCH
xem report giáo dục 23-12-2025,action,REPORT_COMPARE
mở cài đặt,action,SETTING
update record vừa nhập,action,EDIT
check tiền đã xài thứ 6 đi,action,REPORT_INCOME
tắt thông báo chi tiêu,action,SET_ALERT
xem report giải trí 01-01-2026,action,REPORT_INCOME
đổi giọng sang nghiêm túc,action,TONE
cho t xem báo cáo 30 ngày qua,action,REPORT
đề xuất budget hợp lý đi,action,SUGGEST_BUDGET
cho t xem báo cáo quý 1 năm nay,action,REPORT
set tone dặn dỗi,action,SET_TONE
sửa giao dịch cuối thành 5 triệu,action,EDIT
tắt chế độ tối,action,SYSTEM_SETTING
tạo mục tiêu tiết kiệm 100k,action,SET_GOAL
hủy hóa đơn mới nhất,action,DELETE
chuyển giao diện sáng,action,SYSTEM_SETTING
cộng thêm 100k vào hạn mức,action,SET_LIMIT
tắt thông báo chi tiêu,action,SET_ALERT
mở cài đặt,action,SETTING
tắt chế độ tối,action,SYSTEM_SETTING
update record vừa nhập,action,UPDATE_RECORD
chỉnh lại ghi chú nha,action,UPDATE_RECORD
nói chuyện châm chọc hơn đi,action,TONE
tìm giao dịch giáo dục,action,SEARCH_RECORD
thống kê chi tiêu tháng 12 năm ngoái,action,REPORT_INCOME
check tiền đã xài tháng này đi,action,REPORT_INCOME
giảm limit còn 5 triệu,action,LIMIT
bật dark mode,action,SYSTEM_SETTING
tạo mục tiêu tiết kiệm 500k,action,SET_GOAL
set limit ăn uống 100k mỗi tháng,action,LIMIT
tìm record tháng trước,action,SEARCH
set limit giáo dục 500k mỗi tháng,action,SET_LIMIT
tắt chế độ tối,action,SETTING
chỉnh lại ghi chú nha,action,EDIT
bật dark mode,action,SETTING
chuyển style nói chuyện nhé,action,SET_TONE
kiếm giúp khoản trà sữa,action,SEARCH_RECORD
kiếm giúp khoản trà sữa,action,SEARCH_RECORD
thống kê chi tiêu tháng trước,action,REPORT_GENERAL
tìm giao dịch ăn uống,action,SEARCH
cho t xem báo cáo tháng này,action,REPORT_COMPARE
tạo mục tiêu tiết kiệm 2 triệu,action,SET_GOAL
nói chuyện nghiêm túc hơn đi,action,SET_TONE
xóa record cuối giúp mình,action,DELETE_LAST
tạo mục tiêu tiết kiệm 200k,action,GOAL
tìm record 15-06-2026,action,SEARCH
set tone dặn dỗi,action,TONE
tìm record thứ 2,action,SEARCH_RECORD
tư vấn hạn mức cho mình,action,SUGGEST_BUDGET
để dành 1 triệu nha,action,SET_GOAL
update record vừa nhập,action,UPDATE_RECORD
nói chuyện hài hước hơn đi,action,TONE
bật dark mode,action,SETTING
mở cài đặt,action,SYSTEM_SETTING
chỉnh lại ghi chú nha,action,EDIT
xem report sức khỏe năm nay,action,REPORT_GENERAL
check tiền đã xài cuối tuần đi,action,REPORT_GENERAL
sửa giao dịch cuối thành 10 triệu,action,EDIT
undo giao dịch cuối,action,DELETE
save goal mua laptop 10 triệu,action,SET_GOAL
thống kê chi tiêu tháng trước,action,REPORT
để dành 500k nha,action,SET_GOAL
cho t xem báo cáo 01-01-2026,action,REPORT_COMPARE
sửa giao dịch cuối thành 1 triệu,action,UPDATE_RECORD
save goal mua laptop 5 triệu,action,SET_GOAL
chuyển style nói chuyện nhé,action,TONE
xóa giao dịch vừa nhập,action,DELETE
kiếm giúp khoản trà sữa,action,SEARCH_RECORD
xóa giao dịch vừa nhập,action,DELETE
thống kê chi tiêu chủ nhật,action,REPORT
thống kê chi tiêu 30 ngày qua,action,REPORT
đổi giọng sang dặn dỗi,action,TONE
update record vừa nhập,action,UPDATE_RECORD
tạo mục tiêu tiết kiệm 2 triệu,action,SET_GOAL
chuyển style nói chuyện nhé,action,TONE
chuyển style nói chuyện nhé,action,TONE
xóa record cuối giúp mình,action,DELETE_LAST
giảm limit còn 5 triệu,action,SET_LIMIT
gọi mình là Anh Khang nhé,action,SET_USERNAME
tư vấn hạn mức cho mình,action,SUGGEST
thống kê chi tiêu tuần trước,action,REPORT_INCOME
hủy hóa đơn mới nhất,action,DELETE_LAST
chuyển style nói chuyện nhé,action,TONE
mở cài đặt,action,SYSTEM_SETTING
đổi danh mục sang giáo dục,action,EDIT
gợi ý ngân sách tháng sau,action,SUGGEST_BUDGET
tìm record 30 ngày qua,action,SEARCH_RECORD
thống kê chi tiêu 15-06-2026,action,REPORT_INCOME
xem report giải trí 15-06-2026,action,REPORT
nói chuyện dễ thương hơn đi,action,TONE
update record vừa nhập,action,UPDATE_RECORD
check tiền đã xài hôm nay đi,action,REPORT_INCOME
check tiền đã xài thứ 2 đi,action,REPORT
đề xuất budget hợp lý đi,action,SUGGEST_BUDGET
thống kê chi tiêu 15-06-2026,action,REPORT_GENERAL
chỉnh lại ghi chú nha,action,EDIT
chuyển giao diện sáng,action,SYSTEM_SETTING
check tiền đã xài tháng trước đi,action,REPORT_INCOME
xem report sức khỏe năm nay,action,REPORT_GENERAL
bật dark mode,action,SYSTEM_SETTING
undo giao dịch cuối,action,DELETE_LAST
gợi ý ngân sách tháng sau,action,SUGGEST
đổi giọng sang châm chọc,action,SET_TONE
thống kê chi tiêu 7 ngày qua,action,REPORT_COMPARE
xem report ăn uống tuần trước,action,REPORT_GENERAL
tắt chế độ tối,action,SETTING
mở cài đặt,action,SYSTEM_SETTING
chuyển giao diện sáng,action,SYSTEM_SETTING
undo giao dịch cuối,action,DELETE_LAST
chuyển style nói chuyện nhé,action,TONE
nhắc mình khi vượt ngân sách,action,SET_ALERT
nhắc mình khi vượt ngân sách,action,SET_ALERT
mục tiêu du lịch 50k trước 23-12-2025,action,SET_GOAL
check tiền đã xài tuần này đi,action,REPORT_GENERAL
tháng tới nên tiêu bao nhiêu,action,SUGGEST
tắt chế độ tối,action,SYSTEM_SETTING
tắt thông báo chi tiêu,action,SET_ALERT
xem report ăn uống tuần trước,action,REPORT_GENERAL
đặt hạn mức đi lại 1 triệu,action,LIMIT
mở cài đặt,action,SYSTEM_SETTING
đặt hạn mức sức khỏe 1 triệu,action,SET_LIMIT
undo giao dịch cuối,action,DELETE
tắt chế độ tối,action,SETTING
xóa giao dịch vừa nhập,action,DELETE_LAST
xóa giao dịch vừa nhập,action,DELETE_LAST
tạo mục tiêu tiết kiệm 1 triệu,action,GOAL
cho t xem báo cáo 15-06-2026,action,REPORT_COMPARE
gợi ý ngân sách tháng sau,action,SUGGEST_BUDGET
giảm limit còn 200k,action,SET_LIMIT
mở cài đặt,action,SYSTEM_SETTING
bật cảnh báo mua sắm,action,SET_ALERT
thống kê chi tiêu tuần trước,action,REPORT_GENERAL
để dành 2 triệu nha,action,SET_GOAL
xem report giải trí hôm nay,action,REPORT_INCOME
update record vừa nhập,action,UPDATE_RECORD
set tone hài hước,action,TONE
mở cài đặt,action,SYSTEM_SETTING
để dành 50k nha,action,SET_GOAL
gọi mình là Min nhé,action,SET_USERNAME
tư vấn hạn mức cho mình,action,SUGGEST
tạo mục tiêu tiết kiệm 5 triệu,action,GOAL
tìm record 23-12-2025,action,SEARCH
nói chuyện dặn dỗi hơn đi,action,TONE
tìm giao dịch đi lại,action,SEARCH
mỗi tháng mình kiếm 50k,action,SET_INCOME
đổi tên thành Boss,action,SET_USERNAME
xóa giao dịch vừa nhập,action,DELETE
thống kê chi tiêu cuối tuần,action,REPORT
tìm record tuần này,action,SEARCH_RECORD
đặt hạn mức ăn uống 10 triệu,action,LIMIT
xem report giáo dục hôm qua,action,REPORT
cho t xem báo cáo hôm qua,action,REPORT_GENERAL
xem report giáo dục 01-01-2026,action,REPORT_GENERAL
gọi mình là Bin nhé,action,SET_USERNAME
check tiền đã xài tuần này đi,action,REPORT
tạo mục tiêu tiết kiệm 10 triệu,action,SET_GOAL
bật dark mode,action,SYSTEM_SETTING
thống kê chi tiêu 01-01-2026,action,REPORT_GENERAL
đổi danh mục sang giáo dục,action,UPDATE_RECORD
xem report đi lại thứ 2,action,REPORT_COMPARE
set nickname Anh Khang,action,SET_USERNAME
tháng tới nên tiêu bao nhiêu,action,SUGGEST_BUDGET
đề xuất budget hợp lý đi,action,SUGGEST
nói chuyện dặn dỗi hơn đi,action,SET_TONE
set limit ăn uống 500k mỗi tháng,action,SET_LIMIT
xóa giao dịch vừa nhập,action,DELETE_LAST
đổi giọng sang hài hước,action,TONE
cộng thêm 200k vào hạn mức,action,SET_LIMIT
thu nhập tháng này 100k,action,SET_INCOME
mỗi tháng mình kiếm 2 triệu,action,SET_INCOME
check tiền đã xài hôm nay đi,action,REPORT_GENERAL
update record vừa nhập,action,UPDATE_RECORD
mục tiêu du lịch 200k trước tháng 12 năm ngoái,action,SET_GOAL
set nickname Boss,action,SET_USERNAME
nói chuyện nghiêm túc hơn đi,action,TONE
check tiền đã xài 01-01-2026 đi,action,REPORT_GENERAL
update record vừa nhập,action,EDIT
cho t xem báo cáo tháng trước,action,REPORT_COMPARE
mở cài đặt,action,SETTING
mở cài đặt,action,SYSTEM_SETTING
kiếm giúp khoản trà sữa,action,SEARCH_RECORD
đề xuất budget hợp lý đi,action,SUGGEST_BUDGET
thu nhập tháng này 2 triệu,action,SET_INCOME
search hóa đơn trên 500k,action,SEARCH
mục tiêu du lịch 5 triệu trước tuần này,action,GOAL
cộng thêm 2 triệu vào hạn mức,action,LIMIT
xóa giao dịch vừa nhập,action,DELETE_LAST
check tiền đã xài tuần trước đi,action,REPORT
xem report giáo dục 30 ngày qua,action,REPORT_GENERAL
set limit giáo dục 10 triệu mỗi tháng,action,LIMIT
đề xuất budget hợp lý đi,action,SUGGEST_BUDGET
xóa record cuối giúp mình,action,DELETE_LAST
gọi mình là Anh Khang nhé,action,SET_USERNAME
tìm giao dịch mua sắm,action,SEARCH_RECORD
để dành 5 triệu nha,action,SET_GOAL
tư vấn hạn mức cho mình,action,SUGGEST
search hóa đơn trên 5 triệu,action,SEARCH
cộng thêm 1 triệu vào hạn mức,action,SET_LIMIT
đặt hạn mức mua sắm 5 triệu,action,LIMIT
kiếm giúp khoản trà sữa,action,SEARCH_RECORD
set limit nhà ở 2 triệu mỗi tháng,action,LIMIT
thống kê chi tiêu tháng trước,action,REPORT_INCOME
mỗi tháng mình kiếm 2 triệu,action,SET_INCOME
nói chuyện châm chọc hơn đi,action,TONE
giảm limit còn 200k,action,SET_LIMIT
nói chuyện dễ thương hơn đi,action,TONE
cho t xem báo cáo cuối tuần,action,REPORT
xóa giao dịch vừa nhập,action,DELETE
gợi ý ngân sách tháng sau,action,SUGGEST_BUDGET
set limit giáo dục 50k mỗi tháng,action,LIMIT
sửa giao dịch cuối thành 5 triệu,action,EDIT
xóa giao dịch vừa nhập,action,DELETE_LAST
đổi danh mục sang giải trí,action,UPDATE_RECORD
undo giao dịch cuối,action,DELETE
mỗi tháng mình kiếm 1 triệu,action,SET_INCOME
xem report giải trí thứ 6,action,REPORT
thống kê chi tiêu tháng trước,action,REPORT_GENERAL
search hóa đơn trên 1 triệu,action,SEARCH_RECORD
nói chuyện dễ thương hơn đi,action,SET_TONE
lương của mình là 10 triệu,action,SET_INCOME
gợi ý ngân sách tháng sau,action,SUGGEST
tạo mục tiêu tiết kiệm 200k,action,GOAL
để dành 5 triệu nha,action,SET_GOAL
giảm limit còn 500k,action,SET_LIMIT
set limit giải trí 10 triệu mỗi tháng,action,LIMIT
bật cảnh báo nhà ở,action,SET_ALERT
tư vấn hạn mức cho mình,action,SUGGEST
set tone dễ thương,action,SET_TONE
thống kê chi tiêu tháng này,action,REPORT_COMPARE
cho t xem báo cáo 15-06-2026,action,REPORT_INCOME
tháng tới nên tiêu bao nhiêu,action,SUGGEST
thu nhập tháng này 10 triệu,action,SET_INCOME
xem report sức khỏe 30 ngày qua,action,REPORT_GENERAL
lương của mình là 10 triệu,action,SET_INCOME
search hóa đơn trên 5 triệu,action,SEARCH_RECORD
tư vấn hạn mức cho mình,action,SUGGEST
tìm giao dịch ăn uống,action,SEARCH
chỉnh lại ghi chú nha,action,EDIT
cho t xem báo cáo hôm qua,action,REPORT_GENERAL
xóa giao dịch vừa nhập,action,DELETE
hủy hóa đơn mới nhất,action,DELETE_LAST
search hóa đơn trên 2 triệu,action,SEARCH_RECORD
chuyển giao diện sáng,action,SYSTEM_SETTING
để dành 1 triệu nha,action,SET_GOAL
cho t xem báo cáo 01-01-2026,action,REPORT
chỉnh lại ghi chú nha,action,EDIT
chuyển giao diện sáng,action,SYSTEM_SETTING
giảm limit còn 100k,action,SET_LIMIT
mở cài đặt,action,SYSTEM_SETTING
mục tiêu du lịch 10 triệu trước hôm qua,action,SET_GOAL
tháng tới nên tiêu bao nhiêu,action,SUGGEST
tạo mục tiêu tiết kiệm 10 triệu,action,SET_GOAL
sửa giao dịch cuối thành 100k,action,EDIT
set tone châm chọc,action,TONE
update record vừa nhập,action,EDIT
check tiền đã xài năm nay đi,action,REPORT_GENERAL
cho t xem báo cáo hôm nay,action,REPORT_INCOME
nói chuyện dễ thương hơn đi,action,SET_TONE
tắt chế độ tối,action,SYSTEM_SETTING
đặt hạn mức giáo dục 5 triệu,action,SET_LIMIT
xóa record cuối giúp mình,action,DELETE_LAST
undo giao dịch cuối,action,DELETE_LAST
kiếm giúp khoản trà sữa,action,SEARCH
update record vừa nhập,action,EDIT
tắt chế độ tối,action,SETTING
thu nhập tháng này 1 triệu,action,SET_INCOME
tắt chế độ tối,action,SYSTEM_SETTING
tắt thông báo chi tiêu,action,SET_ALERT
search hóa đơn trên 1 triệu,action,SEARCH
xóa giao dịch vừa nhập,action,DELETE
check tiền đã xài 23-12-2025 đi,action,REPORT_GENERAL
đặt hạn mức nhà ở 1 triệu,action,LIMIT
gọi mình là Boss nhé,action,SET_USERNAME
gọi mình là Khang nhé,action,SET_USERNAME
mở cài đặt,action,SYSTEM_SETTING
kiếm giúp khoản trà sữa,action,SEARCH
tư vấn hạn mức cho mình,action,SUGGEST
update record vừa nhập,action,UPDATE_RECORD
bật dark mode,action,SETTING
gọi mình là Khang nhé,action,SET_USERNAME
bật dark mode,action,SYSTEM_SETTING
đặt hạn mức giải trí 50k,action,SET_LIMIT
xóa giao dịch vừa nhập,action,DELETE_LAST
gợi ý ngân sách tháng sau,action,SUGGEST
đổi danh mục sang giải trí,action,EDIT
set tone dễ thương,action,SET_TONE
thu nhập tháng này 2 triệu,action,SET_INCOME
xem report sức khỏe hôm nay,action,REPORT_GENERAL
đổi tên thành Min,action,SET_USERNAME
đề xuất budget hợp lý đi,action,SUGGEST_BUDGET
chuyển style nói chuyện nhé,action,TONE
tìm giao dịch sức khỏe,action,SEARCH
tìm giao dịch ăn uống,action,SEARCH
thống kê chi tiêu 23-12-2025,action,REPORT_INCOME
search hóa đơn trên 10 triệu,action,SEARCH_RECORD
đổi tên thành Mimo Master,action,SET_USERNAME
đổi giọng sang dặn dỗi,action,TONE
nhắc mình khi vượt ngân sách,action,SET_ALERT
xem report giáo dục tuần trước,action,REPORT_INCOME
tư vấn hạn mức cho mình,action,SUGGEST_BUDGET
check tiền đã xài 7 ngày qua đi,action,REPORT_GENERAL
xem report ăn uống chủ nhật,action,REPORT_COMPARE
xem report giải trí năm nay,action,REPORT_GENERAL
đề xuất budget hợp lý đi,action,SUGGEST_BUDGET
undo giao dịch cuối,action,DELETE_LAST
mục tiêu du lịch 100k trước 15-06-2026,action,SET_GOAL
tắt chế độ tối,action,SYSTEM_SETTING
nhắc mình khi vượt ngân sách,action,SET_ALERT
cộng thêm 10 triệu vào hạn mức,action,LIMIT
tắt thông báo chi tiêu,action,SET_ALERT
mở cài đặt,action,SYSTEM_SETTING
tìm record thứ 2,action,SEARCH
cho t xem báo cáo 15-06-2026,action,REPORT_INCOME
xem report đi lại 7 ngày qua,action,REPORT
thống kê chi tiêu thứ 3,action,REPORT_COMPARE
thống kê chi tiêu thứ 6,action,REPORT_GENERAL
undo giao dịch cuối,action,DELETE_LAST
save goal mua laptop 500k,action,GOAL
đổi danh mục sang mua sắm,action,UPDATE_RECORD
hủy hóa đơn mới nhất,action,DELETE
tạo mục tiêu tiết kiệm 1 triệu,action,SET_GOAL
xem report nhà ở thứ 2,action,REPORT_INCOME
chuyển style nói chuyện nhé,action,TONE
tìm record 01-01-2026,action,SEARCH_RECORD
thống kê chi tiêu tuần trước,action,REPORT
cho t xem báo cáo tuần trước,action,REPORT_INCOME
thống kê chi tiêu 30 ngày qua,action,REPORT_COMPARE
xóa record cuối giúp mình,action,DELETE_LAST
bật dark mode,action,SETTING
xem report giáo dục tuần trước,action,REPORT
xóa record cuối giúp mình,action,DELETE_LAST
bật dark mode,action,SYSTEM_SETTING
check tiền đã xài tháng 12 năm ngoái đi,action,REPORT_INCOME
cho t xem báo cáo hôm qua,action,REPORT
xem report ăn uống thứ 3,action,REPORT_COMPARE
set nickname Boss,action,SET_USERNAME
bật dark mode,action,SETTING
mục tiêu du lịch 100k trước 7 ngày qua,action,SET_GOAL
mục tiêu du lịch 500k trước tuần trước,action,GOAL
xem report nhà ở năm ngoái,action,REPORT_COMPARE
thống kê chi tiêu 01-01-2026,action,REPORT_INCOME
mở cài đặt,action,SETTING
lương của mình là 1 triệu,action,SET_INCOME
nhắc mình khi vượt ngân sách,action,SET_ALERT
sửa giao dịch cuối thành 500k,action,EDIT
tìm giao dịch nhà ở,action,SEARCH_RECORD
check tiền đã xài 30 ngày qua đi,action,REPORT_GENERAL
thống kê chi tiêu tháng trước,action,REPORT_GENERAL
search hóa đơn trên 500k,action,SEARCH
set tone dặn dỗi,action,SET_TONE
check tiền đã xài năm ngoái đi,action,REPORT_COMPARE
search hóa đơn trên 2 triệu,action,SEARCH_RECORD
cho t xem báo cáo quý 1 năm nay,action,REPORT_GENERAL
cho t xem báo cáo hôm qua,action,REPORT_INCOME
giảm limit còn 10 triệu,action,LIMIT
tìm giao dịch đi lại,action,SEARCH_RECORD
nói chuyện dặn dỗi hơn đi,action,SET_TONE
alert hạn mức cho giáo dục,action,SET_ALERT
chuyển giao diện sáng,action,SETTING
chỉnh lại ghi chú nha,action,UPDATE_RECORD
xóa record cuối giúp mình,action,DELETE_LAST
thống kê chi tiêu quý 1 năm nay,action,REPORT_COMPARE
alert hạn mức cho giải trí,action,SET_ALERT
thu nhập tháng này 100k,action,SET_INCOME
cộng thêm 1 triệu vào hạn mức,action,LIMIT
hủy hóa đơn mới nhất,action,DELETE_LAST
set limit giải trí 500k mỗi tháng,action,LIMIT
set limit nhà ở 50k mỗi tháng,action,LIMIT
alert hạn mức cho giáo dục,action,SET_ALERT
mục tiêu du lịch 200k trước thứ 2,action,GOAL
check tiền đã xài tuần trước đi,action,REPORT
để dành 10 triệu nha,action,SET_GOAL
để dành 200k nha,action,SET_GOAL
tắt thông báo chi tiêu,action,SET_ALERT
chuyển giao diện sáng,action,SETTING
kiếm giúp khoản trà sữa,action,SEARCH
tháng tới nên tiêu bao nhiêu,action,SUGGEST_BUDGET
tắt chế độ tối,action,SYSTEM_SETTING
đặt hạn mức giáo dục 1 triệu,action,SET_LIMIT
nói chuyện dễ thương hơn đi,action,TONE
kiếm giúp khoản trà sữa,action,SEARCH_RECORD
thu nhập tháng này 50k,action,SET_INCOME
nói chuyện nghiêm túc hơn đi,action,SET_TONE
đặt hạn mức mua sắm 5 triệu,action,SET_LIMIT
thống kê chi tiêu thứ 2,action,REPORT
alert hạn mức cho đi lại,action,SET_ALERT
set limit giáo dục 200k mỗi tháng,action,SET_LIMIT
tìm record thứ 3,action,SEARCH_RECORD
check tiền đã xài tháng này đi,action,REPORT_GENERAL
tìm record tuần này,action,SEARCH
đổi giọng sang hài hước,action,TONE
từ giờ gọi t là Boss,action,SET_USERNAME
thống kê chi tiêu năm nay,action,REPORT_GENERAL
tìm record tuần trước,action,SEARCH
xem report đi lại thứ 3,action,REPORT_GENERAL
sửa giao dịch cuối thành 100k,action,UPDATE_RECORD
search hóa đơn trên 200k,action,SEARCH_RECORD
đổi danh mục sang nhà ở,action,EDIT
tắt thông báo chi tiêu,action,SET_ALERT
check tiền đã xài tháng trước đi,action,REPORT
set limit sức khỏe 10 triệu mỗi tháng,action,LIMIT
gợi ý ngân sách tháng sau,action,SUGGEST
set tone dặn dỗi,action,SET_TONE
tắt thông báo chi tiêu,action,SET_ALERT
save goal mua laptop 1 triệu,action,SET_GOAL
tạo mục tiêu tiết kiệm 50k,action,SET_GOAL
search hóa đơn trên 2 triệu,action,SEARCH_RECORD
tạo mục tiêu tiết kiệm 500k,action,SET_GOAL
để dành 50k nha,action,SET_GOAL
check tiền đã xài tuần này đi,action,REPORT
đề xuất budget hợp lý đi,action,SUGGEST
tháng tới nên tiêu bao nhiêu,action,SUGGEST
xem report mua sắm 01-01-2026,action,REPORT_COMPARE
mở cài đặt,action,SYSTEM_SETTING
cho t xem báo cáo thứ 6,action,REPORT_COMPARE
kiếm giúp khoản trà sữa,action,SEARCH_RECORD
tìm record tuần này,action,SEARCH
giảm limit còn 50k,action,SET_LIMIT
tắt chế độ tối,action,SYSTEM_SETTING
xem report nhà ở năm nay,action,REPORT_GENERAL
mỗi tháng mình kiếm 200k,action,SET_INCOME
đặt hạn mức giải trí 100k,action,LIMIT
undo giao dịch cuối,action,DELETE
thống kê chi tiêu thứ 2,action,REPORT_GENERAL
tư vấn hạn mức cho mình,action,SUGGEST
chuyển giao diện sáng,action,SETTING
cho t xem báo cáo 23-12-2025,action,REPORT_GENERAL
chuyển style nói chuyện nhé,action,TONE
tháng tới nên tiêu bao nhiêu,action,SUGGEST_BUDGET
chuyển style nói chuyện nhé,action,TONE
cho t xem báo cáo 7 ngày qua,action,REPORT_COMPARE
đặt hạn mức sức khỏe 5 triệu,action,LIMIT
chuyển giao diện sáng,action,SYSTEM_SETTING
search hóa đơn trên 1 triệu,action,SEARCH
đề xuất budget hợp lý đi,action,SUGGEST_BUDGET
cộng thêm 500k vào hạn mức,action,LIMIT
đổi danh mục sang giáo dục,action,EDIT
thống kê chi tiêu thứ 3,action,REPORT_COMPARE
cho t xem báo cáo 23-12-2025,action,REPORT_INCOME
sửa giao dịch cuối thành 10 triệu,action,UPDATE_RECORD
tạo mục tiêu tiết kiệm 10 triệu,action,GOAL
update record vừa nhập,action,UPDATE_RECORD
tắt chế độ tối,action,SETTING
kiếm giúp khoản trà sữa,action,SEARCH_RECORD
nói chuyện châm chọc hơn đi,action,SET_TONE
tháng tới nên tiêu bao nhiêu,action,SUGGEST
đề xuất budget hợp lý đi,action,SUGGEST_BUDGET
xóa giao dịch vừa nhập,action,DELETE_LAST
check tiền đã xài thứ 6 đi,action,REPORT_GENERAL
thống kê chi tiêu cuối tuần,action,REPORT_INCOME
xem report giáo dục thứ 6,action,REPORT_GENERAL
set limit mua sắm 50k mỗi tháng,action,SET_LIMIT
check tiền đã xài 15-06-2026 đi,action,REPORT_GENERAL
cho t xem báo cáo tháng 12 năm ngoái,action,REPORT_INCOME
chỉnh lại ghi chú nha,action,EDIT
thống kê chi tiêu 7 ngày qua,action,REPORT_COMPARE
giảm limit còn 5 triệu,action,SET_LIMIT
sửa giao dịch cuối thành 100k,action,UPDATE_RECORD
set limit sức khỏe 10 triệu mỗi tháng,action,LIMIT
thu nhập tháng này 10 triệu,action,SET_INCOME
mở cài đặt,action,SYSTEM_SETTING
sửa giao dịch cuối thành 10 triệu,action,EDIT
xóa giao dịch vừa nhập,action,DELETE_LAST
tháng tới nên tiêu bao nhiêu,action,SUGGEST_BUDGET
đặt hạn mức giáo dục 500k,action,LIMIT
xóa giao dịch vừa nhập,action,DELETE
check tiền đã xài tháng này đi,action,REPORT_GENERAL
kiếm giúp khoản trà sữa,action,SEARCH_RECORD
set limit sức khỏe 200k mỗi tháng,action,SET_LIMIT
thống kê chi tiêu tuần trước,action,REPORT_COMPARE
tìm record chủ nhật,action,SEARCH_RECORD
set tone châm chọc,action,TONE
update record vừa nhập,action,EDIT
đổi tên thành Bin,action,SET_USERNAME
mỗi tháng mình kiếm 100k,action,SET_INCOME
sửa giao dịch cuối thành 200k,action,UPDATE_RECORD
update record vừa nhập,action,UPDATE_RECORD
lương của mình là 2 triệu,action,SET_INCOME
gọi mình là Min nhé,action,SET_USERNAME
bật cảnh báo ăn uống,action,SET_ALERT
set limit sức khỏe 200k mỗi tháng,action,SET_LIMIT
xóa giao dịch vừa nhập,action,DELETE
xem report giáo dục 30 ngày qua,action,REPORT_INCOME
cho t xem báo cáo tuần này,action,REPORT_GENERAL
xem report giáo dục 23-12-2025,action,REPORT_GENERAL
chỉnh lại ghi chú nha,action,EDIT
để dành 200k nha,action,SET_GOAL
đặt hạn mức giải trí 5 triệu,action,LIMIT
cộng thêm 2 triệu vào hạn mức,action,LIMIT
update record vừa nhập,action,UPDATE_RECORD
đổi giọng sang dặn dỗi,action,SET_TONE
check tiền đã xài 30 ngày qua đi,action,REPORT_INCOME
tìm record thứ 3,action,SEARCH
set income 1 triệu,action,SET_INCOME
tìm record hôm qua,action,SEARCH
chuyển giao diện sáng,action,SYSTEM_SETTING
tạo mục tiêu tiết kiệm 100k,action,GOAL
set limit ăn uống 5 triệu mỗi tháng,action,SET_LIMIT
xem report sức khỏe năm nay,action,REPORT_GENERAL
tháng tới nên tiêu bao nhiêu,action,SUGGEST_BUDGET
check tiền đã xài 7 ngày qua đi,action,REPORT
thống kê chi tiêu hôm qua,action,REPORT_GENERAL
set nickname Min,action,SET_USERNAME
tìm record năm ngoái,action,SEARCH_RECORD
nói chuyện hài hước hơn đi,action,TONE
check tiền đã xài năm nay đi,action,REPORT
cho t xem báo cáo 15-06-2026,action,REPORT_GENERAL
thống kê chi tiêu 30 ngày qua,action,REPORT_GENERAL
để dành 100k nha,action,GOAL
để dành 500k nha,action,GOAL
xem report ăn uống cuối tuần,action,REPORT_GENERAL
update record vừa nhập,action,EDIT
set nickname Boss,action,SET_USERNAME
sửa giao dịch cuối thành 200k,action,UPDATE_RECORD
xóa giao dịch vừa nhập,action,DELETE
gợi ý ngân sách tháng sau,action,SUGGEST
đặt hạn mức giải trí 10 triệu,action,SET_LIMIT
update record vừa nhập,action,UPDATE_RECORD
xóa record cuối giúp mình,action,DELETE_LAST
set tone dễ thương,action,SET_TONE
check tiền đã xài 15-06-2026 đi,action,REPORT
từ giờ gọi t là Khang,action,SET_USERNAME
tìm giao dịch đi lại,action,SEARCH
check tiền đã xài năm ngoái đi,action,REPORT_GENERAL
chỉnh lại ghi chú nha,action,EDIT
cho t xem báo cáo năm ngoái,action,REPORT
xem report ăn uống cuối tuần,action,REPORT_GENERAL
sửa giao dịch cuối thành 10 triệu,action,EDIT
đặt hạn mức giải trí 1 triệu,action,LIMIT
tìm giao dịch giáo dục,action,SEARCH_RECORD
đổi tên thành Khang,action,SET_USERNAME
tháng tới nên tiêu bao nhiêu,action,SUGGEST
xem report giải trí năm nay,action,REPORT
check tiền đã xài tuần này đi,action,REPORT_GENERAL
giảm limit còn 1 triệu,action,LIMIT
thống kê chi tiêu tuần trước,action,REPORT
tắt chế độ tối,action,SETTING
hủy hóa đơn mới nhất,action,DELETE
bật dark mode,action,SYSTEM_SETTING
check tiền đã xài tuần trước đi,action,REPORT_GENERAL
thống kê chi tiêu hôm qua,action,REPORT
tắt thông báo chi tiêu,action,SET_ALERT
alert hạn mức cho giáo dục,action,SET_ALERT
tư vấn hạn mức cho mình,action,SUGGEST_BUDGET
sửa giao dịch cuối thành 1 triệu,action,UPDATE_RECORD
nhắc mình khi vượt ngân sách,action,SET_ALERT
search hóa đơn trên 10 triệu,action,SEARCH
chỉnh lại ghi chú nha,action,UPDATE_RECORD
hủy hóa đơn mới nhất,action,DELETE
thống kê chi tiêu hôm nay,action,REPORT_COMPARE
đổi giọng sang nghiêm túc,action,TONE
tư vấn hạn mức cho mình,action,SUGGEST
kiếm giúp khoản trà sữa,action,SEARCH_RECORD
search hóa đơn trên 100k,action,SEARCH_RECORD
tạo mục tiêu tiết kiệm 2 triệu,action,SET_GOAL
bật cảnh báo mua sắm,action,SET_ALERT
để dành 1 triệu nha,action,SET_GOAL
set income 5 triệu,action,SET_INCOME
check tiền đã xài năm ngoái đi,action,REPORT_GENERAL
đặt hạn mức giáo dục 100k,action,SET_LIMIT
nói chuyện châm chọc hơn đi,action,SET_TONE
cho t xem báo cáo 7 ngày qua,action,REPORT_COMPARE
tắt chế độ tối,action,SYSTEM_SETTING
search hóa đơn trên 500k,action,SEARCH_RECORD
đổi danh mục sang giải trí,action,EDIT
kiếm giúp khoản trà sữa,action,SEARCH_RECORD
chỉnh lại ghi chú nha,action,UPDATE_RECORD
thống kê chi tiêu quý 1 năm nay,action,REPORT_COMPARE
set tone châm chọc,action,SET_TONE
set limit đi lại 100k mỗi tháng,action,LIMIT
nói chuyện châm chọc hơn đi,action,TONE
set tone dễ thương,action,TONE
check tiền đã xài quý 1 năm nay đi,action,REPORT_GENERAL
tư vấn hạn mức cho mình,action,SUGGEST_BUDGET
hủy hóa đơn mới nhất,action,DELETE_LAST
mở cài đặt,action,SYSTEM_SETTING
cho t xem báo cáo 7 ngày qua,action,REPORT_GENERAL
set income 5 triệu,action,SET_INCOME
chỉnh lại ghi chú nha,action,UPDATE_RECORD
thống kê chi tiêu năm ngoái,action,REPORT_COMPARE
update record vừa nhập,action,EDIT
thống kê chi tiêu 15-06-2026,action,REPORT_GENERAL
undo giao dịch cuối,action,DELETE
thống kê chi tiêu năm nay,action,REPORT_GENERAL
hủy hóa đơn mới nhất,action,DELETE_LAST
search hóa đơn trên 200k,action,SEARCH
cho t xem báo cáo 7 ngày qua,action,REPORT_COMPARE
thống kê chi tiêu 30 ngày qua,action,REPORT_COMPARE
lương của mình là 10 triệu,action,SET_INCOME
thống kê chi tiêu 7 ngày qua,action,REPORT_GENERAL
đề xuất budget hợp lý đi,action,SUGGEST
set limit giải trí 1 triệu mỗi tháng,action,SET_LIMIT
set income 100k,action,SET_INCOME
nói chuyện dặn dỗi hơn đi,action,TONE
hủy hóa đơn mới nhất,action,DELETE_LAST
sửa giao dịch cuối thành 50k,action,UPDATE_RECORD
check tiền đã xài tuần này đi,action,REPORT
check tiền đã xài quý 1 năm nay đi,action,REPORT_GENERAL
xem report mua sắm tháng trước,action,REPORT_INCOME
kiếm giúp khoản trà sữa,action,SEARCH
chuyển style nói chuyện nhé,action,TONE
nhắc mình khi vượt ngân sách,action,SET_ALERT
nói chuyện hài hước hơn đi,action,SET_TONE
hủy hóa đơn mới nhất,action,DELETE_LAST
tìm giao dịch giáo dục,action,SEARCH_RECORD
lương của mình là 10 triệu,action,SET_INCOME
thống kê chi tiêu cuối tuần,action,REPORT_GENERAL
xóa record cuối giúp mình,action,DELETE_LAST
mục tiêu du lịch 10 triệu trước 30 ngày qua,action,SET_GOAL
mở cài đặt,action,SYSTEM_SETTING
tìm record chủ nhật,action,SEARCH_RECORD
mục tiêu du lịch 10 triệu trước tuần này,action,GOAL
thống kê chi tiêu tháng trước,action,REPORT
hủy hóa đơn mới nhất,action,DELETE_LAST
tìm giao dịch giáo dục,action,SEARCH_RECORD
sửa giao dịch cuối thành 2 triệu,action,EDIT
xóa record cuối giúp mình,action,DELETE
set tone dễ thương,action,TONE
kiếm giúp khoản trà sữa,action,SEARCH_RECORD
sửa giao dịch cuối thành 1 triệu,action,UPDATE_RECORD
đổi giọng sang châm chọc,action,TONE
mỗi tháng mình kiếm 1 triệu,action,SET_INCOME
set nickname Min,action,SET_USERNAME
đề xuất budget hợp lý đi,action,SUGGEST_BUDGET
đổi danh mục sang giáo dục,action,EDIT
đặt hạn mức giải trí 10 triệu,action,LIMIT
set tone nghiêm túc,action,TONE
đề xuất budget hợp lý đi,action,SUGGEST
đổi danh mục sang giáo dục,action,EDIT
chuyển giao diện sáng,action,SETTING
save goal mua laptop 2 triệu,action,SET_GOAL
set tone dặn dỗi,action,TONE
set nickname Bin,action,SET_USERNAME
đổi giọng sang dễ thương,action,SET_TONE
update record vừa nhập,action,UPDATE_RECORD
thống kê chi tiêu 23-12-2025,action,REPORT_GENERAL
tắt thông báo chi tiêu,action,SET_ALERT
tắt thông báo chi tiêu,action,SET_ALERT
thu nhập tháng này 2 triệu,action,SET_INCOME
xem report ăn uống hôm nay,action,REPORT_GENERAL
chuyển giao diện sáng,action,SETTING
nói chuyện châm chọc hơn đi,action,SET_TONE
chuyển style nói chuyện nhé,action,TONE
set tone hài hước,action,TONE
xem report mua sắm 01-01-2026,action,REPORT
để dành 100k nha,action,GOAL
từ giờ gọi t là Bin,action,SET_USERNAME
nhắc mình khi vượt ngân sách,action,SET_ALERT
update record vừa nhập,action,EDIT
thu nhập tháng này 10 triệu,action,SET_INCOME
set tone dễ thương,action,TONE
tắt chế độ tối,action,SETTING
đổi danh mục sang sức khỏe,action,EDIT
từ giờ gọi t là Bin,action,SET_USERNAME
đổi tên thành Anh Khang,action,SET_USERNAME
chuyển style nói chuyện nhé,action,TONE
cho t xem báo cáo thứ 6,action,REPORT_GENERAL
cho t xem báo cáo thứ 6,action,REPORT_GENERAL
đổi giọng sang hài hước,action,SET_TONE
nói chuyện dễ thương hơn đi,action,TONE
set limit giải trí 1 triệu mỗi tháng,action,SET_LIMIT
check tiền đã xài 30 ngày qua đi,action,REPORT
hủy hóa đơn mới nhất,action,DELETE_LAST
hủy hóa đơn mới nhất,action,DELETE
search hóa đơn trên 1 triệu,action,SEARCH_RECORD
chỉnh lại ghi chú nha,action,UPDATE_RECORD
tư vấn hạn mức cho mình,action,SUGGEST_BUDGET
cộng thêm 2 triệu vào hạn mức,action,SET_LIMIT
cho t xem báo cáo 30 ngày qua,action,REPORT_INCOME
search hóa đơn trên 50k,action,SEARCH_RECORD
đổi danh mục sang ăn uống,action,UPDATE_RECORD
xem report đi lại 15-06-2026,action,REPORT_GENERAL
thống kê chi tiêu năm nay,action,REPORT_INCOME
nói chuyện dặn dỗi hơn đi,action,SET_TONE
mục tiêu du lịch 50k trước năm nay,action,GOAL
check tiền đã xài chủ nhật đi,action,REPORT
cộng thêm 50k vào hạn mức,action,SET_LIMIT
gợi ý ngân sách tháng sau,action,SUGGEST
đổi giọng sang dễ thương,action,SET_TONE
đổi danh mục sang giáo dục,action,UPDATE_RECORD
sửa giao dịch cuối thành 100k,action,UPDATE_RECORD
set limit sức khỏe 2 triệu mỗi tháng,action,LIMIT
đổi giọng sang nghiêm túc,action,TONE
đặt hạn mức ăn uống 50k,action,SET_LIMIT
đổi giọng sang hài hước,action,SET_TONE
cộng thêm 1 triệu vào hạn mức,action,SET_LIMIT
update record vừa nhập,action,UPDATE_RECORD
tìm record thứ 6,action,SEARCH
mở cài đặt,action,SETTING
bật dark mode,action,SETTING
save goal mua laptop 50k,action,SET_GOAL
check tiền đã xài 15-06-2026 đi,action,REPORT_GENERAL
chuyển style nói chuyện nhé,action,SET_TONE
tạo mục tiêu tiết kiệm 2 triệu,action,GOAL
xem report giải trí hôm nay,action,REPORT_GENERAL
hủy hóa đơn mới nhất,action,DELETE
xem report ăn uống cuối tuần,action,REPORT_GENERAL
xem report đi lại hôm qua,action,REPORT_INCOME
kiếm giúp khoản trà sữa,action,SEARCH
nói chuyện dễ thương hơn đi,action,TONE
undo giao dịch cuối,action,DELETE
xóa record cuối giúp mình,action,DELETE
chuyển giao diện sáng,action,SYSTEM_SETTING
đề xuất budget hợp lý đi,action,SUGGEST_BUDGET
đổi danh mục sang nhà ở,action,UPDATE_RECORD
set income 100k,action,SET_INCOME
xem report nhà ở tuần trước,action,REPORT
đặt hạn mức mua sắm 5 triệu,action,LIMIT
tìm record quý 1 năm nay,action,SEARCH
thu nhập tháng này 50k,action,SET_INCOME
thu nhập tháng này 50k,action,SET_INCOME
hủy hóa đơn mới nhất,action,DELETE
xem report sức khỏe hôm qua,action,REPORT
undo giao dịch cuối,action,DELETE_LAST
check tiền đã xài 15-06-2026 đi,action,REPORT_INCOME
tìm giao dịch giáo dục,action,SEARCH
kiếm giúp khoản trà sữa,action,SEARCH_RECORD
thống kê chi tiêu hôm qua,action,REPORT_INCOME
để dành 500k nha,action,SET_GOAL
chỉnh lại ghi chú nha,action,UPDATE_RECORD
check tiền đã xài 7 ngày qua đi,action,REPORT_INCOME
đề xuất budget hợp lý đi,action,SUGGEST_BUDGET
đổi danh mục sang giải trí,action,UPDATE_RECORD
để dành 500k nha,action,SET_GOAL
mục tiêu du lịch 2 triệu trước tháng này,action,SET_GOAL
cho t xem báo cáo hôm qua,action,REPORT_GENERAL
set limit sức khỏe 5 triệu mỗi tháng,action,LIMIT
cộng thêm 5 triệu vào hạn mức,action,LIMIT
tìm giao dịch giải trí,action,SEARCH
hủy hóa đơn mới nhất,action,DELETE_LAST
mở cài đặt,action,SYSTEM_SETTING
nhắc mình khi vượt ngân sách,action,SET_ALERT
tìm giao dịch ăn uống,action,SEARCH
đổi tên thành Anh Khang,action,SET_USERNAME
check tiền đã xài tuần này đi,action,REPORT_GENERAL
xem report nhà ở năm ngoái,action,REPORT_GENERAL
update record vừa nhập,action,UPDATE_RECORD
lương của mình là 100k,action,SET_INCOME
mỗi tháng mình kiếm 50k,action,SET_INCOME
tư vấn hạn mức cho mình,action,SUGGEST_BUDGET
mở cài đặt,action,SYSTEM_SETTING
alert hạn mức cho đi lại,action,SET_ALERT
cộng thêm 500k vào hạn mức,action,LIMIT
check tiền đã xài năm nay đi,action,REPORT_GENERAL
chuyển style nói chuyện nhé,action,TONE
chuyển style nói chuyện nhé,action,TONE
thống kê chi tiêu cuối tuần,action,REPORT
đổi tên thành Min,action,SET_USERNAME
cộng thêm 5 triệu vào hạn mức,action,LIMIT
tạo mục tiêu tiết kiệm 100k,action,GOAL
đề xuất budget hợp lý đi,action,SUGGEST
update record vừa nhập,action,UPDATE_RECORD
xóa record cuối giúp mình,action,DELETE
search hóa đơn trên 50k,action,SEARCH
set limit nhà ở 500k mỗi tháng,action,SET_LIMIT
thống kê chi tiêu thứ 2,action,REPORT
cho t xem báo cáo quý 1 năm nay,action,REPORT
mục tiêu du lịch 50k trước tuần này,action,SET_GOAL
check tiền đã xài tháng trước đi,action,REPORT_GENERAL
set tone châm chọc,action,TONE
tìm record tháng trước,action,SEARCH_RECORD
mỗi tháng mình kiếm 200k,action,SET_INCOME
sửa giao dịch cuối thành 500k,action,EDIT
search hóa đơn trên 5 triệu,action,SEARCH_RECORD
cộng thêm 100k vào hạn mức,action,SET_LIMIT
check tiền đã xài 7 ngày qua đi,action,REPORT_INCOME
save goal mua laptop 500k,action,SET_GOAL
để dành 50k nha,action,SET_GOAL
check tiền đã xài thứ 3 đi,action,REPORT_GENERAL
cộng thêm 1 triệu vào hạn mức,action,SET_LIMIT
xóa record cuối giúp mình,action,DELETE_LAST
kiếm giúp khoản trà sữa,action,SEARCH_RECORD
mở cài đặt,action,SETTING
search hóa đơn trên 200k,action,SEARCH_RECORD
xem report sức khỏe tháng trước,action,REPORT_COMPARE
chỉnh lại ghi chú nha,action,UPDATE_RECORD
bật dark mode,action,SETTING
cho t xem báo cáo hôm nay,action,REPORT_INCOME
undo giao dịch cuối,action,DELETE
tư vấn hạn mức cho mình,action,SUGGEST
xem report giải trí cuối tuần,action,REPORT_INCOME
mục tiêu du lịch 50k trước hôm nay,action,GOAL
set tone dễ thương,action,TONE
thống kê chi tiêu hôm qua,action,REPORT
chuyển giao diện sáng,action,SYSTEM_SETTING
check tiền đã xài 01-01-2026 đi,action,REPORT_GENERAL
thống kê chi tiêu thứ 3,action,REPORT_COMPARE
check tiền đã xài thứ 6 đi,action,REPORT_INCOME
đề xuất budget hợp lý đi,action,SUGGEST
đổi danh mục sang giải trí,action,UPDATE_RECORD
xóa record cuối giúp mình,action,DELETE_LAST
check tiền đã xài tháng trước đi,action,REPORT_INCOME
hủy hóa đơn mới nhất,action,DELETE
đề xuất budget hợp lý đi,action,SUGGEST
tìm giao dịch sức khỏe,action,SEARCH_RECORD
cho t xem báo cáo quý 1 năm nay,action,REPORT
bật dark mode,action,SETTING
gợi ý ngân sách tháng sau,action,SUGGEST
mở cài đặt,action,SETTING
xóa giao dịch vừa nhập,action,DELETE
gợi ý ngân sách tháng sau,action,SUGGEST_BUDGET
chỉnh lại ghi chú nha,action,EDIT
search hóa đơn trên 100k,action,SEARCH
thu nhập tháng này 2 triệu,action,SET_INCOME
set limit sức khỏe 100k mỗi tháng,action,LIMIT
thu nhập tháng này 1 triệu,action,SET_INCOME
tìm record 01-01-2026,action,SEARCH_RECORD
đặt hạn mức sức khỏe 50k,action,LIMIT
save goal mua laptop 5 triệu,action,GOAL
chỉnh lại ghi chú nha,action,UPDATE_RECORD
check tiền đã xài tháng 12 năm ngoái đi,action,REPORT_GENERAL
mục tiêu du lịch 5 triệu trước 23-12-2025,action,GOAL
xem report sức khỏe quý 1 năm nay,action,REPORT
chỉnh lại ghi chú nha,action,EDIT
sửa giao dịch cuối thành 50k,action,UPDATE_RECORD
save goal mua laptop 10 triệu,action,SET_GOAL
cộng thêm 2 triệu vào hạn mức,action,SET_LIMIT
kiếm giúp khoản trà sữa,action,SEARCH
đổi tên thành Boss,action,SET_USERNAME
giảm limit còn 5 triệu,action,SET_LIMIT
tắt chế độ tối,action,SETTING
tư vấn hạn mức cho mình,action,SUGGEST_BUDGET
set nickname Mimo Master,action,SET_USERNAME
tìm giao dịch đi lại,action,SEARCH
chuyển giao diện sáng,action,SETTING
bật dark mode,action,SETTING
đặt hạn mức giáo dục 200k,action,SET_LIMIT
để dành 500k nha,action,SET_GOAL
tháng tới nên tiêu bao nhiêu,action,SUGGEST_BUDGET
undo giao dịch cuối,action,DELETE_LAST
undo giao dịch cuối,action,DELETE_LAST
gợi ý ngân sách tháng sau,action,SUGGEST
update record vừa nhập,action,UPDATE_RECORD
search hóa đơn trên 2 triệu,action,SEARCH_RECORD
chuyển giao diện sáng,action,SYSTEM_SETTING
tạo mục tiêu tiết kiệm 10 triệu,action,SET_GOAL
cho t xem báo cáo năm ngoái,action,REPORT_COMPARE
tạo mục tiêu tiết kiệm 50k,action,SET_GOAL
giảm limit còn 200k,action,LIMIT
update record vừa nhập,action,UPDATE_RECORD
set limit ăn uống 200k mỗi tháng,action,SET_LIMIT
cho t xem báo cáo quý 1 năm nay,action,REPORT_INCOME
set tone nghiêm túc,action,TONE
nhắc mình khi vượt ngân sách,action,SET_ALERT
update record vừa nhập,action,EDIT
để dành 2 triệu nha,action,GOAL
mở cài đặt,action,SYSTEM_SETTING
mở cài đặt,action,SYSTEM_SETTING
nói chuyện nghiêm túc hơn đi,action,TONE
save goal mua laptop 5 triệu,action,SET_GOAL
sửa giao dịch cuối thành 2 triệu,action,EDIT
check tiền đã xài 01-01-2026 đi,action,REPORT_GENERAL
từ giờ gọi t là Anh Khang,action,SET_USERNAME
chuyển giao diện sáng,action,SETTING
cho t xem báo cáo hôm nay,action,REPORT_GENERAL
search hóa đơn trên 2 triệu,action,SEARCH_RECORD
tìm giao dịch mua sắm,action,SEARCH
tìm record hôm nay,action,SEARCH_RECORD
chuyển giao diện sáng,action,SETTING
mỗi tháng mình kiếm 100k,action,SET_INCOME
tìm record thứ 2,action,SEARCH_RECORD
chuyển giao diện sáng,action,SETTING
hủy hóa đơn mới nhất,action,DELETE_LAST
chỉnh lại ghi chú nha,action,EDIT
nói chuyện hài hước hơn đi,action,TONE
kiếm giúp khoản trà sữa,action,SEARCH_RECORD
thu nhập tháng này 10 triệu,action,SET_INCOME
nói chuyện hài hước hơn đi,action,TONE
tạo mục tiêu tiết kiệm 10 triệu,action,SET_GOAL
set nickname Mimo Master,action,SET_USERNAME
kiếm giúp khoản trà sữa,action,SEARCH_RECORD
gợi ý ngân sách tháng sau,action,SUGGEST_BUDGET
đổi danh mục sang giải trí,action,UPDATE_RECORD
giảm limit còn 10 triệu,action,SET_LIMIT
chỉnh lại ghi chú nha,action,UPDATE_RECORD
cộng thêm 50k vào hạn mức,action,LIMIT
nhắc mình khi vượt ngân sách,action,SET_ALERT
set nickname Bin,action,SET_USERNAME
undo giao dịch cuối,action,DELETE_LAST
tắt chế độ tối,action,SYSTEM_SETTING
undo giao dịch cuối,action,DELETE_LAST
set limit giải trí 200k mỗi tháng,action,LIMIT
hủy hóa đơn mới nhất,action,DELETE_LAST
save goal mua laptop 10 triệu,action,SET_GOAL
mỗi tháng mình kiếm 100k,action,SET_INCOME
set limit nhà ở 200k mỗi tháng,action,SET_LIMIT
xem report nhà ở 01-01-2026,action,REPORT
cộng thêm 500k vào hạn mức,action,LIMIT
cho t xem báo cáo hôm qua,action,REPORT
thu nhập tháng này 1 triệu,action,SET_INCOME
hủy hóa đơn mới nhất,action,DELETE
set tone nghiêm túc,action,TONE
xem report giải trí 15-06-2026,action,REPORT_GENERAL
giảm limit còn 5 triệu,action,SET_LIMIT
update record vừa nhập,action,UPDATE_RECORD
đề xuất budget hợp lý đi,action,SUGGEST_BUDGET
nói chuyện hài hước hơn đi,action,SET_TONE
hủy hóa đơn mới nhất,action,DELETE_LAST
mở cài đặt,action,SYSTEM_SETTING
chỉnh lại ghi chú nha,action,UPDATE_RECORD
bật cảnh báo ăn uống,action,SET_ALERT
giảm limit còn 500k,action,LIMIT
bật cảnh báo giáo dục,action,SET_ALERT
mỗi tháng mình kiếm 5 triệu,action,SET_INCOME
undo giao dịch cuối,action,DELETE
thống kê chi tiêu thứ 6,action,REPORT_COMPARE
đổi tên thành Anh Khang,action,SET_USERNAME
để dành 2 triệu nha,action,SET_GOAL
cho t xem báo cáo tuần trước,action,REPORT
đặt hạn mức ăn uống 500k,action,SET_LIMIT
tìm record 30 ngày qua,action,SEARCH
update record vừa nhập,action,EDIT
gợi ý ngân sách tháng sau,action,SUGGEST_BUDGET
đề xuất budget hợp lý đi,action,SUGGEST
tìm record tháng này,action,SEARCH
đổi danh mục sang nhà ở,action,UPDATE_RECORD
save goal mua laptop 200k,action,GOAL
sửa giao dịch cuối thành 5 triệu,action,EDIT
bật dark mode,action,SYSTEM_SETTING
cho t xem báo cáo 15-06-2026,action,REPORT_INCOME
alert hạn mức cho đi lại,action,SET_ALERT
hủy hóa đơn mới nhất,action,DELETE_LAST
set nickname Anh Khang,action,SET_USERNAME
xem report sức khỏe năm nay,action,REPORT_GENERAL
chỉnh lại ghi chú nha,action,EDIT
xem report sức khỏe tuần trước,action,REPORT_GENERAL
search hóa đơn trên 2 triệu,action,SEARCH
tìm giao dịch đi lại,action,SEARCH_RECORD
đặt hạn mức giáo dục 10 triệu,action,LIMIT
set tone nghiêm túc,action,TONE
đặt hạn mức đi lại 1 triệu,action,LIMIT
thu nhập tháng này 2 triệu,action,SET_INCOME
lương của mình là 200k,action,SET_INCOME
set limit giáo dục 500k mỗi tháng,action,LIMIT
đổi giọng sang nghiêm túc,action,TONE
search hóa đơn trên 200k,action,SEARCH_RECORD
tháng tới nên tiêu bao nhiêu,action,SUGGEST_BUDGET
search hóa đơn trên 10 triệu,action,SEARCH_RECORD
xóa giao dịch vừa nhập,action,DELETE
đề xuất budget hợp lý đi,action,SUGGEST
tìm giao dịch giáo dục,action,SEARCH_RECORD
gợi ý ngân sách tháng sau,action,SUGGEST
đổi danh mục sang mua sắm,action,UPDATE_RECORD
từ giờ gọi t là Khang,action,SET_USERNAME
đổi danh mục sang nhà ở,action,EDIT
search hóa đơn trên 500k,action,SEARCH_RECORD
xem report giải trí năm nay,action,REPORT_COMPARE
bật dark mode,action,SETTING
sửa giao dịch cuối thành 5 triệu,action,EDIT
chỉnh lại ghi chú nha,action,EDIT
đặt hạn mức mua sắm 500k,action,LIMIT
tạo mục tiêu tiết kiệm 100k,action,SET_GOAL
sửa giao dịch cuối thành 100k,action,UPDATE_RECORD
cộng thêm 2 triệu vào hạn mức,action,SET_LIMIT
tìm giao dịch sức khỏe,action,SEARCH
xóa record cuối giúp mình,action,DELETE_LAST
chuyển style nói chuyện nhé,action,SET_TONE
mục tiêu du lịch 200k trước tháng 12 năm ngoái,action,GOAL
kiếm giúp khoản trà sữa,action,SEARCH_RECORD
đổi giọng sang hài hước,action,SET_TONE
đề xuất budget hợp lý đi,action,SUGGEST_BUDGET
đề xuất budget hợp lý đi,action,SUGGEST_BUDGET
kiếm giúp khoản trà sữa,action,SEARCH_RECORD
set limit đi lại 10 triệu mỗi tháng,action,LIMIT
lương của mình là 500k,action,SET_INCOME
mở cài đặt,action,SYSTEM_SETTING
thống kê chi tiêu 23-12-2025,action,REPORT
xóa giao dịch vừa nhập,action,DELETE_LAST
chỉnh lại ghi chú nha,action,UPDATE_RECORD
bật dark mode,action,SYSTEM_SETTING
gợi ý ngân sách tháng sau,action,SUGGEST
để dành 1 triệu nha,action,SET_GOAL
xóa giao dịch vừa nhập,action,DELETE
tắt thông báo chi tiêu,action,SET_ALERT
giảm limit còn 5 triệu,action,LIMIT
xem report giáo dục 23-12-2025,action,REPORT_GENERAL
check tiền đã xài thứ 6 đi,action,REPORT_GENERAL
kiếm giúp khoản trà sữa,action,SEARCH_RECORD
mục tiêu du lịch 1 triệu trước năm nay,action,GOAL
cho t xem báo cáo 15-06-2026,action,REPORT
gọi mình là Anh Khang nhé,action,SET_USERNAME
hủy hóa đơn mới nhất,action,DELETE_LAST
undo giao dịch cuối,action,DELETE_LAST
thống kê chi tiêu quý 1 năm nay,action,REPORT_GENERAL
hủy hóa đơn mới nhất,action,DELETE
bật dark mode,action,SYSTEM_SETTING
đổi danh mục sang giáo dục,action,UPDATE_RECORD
hủy hóa đơn mới nhất,action,DELETE_LAST
tắt thông báo chi tiêu,action,SET_ALERT
undo giao dịch cuối,action,DELETE_LAST
xóa record cuối giúp mình,action,DELETE_LAST
thu nhập tháng này 10 triệu,action,SET_INCOME
search hóa đơn trên 1 triệu,action,SEARCH_RECORD
cộng thêm 10 triệu vào hạn mức,action,LIMIT
check tiền đã xài tuần trước đi,action,REPORT_COMPARE
xóa giao dịch vừa nhập,action,DELETE
nói chuyện nghiêm túc hơn đi,action,SET_TONE
thống kê chi tiêu 30 ngày qua,action,REPORT_INCOME
set limit mua sắm 2 triệu mỗi tháng,action,LIMIT
gợi ý ngân sách tháng sau,action,SUGGEST
mở cài đặt,action,SYSTEM_SETTING
mục tiêu du lịch 200k trước 01-01-2026,action,SET_GOAL
mở cài đặt,action,SETTING
check tiền đã xài hôm qua đi,action,REPORT_COMPARE
set tone hài hước,action,TONE
xóa record cuối giúp mình,action,DELETE_LAST
tạo mục tiêu tiết kiệm 1 triệu,action,GOAL
chuyển giao diện sáng,action,SYSTEM_SETTING
xem report giáo dục tuần trước,action,REPORT_COMPARE
xóa giao dịch vừa nhập,action,DELETE
đổi danh mục sang giáo dục,action,EDIT
tắt chế độ tối,action,SETTING
tìm record thứ 3,action,SEARCH_RECORD
set income 2 triệu,action,SET_INCOME
update record vừa nhập,action,EDIT
sửa giao dịch cuối thành 500k,action,EDIT
cho t xem báo cáo 7 ngày qua,action,REPORT_INCOME
xem report nhà ở hôm qua,action,REPORT_INCOME
alert hạn mức cho ăn uống,action,SET_ALERT
cho t xem báo cáo tháng này,action,REPORT_GENERAL
tìm giao dịch giải trí,action,SEARCH_RECORD
để dành 2 triệu nha,action,SET_GOAL
chỉnh lại ghi chú nha,action,UPDATE_RECORD
chuyển style nói chuyện nhé,action,TONE
save goal mua laptop 5 triệu,action,SET_GOAL
cho t xem báo cáo tháng 12 năm ngoái,action,REPORT_GENERAL
để dành 2 triệu nha,action,GOAL
cho t xem báo cáo 01-01-2026,action,REPORT_INCOME
đổi giọng sang châm chọc,action,SET_TONE
tìm giao dịch giáo dục,action,SEARCH
xóa record cuối giúp mình,action,DELETE
cho t xem báo cáo quý 1 năm nay,action,REPORT_INCOME
alert hạn mức cho đi lại,action,SET_ALERT
search hóa đơn trên 10 triệu,action,SEARCH_RECORD
xóa giao dịch vừa nhập,action,DELETE_LAST
chuyển style nói chuyện nhé,action,SET_TONE
set tone nghiêm túc,action,SET_TONE
mục tiêu du lịch 2 triệu trước hôm nay,action,SET_GOAL
undo giao dịch cuối,action,DELETE_LAST
xóa giao dịch vừa nhập,action,DELETE_LAST
tìm giao dịch sức khỏe,action,SEARCH
giảm limit còn 500k,action,LIMIT
check tiền đã xài năm ngoái đi,action,REPORT_COMPARE
thu nhập tháng này 50k,action,SET_INCOME
check tiền đã xài thứ 2 đi,action,REPORT_COMPARE
đổi danh mục sang sức khỏe,action,EDIT
mở cài đặt,action,SYSTEM_SETTING
cho t xem báo cáo tuần trước,action,REPORT_INCOME
đặt hạn mức mua sắm 50k,action,SET_LIMIT
xem report mua sắm hôm qua,action,REPORT_INCOME
tắt chế độ tối,action,SYSTEM_SETTING
nhắc mình khi vượt ngân sách,action,SET_ALERT
xem report giải trí quý 1 năm nay,action,REPORT_INCOME
xem report mua sắm tuần trước,action,REPORT
mỗi tháng mình kiếm 2 triệu,action,SET_INCOME
thống kê chi tiêu tuần này,action,REPORT_GENERAL
check tiền đã xài 7 ngày qua đi,action,REPORT_GENERAL
đổi giọng sang dặn dỗi,action,SET_TONE
set income 1 triệu,action,SET_INCOME
chuyển giao diện sáng,action,SETTING
check tiền đã xài năm nay đi,action,REPORT_INCOME
search hóa đơn trên 500k,action,SEARCH
thu nhập tháng này 1 triệu,action,SET_INCOME
thống kê chi tiêu thứ 3,action,REPORT_COMPARE
undo giao dịch cuối,action,DELETE_LAST
chuyển giao diện sáng,action,SYSTEM_SETTING
tạo mục tiêu tiết kiệm 5 triệu,action,GOAL
update record vừa nhập,action,EDIT
mở cài đặt,action,SYSTEM_SETTING
xem report nhà ở thứ 6,action,REPORT_GENERAL
chuyển style nói chuyện nhé,action,SET_TONE
check tiền đã xài 30 ngày qua đi,action,REPORT_GENERAL
tắt chế độ tối,action,SETTING
xóa record cuối giúp mình,action,DELETE
xem report giáo dục quý 1 năm nay,action,REPORT_GENERAL
xóa record cuối giúp mình,action,DELETE
bật dark mode,action,SYSTEM_SETTING
xem report sức khỏe cuối tuần,action,REPORT_INCOME
update record vừa nhập,action,EDIT
tháng tới nên tiêu bao nhiêu,action,SUGGEST_BUDGET
tạo mục tiêu tiết kiệm 200k,action,SET_GOAL
cho t xem báo cáo chủ nhật,action,REPORT_GENERAL
chuyển giao diện sáng,action,SYSTEM_SETTING
gọi mình là Anh Khang nhé,action,SET_USERNAME
bật dark mode,action,SETTING
xóa giao dịch vừa nhập,action,DELETE_LAST
để dành 5 triệu nha,action,GOAL
chuyển style nói chuyện nhé,action,TONE
bật dark mode,action,SETTING
cho t xem báo cáo 15-06-2026,action,REPORT_GENERAL
sửa giao dịch cuối thành 10 triệu,action,UPDATE_RECORD
tắt chế độ tối,action,SETTING
từ giờ gọi t là Boss,action,SET_USERNAME
đổi danh mục sang mua sắm,action,EDIT
save goal mua laptop 2 triệu,action,SET_GOAL
xem report giáo dục hôm qua,action,REPORT_GENERAL
để dành 50k nha,action,SET_GOAL
chuyển giao diện sáng,action,SETTING
undo giao dịch cuối,action,DELETE_LAST
cho t xem báo cáo tháng trước,action,REPORT_GENERAL
nói chuyện hài hước hơn đi,action,TONE
sửa giao dịch cuối thành 10 triệu,action,UPDATE_RECORD
chỉnh lại ghi chú nha,action,UPDATE_RECORD
cho t xem báo cáo chủ nhật,action,REPORT_COMPARE
nói chuyện dặn dỗi hơn đi,action,SET_TONE
check tiền đã xài thứ 6 đi,action,REPORT_GENERAL
đặt hạn mức sức khỏe 10 triệu,action,LIMIT
update record vừa nhập,action,UPDATE_RECORD
tắt chế độ tối,action,SYSTEM_SETTING
giảm limit còn 5 triệu,action,SET_LIMIT
cho t xem báo cáo tháng này,action,REPORT_GENERAL
cho t xem báo cáo 7 ngày qua,action,REPORT_INCOME
đổi danh mục sang đi lại,action,UPDATE_RECORD
search hóa đơn trên 500k,action,SEARCH
gọi mình là Mimo Master nhé,action,SET_USERNAME
đổi tên thành Mimo Master,action,SET_USERNAME
cho t xem báo cáo 01-01-2026,action,REPORT_INCOME
tìm record 7 ngày qua,action,SEARCH_RECORD
gợi ý ngân sách tháng sau,action,SUGGEST
set tone châm chọc,action,TONE
đặt hạn mức đi lại 5 triệu,action,SET_LIMIT
kiếm giúp khoản trà sữa,action,SEARCH
check tiền đã xài quý 1 năm nay đi,action,REPORT_GENERAL
thu nhập tháng này 500k,action,SET_INCOME
xem report giáo dục tháng này,action,REPORT_GENERAL
để dành 50k nha,action,GOAL
xóa record cuối giúp mình,action,DELETE
tư vấn hạn mức cho mình,action,SUGGEST
đổi giọng sang dễ thương,action,SET_TONE
xem report đi lại năm ngoái,action,REPORT_COMPARE
chuyển style nói chuyện nhé,action,TONE
cộng thêm 5 triệu vào hạn mức,action,SET_LIMIT
xem report đi lại 01-01-2026,action,REPORT_GENERAL
gợi ý ngân sách tháng sau,action,SUGGEST
đổi giọng sang hài hước,action,TONE
chuyển giao diện sáng,action,SETTING
update record vừa nhập,action,UPDATE_RECORD
lương của mình là 1 triệu,action,SET_INCOME
kiếm giúp khoản trà sữa,action,SEARCH_RECORD
alert hạn mức cho sức khỏe,action,SET_ALERT
bật cảnh báo nhà ở,action,SET_ALERT
gợi ý ngân sách tháng sau,action,SUGGEST_BUDGET
update record vừa nhập,action,UPDATE_RECORD
bật dark mode,action,SYSTEM_SETTING
xem report giải trí tuần này,action,REPORT
tắt thông báo chi tiêu,action,SET_ALERT
tháng tới nên tiêu bao nhiêu,action,SUGGEST_BUDGET
chuyển giao diện sáng,action,SYSTEM_SETTING
thống kê chi tiêu năm nay,action,REPORT_INCOME
cho t xem báo cáo 30 ngày qua,action,REPORT_GENERAL
mở cài đặt,action,SYSTEM_SETTING
check tiền đã xài thứ 6 đi,action,REPORT_INCOME
để dành 200k nha,action,SET_GOAL
mục tiêu du lịch 2 triệu trước tuần này,action,GOAL
tạo mục tiêu tiết kiệm 500k,action,GOAL
chỉnh lại ghi chú nha,action,EDIT
xem report nhà ở thứ 3,action,REPORT_INCOME
check tiền đã xài hôm qua đi,action,REPORT_INCOME
set limit nhà ở 500k mỗi tháng,action,SET_LIMIT
xem report nhà ở quý 1 năm nay,action,REPORT_GENERAL
set limit sức khỏe 1 triệu mỗi tháng,action,SET_LIMIT
undo giao dịch cuối,action,DELETE
xem report ăn uống thứ 2,action,REPORT_INCOME
đề xuất budget hợp lý đi,action,SUGGEST
tắt chế độ tối,action,SETTING
lương của mình là 100k,action,SET_INCOME
set limit giải trí 100k mỗi tháng,action,LIMIT
tìm giao dịch giải trí,action,SEARCH_RECORD
xóa giao dịch vừa nhập,action,DELETE
xóa record cuối giúp mình,action,DELETE
bật cảnh báo đi lại,action,SET_ALERT
tư vấn hạn mức cho mình,action,SUGGEST_BUDGET
hủy hóa đơn mới nhất,action,DELETE_LAST
chỉnh lại ghi chú nha,action,UPDATE_RECORD
xem report đi lại quý 1 năm nay,action,REPORT_GENERAL
đổi danh mục sang mua sắm,action,UPDATE_RECORD
đổi tên thành Anh Khang,action,SET_USERNAME
tạo mục tiêu tiết kiệm 5 triệu,action,GOAL
đổi tên thành Anh Khang,action,SET_USERNAME
giảm limit còn 200k,action,LIMIT
tìm record hôm qua,action,SEARCH_RECORD
tắt chế độ tối,action,SYSTEM_SETTING
update record vừa nhập,action,EDIT
thống kê chi tiêu năm ngoái,action,REPORT
xóa record cuối giúp mình,action,DELETE_LAST
thống kê chi tiêu 7 ngày qua,action,REPORT_GENERAL
chuyển style nói chuyện nhé,action,TONE
search hóa đơn trên 2 triệu,action,SEARCH
undo giao dịch cuối,action,DELETE
nói chuyện dễ thương hơn đi,action,TONE
xem report mua sắm 01-01-2026,action,REPORT_GENERAL
check tiền đã xài 30 ngày qua đi,action,REPORT_GENERAL
save goal mua laptop 5 triệu,action,SET_GOAL
xem report sức khỏe tháng trước,action,REPORT_INCOME
mỗi tháng mình kiếm 100k,action,SET_INCOME
nói chuyện hài hước hơn đi,action,TONE
thống kê chi tiêu thứ 3,action,REPORT_GENERAL
chuyển style nói chuyện nhé,action,SET_TONE
check tiền đã xài 23-12-2025 đi,action,REPORT_INCOME
hủy hóa đơn mới nhất,action,DELETE
đặt hạn mức mua sắm 50k,action,SET_LIMIT
thống kê chi tiêu tuần này,action,REPORT_COMPARE
xem report ăn uống quý 1 năm nay,action,REPORT_GENERAL
cho t xem báo cáo tuần trước,action,REPORT_INCOME
tìm record tháng này,action,SEARCH
tìm giao dịch giải trí,action,SEARCH
search hóa đơn trên 1 triệu,action,SEARCH_RECORD
cho t xem báo cáo quý 1 năm nay,action,REPORT_GENERAL
kiếm giúp khoản trà sữa,action,SEARCH
tháng tới nên tiêu bao nhiêu,action,SUGGEST_BUDGET
set tone châm chọc,action,SET_TONE
tắt chế độ tối,action,SYSTEM_SETTING
xóa record cuối giúp mình,action,DELETE
để dành 2 triệu nha,action,SET_GOAL
set limit giáo dục 500k mỗi tháng,action,LIMIT
tắt chế độ tối,action,SYSTEM_SETTING
tư vấn hạn mức cho mình,action,SUGGEST
mở cài đặt,action,SYSTEM_SETTING
mở cài đặt,action,SYSTEM_SETTING
chuyển giao diện sáng,action,SETTING
gợi ý ngân sách tháng sau,action,SUGGEST_BUDGET
update record vừa nhập,action,UPDATE_RECORD
chỉnh lại ghi chú nha,action,EDIT
xóa record cuối giúp mình,action,DELETE_LAST
nhắc mình khi vượt ngân sách,action,SET_ALERT
đặt hạn mức mua sắm 50k,action,SET_LIMIT
undo giao dịch cuối,action,DELETE_LAST
đặt hạn mức ăn uống 1 triệu,action,SET_LIMIT
tháng tới nên tiêu bao nhiêu,action,SUGGEST_BUDGET
đổi giọng sang châm chọc,action,TONE
cho t xem báo cáo chủ nhật,action,REPORT_GENERAL
cho t xem báo cáo tháng trước,action,REPORT_GENERAL
set limit nhà ở 10 triệu mỗi tháng,action,LIMIT
set limit đi lại 200k mỗi tháng,action,SET_LIMIT
set tone hài hước,action,TONE
alert hạn mức cho nhà ở,action,SET_ALERT
bật cảnh báo mua sắm,action,SET_ALERT
kiếm giúp khoản trà sữa,action,SEARCH_RECORD
save goal mua laptop 200k,action,SET_GOAL
hủy hóa đơn mới nhất,action,DELETE_LAST
chuyển giao diện sáng,action,SETTING
cho t xem báo cáo hôm qua,action,REPORT_COMPARE
sửa giao dịch cuối thành 5 triệu,action,UPDATE_RECORD
gọi mình là Mimo Master nhé,action,SET_USERNAME
tháng tới nên tiêu bao nhiêu,action,SUGGEST_BUDGET
đề xuất budget hợp lý đi,action,SUGGEST
thống kê chi tiêu 15-06-2026,action,REPORT_GENERAL
chuyển style nói chuyện nhé,action,SET_TONE
tìm record cuối tuần,action,SEARCH_RECORD
tháng tới nên tiêu bao nhiêu,action,SUGGEST_BUDGET
xem report giải trí 7 ngày qua,action,REPORT_COMPARE
tắt chế độ tối,action,SETTING
xem report nhà ở thứ 2,action,REPORT_GENERAL
đổi giọng sang hài hước,action,SET_TONE
tìm giao dịch mua sắm,action,SEARCH
alert hạn mức cho nhà ở,action,SET_ALERT
nói chuyện dễ thương hơn đi,action,SET_TONE
check tiền đã xài 30 ngày qua đi,action,REPORT_COMPARE
đề xuất budget hợp lý đi,action,SUGGEST_BUDGET
tìm giao dịch sức khỏe,action,SEARCH_RECORD
từ giờ gọi t là Mimo Master,action,SET_USERNAME
mỗi tháng mình kiếm 100k,action,SET_INCOME
set income 10 triệu,action,SET_INCOME
tìm record quý 1 năm nay,action,SEARCH_RECORD
check tiền đã xài tuần trước đi,action,REPORT_INCOME
xem report ăn uống thứ 2,action,REPORT
đổi tên thành Min,action,SET_USERNAME
xóa giao dịch vừa nhập,action,DELETE
thống kê chi tiêu năm ngoái,action,REPORT_INCOME
bật dark mode,action,SETTING
mục tiêu du lịch 10 triệu trước hôm nay,action,SET_GOAL
bật dark mode,action,SYSTEM_SETTING
bật dark mode,action,SYSTEM_SETTING
chuyển style nói chuyện nhé,action,SET_TONE
bật dark mode,action,SYSTEM_SETTING
check tiền đã xài tuần trước đi,action,REPORT_GENERAL
set tone châm chọc,action,TONE
search hóa đơn trên 100k,action,SEARCH_RECORD
đổi tên thành Mimo Master,action,SET_USERNAME
hủy hóa đơn mới nhất,action,DELETE
check tiền đã xài quý 1 năm nay đi,action,REPORT_COMPARE
nhắc mình khi vượt ngân sách,action,SET_ALERT
thống kê chi tiêu năm ngoái,action,REPORT_COMPARE
kiếm giúp khoản trà sữa,action,SEARCH
xóa record cuối giúp mình,action,DELETE_LAST
tìm giao dịch mua sắm,action,SEARCH
nói chuyện dễ thương hơn đi,action,SET_TONE
xem report đi lại năm ngoái,action,REPORT_GENERAL
thống kê chi tiêu tuần này,action,REPORT_GENERAL
thu nhập tháng này 100k,action,SET_INCOME
đổi giọng sang châm chọc,action,TONE
tìm giao dịch giáo dục,action,SEARCH
mục tiêu du lịch 100k trước tuần trước,action,SET_GOAL
tư vấn hạn mức cho mình,action,SUGGEST
set tone dễ thương,action,SET_TONE
gợi ý ngân sách tháng sau,action,SUGGEST_BUDGET
chuyển style nói chuyện nhé,action,SET_TONE
đề xuất budget hợp lý đi,action,SUGGEST_BUDGET
gợi ý ngân sách tháng sau,action,SUGGEST
đề xuất budget hợp lý đi,action,SUGGEST_BUDGET
chỉnh lại ghi chú nha,action,UPDATE_RECORD
check tiền đã xài năm nay đi,action,REPORT_GENERAL
save goal mua laptop 50k,action,GOAL
mục tiêu du lịch 5 triệu trước thứ 3,action,GOAL
check tiền đã xài cuối tuần đi,action,REPORT_COMPARE
cộng thêm 5 triệu vào hạn mức,action,SET_LIMIT
đổi tên thành Khang,action,SET_USERNAME
bật cảnh báo nhà ở,action,SET_ALERT
tắt chế độ tối,action,SETTING
tư vấn hạn mức cho mình,action,SUGGEST_BUDGET
undo giao dịch cuối,action,DELETE_LAST
bật cảnh báo sức khỏe,action,SET_ALERT
tìm record tuần này,action,SEARCH_RECORD
chỉnh lại ghi chú nha,action,UPDATE_RECORD
cộng thêm 1 triệu vào hạn mức,action,LIMIT
tư vấn hạn mức cho mình,action,SUGGEST
đề xuất budget hợp lý đi,action,SUGGEST_BUDGET
tháng tới nên tiêu bao nhiêu,action,SUGGEST
mỗi tháng mình kiếm 100k,action,SET_INCOME
tháng tới nên tiêu bao nhiêu,action,SUGGEST
để dành 5 triệu nha,action,SET_GOAL
kiếm giúp khoản trà sữa,action,SEARCH_RECORD
đổi tên thành Khang,action,SET_USERNAME
mục tiêu du lịch 200k trước năm nay,action,SET_GOAL
đổi giọng sang nghiêm túc,action,SET_TONE
save goal mua laptop 200k,action,SET_GOAL
search hóa đơn trên 50k,action,SEARCH
set income 200k,action,SET_INCOME
gợi ý ngân sách tháng sau,action,SUGGEST
check tiền đã xài tháng 12 năm ngoái đi,action,REPORT_INCOME
set limit giải trí 500k mỗi tháng,action,LIMIT
thống kê chi tiêu năm ngoái,action,REPORT_GENERAL
tìm giao dịch giáo dục,action,SEARCH
tắt thông báo chi tiêu,action,SET_ALERT
tháng tới nên tiêu bao nhiêu,action,SUGGEST
gợi ý ngân sách tháng sau,action,SUGGEST_BUDGET
xóa giao dịch vừa nhập,action,DELETE
đặt hạn mức nhà ở 10 triệu,action,LIMIT
mục tiêu du lịch 100k trước thứ 3,action,GOAL
set nickname Min,action,SET_USERNAME
search hóa đơn trên 1 triệu,action,SEARCH
cho t xem báo cáo 23-12-2025,action,REPORT_INCOME
tắt chế độ tối,action,SETTING
bật dark mode,action,SYSTEM_SETTING
chuyển giao diện sáng,action,SETTING
đổi tên thành Khang,action,SET_USERNAME
check tiền đã xài tuần trước đi,action,REPORT_GENERAL
xem report mua sắm thứ 3,action,REPORT_COMPARE
thống kê chi tiêu hôm nay,action,REPORT_COMPARE
lương của mình là 100k,action,SET_INCOME
set income 2 triệu,action,SET_INCOME
bật cảnh báo giải trí,action,SET_ALERT
bật dark mode,action,SETTING
từ giờ gọi t là Min,action,SET_USERNAME
mở cài đặt,action,SYSTEM_SETTING
gợi ý ngân sách tháng sau,action,SUGGEST_BUDGET
set income 2 triệu,action,SET_INCOME
chỉnh lại ghi chú nha,action,EDIT
set tone dễ thương,action,SET_TONE
xóa record cuối giúp mình,action,DELETE_LAST
set tone nghiêm túc,action,SET_TONE
đổi tên thành Boss,action,SET_USERNAME
kiếm giúp khoản trà sữa,action,SEARCH_RECORD
tắt thông báo chi tiêu,action,SET_ALERT
kiếm giúp khoản trà sữa,action,SEARCH_RECORD
check tiền đã xài hôm qua đi,action,REPORT_GENERAL
mỗi tháng mình kiếm 50k,action,SET_INCOME
tắt thông báo chi tiêu,action,SET_ALERT
tạo mục tiêu tiết kiệm 500k,action,GOAL
xóa record cuối giúp mình,action,DELETE
để dành 1 triệu nha,action,SET_GOAL
set income 5 triệu,action,SET_INCOME
xem report ăn uống 23-12-2025,action,REPORT_INCOME
mục tiêu du lịch 5 triệu trước hôm nay,action,SET_GOAL
tư vấn hạn mức cho mình,action,SUGGEST
check tiền đã xài 23-12-2025 đi,action,REPORT
save goal mua laptop 50k,action,GOAL
thống kê chi tiêu năm nay,action,REPORT_GENERAL
cho t xem báo cáo 01-01-2026,action,REPORT
search hóa đơn trên 2 triệu,action,SEARCH_RECORD
search hóa đơn trên 2 triệu,action,SEARCH
update record vừa nhập,action,UPDATE_RECORD
nhắc mình khi vượt ngân sách,action,SET_ALERT
thu nhập tháng này 100k,action,SET_INCOME
sửa giao dịch cuối thành 50k,action,EDIT
chuyển giao diện sáng,action,SYSTEM_SETTING
xem report giải trí 15-06-2026,action,REPORT_INCOME
mở cài đặt,action,SETTING
đặt hạn mức nhà ở 2 triệu,action,SET_LIMIT
tìm record hôm nay,action,SEARCH_RECORD
bật cảnh báo sức khỏe,action,SET_ALERT
thống kê chi tiêu tháng 12 năm ngoái,action,REPORT_GENERAL
cho t xem báo cáo 15-06-2026,action,REPORT_INCOME
xem report giáo dục tuần trước,action,REPORT
chuyển style nói chuyện nhé,action,TONE
lương của mình là 5 triệu,action,SET_INCOME
set tone hài hước,action,SET_TONE
tắt chế độ tối,action,SETTING
cộng thêm 2 triệu vào hạn mức,action,SET_LIMIT
tạo mục tiêu tiết kiệm 1 triệu,action,SET_GOAL
bật dark mode,action,SYSTEM_SETTING
alert hạn mức cho mua sắm,action,SET_ALERT
xóa giao dịch vừa nhập,action,DELETE
bật cảnh báo đi lại,action,SET_ALERT
check tiền đã xài hôm qua đi,action,REPORT_INCOME
tạo mục tiêu tiết kiệm 5 triệu,action,SET_GOAL
xóa record cuối giúp mình,action,DELETE_LAST
xóa giao dịch vừa nhập,action,DELETE
check tiền đã xài 7 ngày qua đi,action,REPORT_GENERAL
tư vấn hạn mức cho mình,action,SUGGEST_BUDGET
nói chuyện dặn dỗi hơn đi,action,SET_TONE
thống kê chi tiêu tháng này,action,REPORT_GENERAL
đổi giọng sang nghiêm túc,action,TONE
giảm limit còn 200k,action,LIMIT
hủy hóa đơn mới nhất,action,DELETE
search hóa đơn trên 100k,action,SEARCH
xóa record cuối giúp mình,action,DELETE
cho t xem báo cáo tháng này,action,REPORT_INCOME
đổi danh mục sang nhà ở,action,EDIT
tìm record 30 ngày qua,action,SEARCH
xóa record cuối giúp mình,action,DELETE
chuyển giao diện sáng,action,SETTING
thống kê chi tiêu năm ngoái,action,REPORT_COMPARE
tìm giao dịch nhà ở,action,SEARCH_RECORD
cho t xem báo cáo quý 1 năm nay,action,REPORT_GENERAL
thu nhập tháng này 100k,action,SET_INCOME
alert hạn mức cho giải trí,action,SET_ALERT
mỗi tháng mình kiếm 5 triệu,action,SET_INCOME
tháng tới nên tiêu bao nhiêu,action,SUGGEST_BUDGET
đổi tên thành Bin,action,SET_USERNAME
nói chuyện nghiêm túc hơn đi,action,TONE
tư vấn hạn mức cho mình,action,SUGGEST
đổi danh mục sang sức khỏe,action,UPDATE_RECORD
undo giao dịch cuối,action,DELETE
tìm giao dịch nhà ở,action,SEARCH
chuyển style nói chuyện nhé,action,TONE
xóa giao dịch vừa nhập,action,DELETE_LAST
kiếm giúp khoản trà sữa,action,SEARCH_RECORD
đổi giọng sang dặn dỗi,action,SET_TONE
check tiền đã xài tháng 12 năm ngoái đi,action,REPORT_INCOME
set limit giải trí 5 triệu mỗi tháng,action,SET_LIMIT
xóa record cuối giúp mình,action,DELETE_LAST
save goal mua laptop 1 triệu,action,GOAL
cho t xem báo cáo thứ 6,action,REPORT
search hóa đơn trên 2 triệu,action,SEARCH
từ giờ gọi t là Anh Khang,action,SET_USERNAME
tạo mục tiêu tiết kiệm 10 triệu,action,SET_GOAL
undo giao dịch cuối,action,DELETE
đổi tên thành Anh Khang,action,SET_USERNAME
set tone hài hước,action,TONE
cộng thêm 1 triệu vào hạn mức,action,SET_LIMIT
bật cảnh báo giáo dục,action,SET_ALERT
tư vấn hạn mức cho mình,action,SUGGEST_BUDGET
check tiền đã xài năm nay đi,action,REPORT
thống kê chi tiêu hôm qua,action,REPORT_GENERAL
set limit giáo dục 1 triệu mỗi tháng,action,SET_LIMIT
tắt chế độ tối,action,SETTING
bật cảnh báo mua sắm,action,SET_ALERT
thống kê chi tiêu hôm qua,action,REPORT_INCOME
set tone dặn dỗi,action,SET_TONE
set tone hài hước,action,SET_TONE
cho t xem báo cáo quý 1 năm nay,action,REPORT_COMPARE
set tone dặn dỗi,action,SET_TONE
set limit sức khỏe 50k mỗi tháng,action,SET_LIMIT
đặt hạn mức nhà ở 500k,action,LIMIT
undo giao dịch cuối,action,DELETE
chuyển style nói chuyện nhé,action,TONE
xóa giao dịch vừa nhập,action,DELETE_LAST
check tiền đã xài năm ngoái đi,action,REPORT_GENERAL
set nickname Bin,action,SET_USERNAME
xóa giao dịch vừa nhập,action,DELETE_LAST
mục tiêu du lịch 100k trước tháng trước,action,SET_GOAL
thống kê chi tiêu năm nay,action,REPORT_COMPARE
cho t xem báo cáo tháng 12 năm ngoái,action,REPORT_GENERAL
đổi giọng sang dặn dỗi,action,SET_TONE
tháng tới nên tiêu bao nhiêu,action,SUGGEST
cho t xem báo cáo 15-06-2026,action,REPORT_GENERAL
set tone dễ thương,action,TONE
mở cài đặt,action,SYSTEM_SETTING
đề xuất budget hợp lý đi,action,SUGGEST
bật dark mode,action,SYSTEM_SETTING
xóa giao dịch vừa nhập,action,DELETE
thu nhập tháng này 100k,action,SET_INCOME
sửa giao dịch cuối thành 10 triệu,action,EDIT
tư vấn hạn mức cho mình,action,SUGGEST_BUDGET
mở cài đặt,action,SETTING
giảm limit còn 200k,action,LIMIT
xóa giao dịch vừa nhập,action,DELETE_LAST
check tiền đã xài cuối tuần đi,action,REPORT
tạo mục tiêu tiết kiệm 1 triệu,action,SET_GOAL
đổi tên thành Bin,action,SET_USERNAME
kiếm giúp khoản trà sữa,action,SEARCH_RECORD
từ giờ gọi t là Bin,action,SET_USERNAME
xóa giao dịch vừa nhập,action,DELETE_LAST
tìm giao dịch giải trí,action,SEARCH_RECORD
tắt chế độ tối,action,SETTING
chỉnh lại ghi chú nha,action,EDIT
update record vừa nhập,action,UPDATE_RECORD
xem report giải trí 15-06-2026,action,REPORT
đặt hạn mức giáo dục 500k,action,SET_LIMIT
đổi tên thành Boss,action,SET_USERNAME
thống kê chi tiêu năm nay,action,REPORT_COMPARE
nói chuyện dặn dỗi hơn đi,action,TONE
đề xuất budget hợp lý đi,action,SUGGEST
tìm record 7 ngày qua,action,SEARCH_RECORD
chuyển giao diện sáng,action,SYSTEM_SETTING
check tiền đã xài chủ nhật đi,action,REPORT_INCOME
sửa giao dịch cuối thành 100k,action,EDIT
check tiền đã xài 7 ngày qua đi,action,REPORT
tháng tới nên tiêu bao nhiêu,action,SUGGEST
đề xuất budget hợp lý đi,action,SUGGEST_BUDGET
xem report giáo dục cuối tuần,action,REPORT_INCOME
gợi ý ngân sách tháng sau,action,SUGGEST
tìm record 30 ngày qua,action,SEARCH
chỉnh lại ghi chú nha,action,EDIT
tắt chế độ tối,action,SYSTEM_SETTING
set limit đi lại 5 triệu mỗi tháng,action,SET_LIMIT
tìm record tháng trước,action,SEARCH_RECORD
sửa giao dịch cuối thành 2 triệu,action,UPDATE_RECORD
xem report giải trí năm ngoái,action,REPORT_GENERAL
bật dark mode,action,SETTING
thống kê chi tiêu quý 1 năm nay,action,REPORT_INCOME
giảm limit còn 50k,action,SET_LIMIT
alert hạn mức cho nhà ở,action,SET_ALERT
check tiền đã xài 15-06-2026 đi,action,REPORT_COMPARE
check tiền đã xài tháng này đi,action,REPORT_GENERAL
kiếm giúp khoản trà sữa,action,SEARCH
chuyển style nói chuyện nhé,action,TONE
đổi danh mục sang giải trí,action,UPDATE_RECORD
bật dark mode,action,SYSTEM_SETTING
tắt chế độ tối,action,SYSTEM_SETTING
xóa giao dịch vừa nhập,action,DELETE_LAST
đặt hạn mức nhà ở 2 triệu,action,LIMIT
đổi giọng sang dễ thương,action,TONE
undo giao dịch cuối,action,DELETE
để dành 50k nha,action,GOAL
cho t xem báo cáo tháng này,action,REPORT
thống kê chi tiêu tuần trước,action,REPORT_INCOME
check tiền đã xài tuần trước đi,action,REPORT_GENERAL
chỉnh lại ghi chú nha,action,EDIT
sửa giao dịch cuối thành 5 triệu,action,EDIT
bật dark mode,action,SETTING
search hóa đơn trên 500k,action,SEARCH
bật dark mode,action,SETTING
tìm record thứ 6,action,SEARCH_RECORD
tháng tới nên tiêu bao nhiêu,action,SUGGEST_BUDGET
xóa giao dịch vừa nhập,action,DELETE
undo giao dịch cuối,action,DELETE_LAST
cho t xem báo cáo năm ngoái,action,REPORT
chuyển style nói chuyện nhé,action,TONE
save goal mua laptop 2 triệu,action,GOAL
undo giao dịch cuối,action,DELETE_LAST
chuyển giao diện sáng,action,SETTING
cho t xem báo cáo năm nay,action,REPORT_INCOME
nhắc mình khi vượt ngân sách,action,SET_ALERT
sửa giao dịch cuối thành 100k,action,EDIT
xem report nhà ở tháng trước,action,REPORT_GENERAL
thống kê chi tiêu 7 ngày qua,action,REPORT
cho t xem báo cáo thứ 2,action,REPORT_COMPARE
cộng thêm 5 triệu vào hạn mức,action,SET_LIMIT
tắt thông báo chi tiêu,action,SET_ALERT
thu nhập tháng này 200k,action,SET_INCOME
đổi giọng sang nghiêm túc,action,TONE
mỗi tháng mình kiếm 1 triệu,action,SET_INCOME
set tone dễ thương,action,SET_TONE
tắt chế độ tối,action,SYSTEM_SETTING
đề xuất budget hợp lý đi,action,SUGGEST_BUDGET
chuyển style nói chuyện nhé,action,TONE
cộng thêm 100k vào hạn mức,action,SET_LIMIT
cho t xem báo cáo 15-06-2026,action,REPORT_GENERAL
cho t xem báo cáo tuần này,action,REPORT_COMPARE
tạo mục tiêu tiết kiệm 2 triệu,action,GOAL
xem report sức khỏe quý 1 năm nay,action,REPORT_COMPARE
chỉnh lại ghi chú nha,action,EDIT
cho t xem báo cáo năm ngoái,action,REPORT
xóa record cuối giúp mình,action,DELETE
update record vừa nhập,action,UPDATE_RECORD
search hóa đơn trên 1 triệu,action,SEARCH
lương của mình là 2 triệu,action,SET_INCOME
gọi mình là Anh Khang nhé,action,SET_USERNAME
thống kê chi tiêu năm ngoái,action,REPORT_INCOME
chuyển style nói chuyện nhé,action,SET_TONE
set limit mua sắm 50k mỗi tháng,action,LIMIT
set tone dễ thương,action,TONE
thống kê chi tiêu 15-06-2026,action,REPORT_GENERAL
check tiền đã xài thứ 2 đi,action,REPORT_GENERAL
set tone dễ thương,action,SET_TONE
thống kê chi tiêu hôm nay,action,REPORT_COMPARE
mục tiêu du lịch 1 triệu trước tháng này,action,SET_GOAL
sửa giao dịch cuối thành 50k,action,UPDATE_RECORD
xóa giao dịch vừa nhập,action,DELETE
để dành 10 triệu nha,action,SET_GOAL
xem report đi lại tháng 12 năm ngoái,action,REPORT_GENERAL
mục tiêu du lịch 10 triệu trước hôm qua,action,SET_GOAL
tạo mục tiêu tiết kiệm 100k,action,SET_GOAL
tắt thông báo chi tiêu,action,SET_ALERT
chuyển giao diện sáng,action,SYSTEM_SETTING
cho t xem báo cáo 7 ngày qua,action,REPORT_COMPARE
lương của mình là 2 triệu,action,SET_INCOME
đặt hạn mức mua sắm 100k,action,SET_LIMIT
set limit ăn uống 500k mỗi tháng,action,LIMIT
tìm giao dịch mua sắm,action,SEARCH_RECORD
sửa giao dịch cuối thành 500k,action,UPDATE_RECORD
gọi mình là Min nhé,action,SET_USERNAME
update record vừa nhập,action,UPDATE_RECORD
set nickname Mimo Master,action,SET_USERNAME
tắt chế độ tối,action,SYSTEM_SETTING
chuyển giao diện sáng,action,SETTING
chuyển giao diện sáng,action,SYSTEM_SETTING
xóa giao dịch vừa nhập,action,DELETE
set tone châm chọc,action,TONE
chỉnh lại ghi chú nha,action,EDIT
check tiền đã xài tuần trước đi,action,REPORT_GENERAL
tìm giao dịch sức khỏe,action,SEARCH
cho t xem báo cáo tháng 12 năm ngoái,action,REPORT_GENERAL
check tiền đã xài quý 1 năm nay đi,action,REPORT
nói chuyện dặn dỗi hơn đi,action,SET_TONE
tắt chế độ tối,action,SYSTEM_SETTING
bật dark mode,action,SYSTEM_SETTING
gọi mình là Min nhé,action,SET_USERNAME
đổi danh mục sang đi lại,action,EDIT
cho t xem báo cáo chủ nhật,action,REPORT
nói chuyện hài hước hơn đi,action,SET_TONE
sửa giao dịch cuối thành 50k,action,EDIT
thống kê chi tiêu thứ 2,action,REPORT
chỉnh lại ghi chú nha,action,EDIT
sửa giao dịch cuối thành 50k,action,UPDATE_RECORD
đổi giọng sang châm chọc,action,SET_TONE
tìm giao dịch nhà ở,action,SEARCH
bật dark mode,action,SETTING
đề xuất budget hợp lý đi,action,SUGGEST
undo giao dịch cuối,action,DELETE
đổi danh mục sang nhà ở,action,EDIT
thống kê chi tiêu năm ngoái,action,REPORT_INCOME
giảm limit còn 2 triệu,action,LIMIT
xem report nhà ở thứ 3,action,REPORT_GENERAL
nhắc mình khi vượt ngân sách,action,SET_ALERT
mục tiêu du lịch 500k trước tháng 12 năm ngoái,action,SET_GOAL
tìm record tuần này,action,SEARCH
cho t xem báo cáo tháng 12 năm ngoái,action,REPORT_COMPARE
xem report sức khỏe thứ 6,action,REPORT_GENERAL
hủy hóa đơn mới nhất,action,DELETE
thống kê chi tiêu tháng trước,action,REPORT
gọi mình là Mimo Master nhé,action,SET_USERNAME
chuyển style nói chuyện nhé,action,SET_TONE
tư vấn hạn mức cho mình,action,SUGGEST
sửa giao dịch cuối thành 200k,action,EDIT
tìm giao dịch giáo dục,action,SEARCH
update record vừa nhập,action,EDIT
mục tiêu du lịch 50k trước thứ 2,action,GOAL
tháng tới nên tiêu bao nhiêu,action,SUGGEST
set tone nghiêm túc,action,TONE
kiếm giúp khoản trà sữa,action,SEARCH
tìm record tuần trước,action,SEARCH
set limit giải trí 50k mỗi tháng,action,SET_LIMIT
giảm limit còn 100k,action,SET_LIMIT
check tiền đã xài 23-12-2025 đi,action,REPORT_COMPARE
update record vừa nhập,action,EDIT
từ giờ gọi t là Mimo Master,action,SET_USERNAME
nhắc mình khi vượt ngân sách,action,SET_ALERT
thu nhập tháng này 2 triệu,action,SET_INCOME
gọi mình là Mimo Master nhé,action,SET_USERNAME
chuyển style nói chuyện nhé,action,SET_TONE
set nickname Min,action,SET_USERNAME
set limit giải trí 500k mỗi tháng,action,LIMIT
tìm record 01-01-2026,action,SEARCH
từ giờ gọi t là Khang,action,SET_USERNAME
gợi ý ngân sách tháng sau,action,SUGGEST_BUDGET
mở cài đặt,action,SETTING
tháng tới nên tiêu bao nhiêu,action,SUGGEST
chuyển style nói chuyện nhé,action,SET_TONE
tìm record tháng trước,action,SEARCH_RECORD
bật cảnh báo ăn uống,action,SET_ALERT
hủy hóa đơn mới nhất,action,DELETE
đổi giọng sang hài hước,action,TONE
set limit sức khỏe 1 triệu mỗi tháng,action,LIMIT
bật dark mode,action,SETTING
set tone châm chọc,action,TONE
gợi ý ngân sách tháng sau,action,SUGGEST_BUDGET
đề xuất budget hợp lý đi,action,SUGGEST_BUDGET
tư vấn hạn mức cho mình,action,SUGGEST_BUDGET
undo giao dịch cuối,action,DELETE_LAST
tháng tới nên tiêu bao nhiêu,action,SUGGEST_BUDGET
đổi giọng sang châm chọc,action,TONE
đặt hạn mức giải trí 500k,action,SET_LIMIT
hủy hóa đơn mới nhất,action,DELETE
undo giao dịch cuối,action,DELETE_LAST
set income 500k,action,SET_INCOME
cộng thêm 200k vào hạn mức,action,LIMIT
xem report mua sắm cuối tuần,action,REPORT_GENERAL
đặt hạn mức đi lại 50k,action,SET_LIMIT
chuyển giao diện sáng,action,SYSTEM_SETTING
xem report ăn uống tuần trước,action,REPORT_INCOME
đổi danh mục sang mua sắm,action,EDIT
save goal mua laptop 50k,action,GOAL
xem report ăn uống 01-01-2026,action,REPORT
kiếm giúp khoản trà sữa,action,SEARCH
cho t xem báo cáo tháng này,action,REPORT_GENERAL
xóa giao dịch vừa nhập,action,DELETE_LAST
thống kê chi tiêu tuần này,action,REPORT
tạo mục tiêu tiết kiệm 1 triệu,action,SET_GOAL
chuyển style nói chuyện nhé,action,SET_TONE
thống kê chi tiêu 15-06-2026,action,REPORT_INCOME
set limit nhà ở 5 triệu mỗi tháng,action,LIMIT
tắt thông báo chi tiêu,action,SET_ALERT
tắt thông báo chi tiêu,action,SET_ALERT
hủy hóa đơn mới nhất,action,DELETE_LAST
bật dark mode,action,SYSTEM_SETTING
tìm giao dịch đi lại,action,SEARCH_RECORD
cho t xem báo cáo cuối tuần,action,REPORT_INCOME
cho t xem báo cáo thứ 3,action,REPORT_GENERAL
thu nhập tháng này 500k,action,SET_INCOME
tắt chế độ tối,action,SYSTEM_SETTING
set nickname Min,action,SET_USERNAME
xem report sức khỏe hôm qua,action,REPORT
chuyển style nói chuyện nhé,action,SET_TONE
mở cài đặt,action,SETTING
set tone hài hước,action,TONE
cho t xem báo cáo cuối tuần,action,REPORT_GENERAL
bật cảnh báo giải trí,action,SET_ALERT
gợi ý ngân sách tháng sau,action,SUGGEST
cho t xem báo cáo năm ngoái,action,REPORT_COMPARE
giảm limit còn 10 triệu,action,LIMIT
tháng tới nên tiêu bao nhiêu,action,SUGGEST_BUDGET
bật dark mode,action,SYSTEM_SETTING
set tone hài hước,action,SET_TONE
để dành 50k nha,action,SET_GOAL
sửa giao dịch cuối thành 500k,action,UPDATE_RECORD
mục tiêu du lịch 10 triệu trước thứ 3,action,GOAL
sửa giao dịch cuối thành 5 triệu,action,EDIT
mục tiêu du lịch 1 triệu trước thứ 6,action,GOAL
đổi giọng sang hài hước,action,SET_TONE
check tiền đã xài 30 ngày qua đi,action,REPORT_GENERAL
xóa giao dịch vừa nhập,action,DELETE_LAST
xóa giao dịch vừa nhập,action,DELETE_LAST
thống kê chi tiêu hôm nay,action,REPORT_GENERAL
sửa giao dịch cuối thành 500k,action,EDIT
update record vừa nhập,action,EDIT
chuyển giao diện sáng,action,SETTING
cộng thêm 2 triệu vào hạn mức,action,SET_LIMIT
xóa record cuối giúp mình,action,DELETE_LAST
nói chuyện châm chọc hơn đi,action,TONE
tư vấn hạn mức cho mình,action,SUGGEST_BUDGET
cho t xem báo cáo 30 ngày qua,action,REPORT
check tiền đã xài năm ngoái đi,action,REPORT
xóa giao dịch vừa nhập,action,DELETE_LAST
thống kê chi tiêu 7 ngày qua,action,REPORT_GENERAL
mở cài đặt,action,SYSTEM_SETTING
update record vừa nhập,action,EDIT
xem report nhà ở chủ nhật,action,REPORT_GENERAL
đổi giọng sang dặn dỗi,action,SET_TONE
undo giao dịch cuối,action,DELETE_LAST
xóa giao dịch vừa nhập,action,DELETE_LAST
update record vừa nhập,action,UPDATE_RECORD
chỉnh lại ghi chú nha,action,EDIT
save goal mua laptop 500k,action,GOAL
tắt chế độ tối,action,SETTING
thống kê chi tiêu cuối tuần,action,REPORT_GENERAL
đổi danh mục sang mua sắm,action,UPDATE_RECORD
mục tiêu du lịch 1 triệu trước cuối tuần,action,SET_GOAL
tháng tới nên tiêu bao nhiêu,action,SUGGEST_BUDGET
tìm giao dịch sức khỏe,action,SEARCH
update record vừa nhập,action,UPDATE_RECORD
tắt chế độ tối,action,SETTING
để dành 10 triệu nha,action,GOAL
xóa record cuối giúp mình,action,DELETE
đổi giọng sang châm chọc,action,SET_TONE
thống kê chi tiêu năm nay,action,REPORT_INCOME
tháng tới nên tiêu bao nhiêu,action,SUGGEST
từ giờ gọi t là Khang,action,SET_USERNAME
bật dark mode,action,SETTING
tìm giao dịch mua sắm,action,SEARCH_RECORD
cộng thêm 200k vào hạn mức,action,SET_LIMIT
thống kê chi tiêu thứ 2,action,REPORT
search hóa đơn trên 500k,action,SEARCH
sửa giao dịch cuối thành 2 triệu,action,EDIT
xem report sức khỏe tuần này,action,REPORT_GENERAL
xóa record cuối giúp mình,action,DELETE_LAST
sửa giao dịch cuối thành 1 triệu,action,EDIT
nhắc mình khi vượt ngân sách,action,SET_ALERT
cho t xem báo cáo năm nay,action,REPORT_GENERAL
chuyển giao diện sáng,action,SYSTEM_SETTING
tư vấn hạn mức cho mình,action,SUGGEST
set tone hài hước,action,TONE
tháng tới nên tiêu bao nhiêu,action,SUGGEST_BUDGET
xóa record cuối giúp mình,action,DELETE
xóa giao dịch vừa nhập,action,DELETE
mục tiêu du lịch 2 triệu trước 15-06-2026,action,GOAL
undo giao dịch cuối,action,DELETE_LAST
set income 1 triệu,action,SET_INCOME
nói chuyện dặn dỗi hơn đi,action,SET_TONE
giảm limit còn 1 triệu,action,SET_LIMIT
xem report đi lại 7 ngày qua,action,REPORT
set nickname Bin,action,SET_USERNAME
tìm giao dịch đi lại,action,SEARCH
kiếm giúp khoản trà sữa,action,SEARCH
set nickname Mimo Master,action,SET_USERNAME
tư vấn hạn mức cho mình,action,SUGGEST_BUDGET
thu nhập tháng này 500k,action,SET_INCOME
lương của mình là 500k,action,SET_INCOME
chuyển giao diện sáng,action,SYSTEM_SETTING
thu nhập tháng này 1 triệu,action,SET_INCOME
xóa record cuối giúp mình,action,DELETE
check tiền đã xài tháng 12 năm ngoái đi,action,REPORT_GENERAL
tìm record 15-06-2026,action,SEARCH_RECORD
thống kê chi tiêu 7 ngày qua,action,REPORT_INCOME
check tiền đã xài 01-01-2026 đi,action,REPORT_GENERAL
mục tiêu du lịch 200k trước hôm qua,action,GOAL
check tiền đã xài 30 ngày qua đi,action,REPORT_GENERAL
search hóa đơn trên 200k,action,SEARCH_RECORD
mở cài đặt,action,SETTING
để dành 5 triệu nha,action,GOAL
tắt chế độ tối,action,SYSTEM_SETTING
set limit mua sắm 5 triệu mỗi tháng,action,LIMIT
chuyển giao diện sáng,action,SETTING
check tiền đã xài năm ngoái đi,action,REPORT
chuyển style nói chuyện nhé,action,TONE
search hóa đơn trên 2 triệu,action,SEARCH
mở cài đặt,action,SYSTEM_SETTING
cho t xem báo cáo thứ 3,action,REPORT_GENERAL
tắt chế độ tối,action,SYSTEM_SETTING
chuyển style nói chuyện nhé,action,SET_TONE
đặt hạn mức ăn uống 10 triệu,action,SET_LIMIT
hủy hóa đơn mới nhất,action,DELETE
check tiền đã xài 23-12-2025 đi,action,REPORT_COMPARE
đặt hạn mức giải trí 2 triệu,action,SET_LIMIT
từ giờ gọi t là Anh Khang,action,SET_USERNAME
xóa giao dịch vừa nhập,action,DELETE_LAST
chuyển giao diện sáng,action,SETTING
check tiền đã xài cuối tuần đi,action,REPORT_GENERAL
bật dark mode,action,SETTING
undo giao dịch cuối,action,DELETE_LAST
cho t xem báo cáo cuối tuần,action,REPORT_GENERAL
search hóa đơn trên 200k,action,SEARCH_RECORD
check tiền đã xài 23-12-2025 đi,action,REPORT_INCOME
kiếm giúp khoản trà sữa,action,SEARCH_RECORD
đặt hạn mức giáo dục 200k,action,SET_LIMIT
chuyển giao diện sáng,action,SYSTEM_SETTING
lương của mình là 10 triệu,action,SET_INCOME
để dành 10 triệu nha,action,SET_GOAL
đặt hạn mức ăn uống 5 triệu,action,SET_LIMIT
cộng thêm 100k vào hạn mức,action,LIMIT
search hóa đơn trên 1 triệu,action,SEARCH_RECORD
tìm record tuần trước,action,SEARCH_RECORD
đề xuất budget hợp lý đi,action,SUGGEST_BUDGET
cho t xem báo cáo 01-01-2026,action,REPORT_GENERAL
xóa giao dịch vừa nhập,action,DELETE
tắt thông báo chi tiêu,action,SET_ALERT
mục tiêu du lịch 1 triệu trước tuần này,action,GOAL
kiếm giúp khoản trà sữa,action,SEARCH_RECORD
thu nhập tháng này 2 triệu,action,SET_INCOME
thu nhập tháng này 200k,action,SET_INCOME
xem report sức khỏe hôm nay,action,REPORT_COMPARE
xóa record cuối giúp mình,action,DELETE
gợi ý ngân sách tháng sau,action,SUGGEST_BUDGET
tìm giao dịch mua sắm,action,SEARCH
nói chuyện dặn dỗi hơn đi,action,TONE
check tiền đã xài tháng trước đi,action,REPORT
bật dark mode,action,SETTING
chuyển style nói chuyện nhé,action,SET_TONE
giảm limit còn 500k,action,SET_LIMIT
cho t xem báo cáo tuần trước,action,REPORT_GENERAL
để dành 200k nha,action,SET_GOAL
gợi ý ngân sách tháng sau,action,SUGGEST
xem report đi lại tháng này,action,REPORT
set limit giải trí 2 triệu mỗi tháng,action,LIMIT
bật cảnh báo ăn uống,action,SET_ALERT
tìm giao dịch ăn uống,action,SEARCH
nói chuyện dặn dỗi hơn đi,action,SET_TONE
tắt chế độ tối,action,SETTING
chuyển giao diện sáng,action,SYSTEM_SETTING
tư vấn hạn mức cho mình,action,SUGGEST_BUDGET
cho t xem báo cáo 30 ngày qua,action,REPORT_GENERAL
mở cài đặt,action,SYSTEM_SETTING
alert hạn mức cho sức khỏe,action,SET_ALERT
giảm limit còn 5 triệu,action,SET_LIMIT
đặt hạn mức đi lại 200k,action,SET_LIMIT
tìm giao dịch mua sắm,action,SEARCH
chỉnh lại ghi chú nha,action,UPDATE_RECORD
thống kê chi tiêu tháng này,action,REPORT_GENERAL
lương của mình là 1 triệu,action,SET_INCOME
search hóa đơn trên 10 triệu,action,SEARCH_RECORD
update record vừa nhập,action,UPDATE_RECORD
tìm giao dịch mua sắm,action,SEARCH_RECORD
mục tiêu du lịch 2 triệu trước 30 ngày qua,action,GOAL
chuyển style nói chuyện nhé,action,SET_TONE
bật cảnh báo ăn uống,action,SET_ALERT
mở cài đặt,action,SYSTEM_SETTING
thống kê chi tiêu tháng trước,action,REPORT
undo giao dịch cuối,action,DELETE
nói chuyện hài hước hơn đi,action,SET_TONE
chuyển giao diện sáng,action,SETTING
chuyển giao diện sáng,action,SYSTEM_SETTING
thống kê chi tiêu 7 ngày qua,action,REPORT_INCOME
tắt chế độ tối,action,SYSTEM_SETTING
tìm record tuần trước,action,SEARCH_RECORD
update record vừa nhập,action,EDIT
undo giao dịch cuối,action,DELETE_LAST
xem report sức khỏe thứ 3,action,REPORT
chuyển giao diện sáng,action,SYSTEM_SETTING
cho t xem báo cáo tháng trước,action,REPORT_GENERAL
tắt chế độ tối,action,SETTING
tư vấn hạn mức cho mình,action,SUGGEST_BUDGET
chuyển style nói chuyện nhé,action,TONE
tắt thông báo chi tiêu,action,SET_ALERT
đổi tên thành Boss,action,SET_USERNAME
undo giao dịch cuối,action,DELETE
update record vừa nhập,action,UPDATE_RECORD
thống kê chi tiêu cuối tuần,action,REPORT_COMPARE
xóa record cuối giúp mình,action,DELETE_LAST
update record vừa nhập,action,EDIT
check tiền đã xài 23-12-2025 đi,action,REPORT_GENERAL
xóa record cuối giúp mình,action,DELETE_LAST
mỗi tháng mình kiếm 2 triệu,action,SET_INCOME
tắt chế độ tối,action,SYSTEM_SETTING
giảm limit còn 100k,action,LIMIT
đổi danh mục sang nhà ở,action,UPDATE_RECORD
set tone châm chọc,action,TONE
chuyển giao diện sáng,action,SYSTEM_SETTING
hủy hóa đơn mới nhất,action,DELETE
đổi tên thành Min,action,SET_USERNAME
set nickname Anh Khang,action,SET_USERNAME
chuyển style nói chuyện nhé,action,SET_TONE
xóa record cuối giúp mình,action,DELETE
check tiền đã xài hôm qua đi,action,REPORT_GENERAL
đổi giọng sang dặn dỗi,action,TONE
cộng thêm 50k vào hạn mức,action,LIMIT
gợi ý ngân sách tháng sau,action,SUGGEST
mục tiêu du lịch 10 triệu trước thứ 6,action,SET_GOAL
alert hạn mức cho giáo dục,action,SET_ALERT
tìm record cuối tuần,action,SEARCH_RECORD
bật cảnh báo ăn uống,action,SET_ALERT
chuyển style nói chuyện nhé,action,SET_TONE
update record vừa nhập,action,EDIT
đặt hạn mức đi lại 5 triệu,action,LIMIT
gợi ý ngân sách tháng sau,action,SUGGEST_BUDGET
update record vừa nhập,action,UPDATE_RECORD
undo giao dịch cuối,action,DELETE_LAST
mục tiêu du lịch 50k trước 15-06-2026,action,GOAL
thu nhập tháng này 200k,action,SET_INCOME
kiếm giúp khoản trà sữa,action,SEARCH_RECORD
xem report đi lại cuối tuần,action,REPORT_COMPARE
set nickname Boss,action,SET_USERNAME
gợi ý ngân sách tháng sau,action,SUGGEST
kiếm giúp khoản trà sữa,action,SEARCH_RECORD
mở cài đặt,action,SETTING
đổi giọng sang dễ thương,action,SET_TONE
tìm giao dịch giải trí,action,SEARCH
tạo mục tiêu tiết kiệm 2 triệu,action,SET_GOAL
chuyển style nói chuyện nhé,action,SET_TONE
đổi danh mục sang đi lại,action,EDIT
search hóa đơn trên 1 triệu,action,SEARCH
set income 10 triệu,action,SET_INCOME
tắt thông báo chi tiêu,action,SET_ALERT
cho t xem báo cáo hôm qua,action,REPORT_COMPARE
để dành 5 triệu nha,action,GOAL
gợi ý ngân sách tháng sau,action,SUGGEST_BUDGET
xóa record cuối giúp mình,action,DELETE
chuyển style nói chuyện nhé,action,TONE
lương của mình là 10 triệu,action,SET_INCOME
chỉnh lại ghi chú nha,action,UPDATE_RECORD
tạo mục tiêu tiết kiệm 5 triệu,action,GOAL
save goal mua laptop 1 triệu,action,SET_GOAL
set tone nghiêm túc,action,SET_TONE
xem report nhà ở quý 1 năm nay,action,REPORT_COMPARE
xem report ăn uống hôm qua,action,REPORT_GENERAL
cho t xem báo cáo tuần trước,action,REPORT_GENERAL
gợi ý ngân sách tháng sau,action,SUGGEST_BUDGET
thống kê chi tiêu 7 ngày qua,action,REPORT_GENERAL
set tone nghiêm túc,action,TONE
xem report sức khỏe thứ 3,action,REPORT_GENERAL
xóa giao dịch vừa nhập,action,DELETE
tạo mục tiêu tiết kiệm 5 triệu,action,SET_GOAL
gợi ý ngân sách tháng sau,action,SUGGEST_BUDGET
lương của mình là 1 triệu,action,SET_INCOME
thống kê chi tiêu 23-12-2025,action,REPORT_GENERAL
đổi danh mục sang giáo dục,action,UPDATE_RECORD
tắt thông báo chi tiêu,action,SET_ALERT
đổi danh mục sang giáo dục,action,UPDATE_RECORD
tháng tới nên tiêu bao nhiêu,action,SUGGEST
bật cảnh báo giáo dục,action,SET_ALERT
nhắc mình khi vượt ngân sách,action,SET_ALERT
thống kê chi tiêu chủ nhật,action,REPORT_GENERAL
đổi danh mục sang đi lại,action,UPDATE_RECORD
tạo mục tiêu tiết kiệm 10 triệu,action,GOAL
thống kê chi tiêu tuần này,action,REPORT_INCOME
xem report nhà ở quý 1 năm nay,action,REPORT_GENERAL
thu nhập tháng này 10 triệu,action,SET_INCOME
set tone dễ thương,action,SET_TONE
mục tiêu du lịch 200k trước 30 ngày qua,action,SET_GOAL
set limit mua sắm 50k mỗi tháng,action,LIMIT
xóa giao dịch vừa nhập,action,DELETE
set nickname Khang,action,SET_USERNAME
chuyển giao diện sáng,action,SETTING
đổi tên thành Anh Khang,action,SET_USERNAME
set tone nghiêm túc,action,TONE
tháng tới nên tiêu bao nhiêu,action,SUGGEST
kiếm giúp khoản trà sữa,action,SEARCH_RECORD
thống kê chi tiêu tháng 12 năm ngoái,action,REPORT_COMPARE
tìm giao dịch ăn uống,action,SEARCH_RECORD
thống kê chi tiêu 15-06-2026,action,REPORT_COMPARE
đặt hạn mức sức khỏe 100k,action,LIMIT
gợi ý ngân sách tháng sau,action,SUGGEST
xóa giao dịch vừa nhập,action,DELETE
cộng thêm 1 triệu vào hạn mức,action,LIMIT
tìm record thứ 2,action,SEARCH
thống kê chi tiêu thứ 6,action,REPORT_GENERAL
undo giao dịch cuối,action,DELETE_LAST
check tiền đã xài hôm nay đi,action,REPORT_GENERAL
gợi ý ngân sách tháng sau,action,SUGGEST_BUDGET
tìm giao dịch giải trí,action,SEARCH_RECORD
nói chuyện nghiêm túc hơn đi,action,SET_TONE
chuyển style nói chuyện nhé,action,TONE
chuyển giao diện sáng,action,SYSTEM_SETTING
xóa giao dịch vừa nhập,action,DELETE_LAST
chuyển style nói chuyện nhé,action,SET_TONE
kiếm giúp khoản trà sữa,action,SEARCH_RECORD
mở cài đặt,action,SYSTEM_SETTING
set nickname Min,action,SET_USERNAME
check tiền đã xài cuối tuần đi,action,REPORT
thu nhập tháng này 5 triệu,action,SET_INCOME
để dành 2 triệu nha,action,SET_GOAL
chuyển style nói chuyện nhé,action,TONE
giảm limit còn 1 triệu,action,LIMIT
xóa record cuối giúp mình,action,DELETE
sửa giao dịch cuối thành 5 triệu,action,EDIT
đặt hạn mức mua sắm 1 triệu,action,SET_LIMIT
tư vấn hạn mức cho mình,action,SUGGEST
mục tiêu du lịch 1 triệu trước thứ 3,action,SET_GOAL
giảm limit còn 1 triệu,action,SET_LIMIT
tìm giao dịch giải trí,action,SEARCH_RECORD
set tone dễ thương,action,TONE
check tiền đã xài tháng trước đi,action,REPORT
tư vấn hạn mức cho mình,action,SUGGEST_BUDGET
xem report mua sắm năm nay,action,REPORT_INCOME
chuyển giao diện sáng,action,SYSTEM_SETTING
thống kê chi tiêu cuối tuần,action,REPORT_GENERAL
mục tiêu du lịch 200k trước quý 1 năm nay,action,GOAL
nhắc mình khi vượt ngân sách,action,SET_ALERT
chuyển giao diện sáng,action,SETTING
từ giờ gọi t là Boss,action,SET_USERNAME
đổi tên thành Khang,action,SET_USERNAME
chuyển style nói chuyện nhé,action,TONE
xem report đi lại 01-01-2026,action,REPORT_GENERAL
để dành 2 triệu nha,action,GOAL
xóa record cuối giúp mình,action,DELETE_LAST
tháng tới nên tiêu bao nhiêu,action,SUGGEST_BUDGET
tạo mục tiêu tiết kiệm 5 triệu,action,SET_GOAL
giảm limit còn 5 triệu,action,SET_LIMIT
kiếm giúp khoản trà sữa,action,SEARCH
tư vấn hạn mức cho mình,action,SUGGEST_BUDGET
đề xuất budget hợp lý đi,action,SUGGEST_BUDGET
thống kê chi tiêu thứ 3,action,REPORT_GENERAL
đổi giọng sang hài hước,action,TONE
tìm record tháng trước,action,SEARCH_RECORD
undo giao dịch cuối,action,DELETE
sửa giao dịch cuối thành 2 triệu,action,UPDATE_RECORD
nói chuyện dễ thương hơn đi,action,TONE
chuyển giao diện sáng,action,SETTING
xem report đi lại hôm nay,action,REPORT_GENERAL
đề xuất budget hợp lý đi,action,SUGGEST_BUDGET
nhắc mình khi vượt ngân sách,action,SET_ALERT
bật dark mode,action,SYSTEM_SETTING
hủy hóa đơn mới nhất,action,DELETE
mở cài đặt,action,SYSTEM_SETTING
tắt chế độ tối,action,SYSTEM_SETTING
search hóa đơn trên 500k,action,SEARCH
tắt chế độ tối,action,SETTING
cho t xem báo cáo tháng 12 năm ngoái,action,REPORT_INCOME
đặt hạn mức giáo dục 5 triệu,action,LIMIT
cho t xem báo cáo thứ 6,action,REPORT_INCOME
set limit đi lại 50k mỗi tháng,action,LIMIT
đổi giọng sang dặn dỗi,action,TONE
xóa giao dịch vừa nhập,action,DELETE_LAST
set limit đi lại 50k mỗi tháng,action,LIMIT
update record vừa nhập,action,UPDATE_RECORD
bật cảnh báo giải trí,action,SET_ALERT
tư vấn hạn mức cho mình,action,SUGGEST_BUDGET
cho t xem báo cáo hôm nay,action,REPORT_COMPARE
lương của mình là 1 triệu,action,SET_INCOME
để dành 2 triệu nha,action,GOAL
chỉnh lại ghi chú nha,action,EDIT
từ giờ gọi t là Mimo Master,action,SET_USERNAME
cho t xem báo cáo cuối tuần,action,REPORT_INCOME
xóa giao dịch vừa nhập,action,DELETE
tìm giao dịch giải trí,action,SEARCH_RECORD
thống kê chi tiêu năm nay,action,REPORT
check tiền đã xài tuần này đi,action,REPORT_GENERAL
từ giờ gọi t là Mimo Master,action,SET_USERNAME
cho t xem báo cáo năm nay,action,REPORT_GENERAL
thống kê chi tiêu tuần trước,action,REPORT
bật cảnh báo sức khỏe,action,SET_ALERT
chỉnh lại ghi chú nha,action,EDIT
đề xuất budget hợp lý đi,action,SUGGEST_BUDGET
giảm limit còn 500k,action,LIMIT
set income 10 triệu,action,SET_INCOME
đổi danh mục sang đi lại,action,UPDATE_RECORD
đề xuất budget hợp lý đi,action,SUGGEST_BUDGET
cộng thêm 200k vào hạn mức,action,LIMIT
tìm record 01-01-2026,action,SEARCH
set limit sức khỏe 2 triệu mỗi tháng,action,LIMIT
bật dark mode,action,SETTING
set income 5 triệu,action,SET_INCOME
chỉnh lại ghi chú nha,action,EDIT
sửa giao dịch cuối thành 500k,action,UPDATE_RECORD
check tiền đã xài thứ 2 đi,action,REPORT_INCOME
check tiền đã xài tháng này đi,action,REPORT_INCOME
save goal mua laptop 10 triệu,action,GOAL
mỗi tháng mình kiếm 5 triệu,action,SET_INCOME
chuyển style nói chuyện nhé,action,SET_TONE
search hóa đơn trên 500k,action,SEARCH_RECORD
set tone hài hước,action,SET_TONE
nói chuyện dễ thương hơn đi,action,TONE
mở cài đặt,action,SYSTEM_SETTING
đổi danh mục sang nhà ở,action,EDIT
tư vấn hạn mức cho mình,action,SUGGEST
từ giờ gọi t là Anh Khang,action,SET_USERNAME
gợi ý ngân sách tháng sau,action,SUGGEST_BUDGET
undo giao dịch cuối,action,DELETE_LAST
check tiền đã xài quý 1 năm nay đi,action,REPORT_GENERAL
set limit đi lại 500k mỗi tháng,action,SET_LIMIT
hủy hóa đơn mới nhất,action,DELETE_LAST
đổi giọng sang dễ thương,action,SET_TONE
cho t xem báo cáo cuối tuần,action,REPORT_INCOME
save goal mua laptop 50k,action,SET_GOAL
thu nhập tháng này 200k,action,SET_INCOME
sửa giao dịch cuối thành 500k,action,UPDATE_RECORD
tháng tới nên tiêu bao nhiêu,action,SUGGEST_BUDGET
check tiền đã xài tháng 12 năm ngoái đi,action,REPORT_COMPARE
xem report đi lại 01-01-2026,action,REPORT
tìm record cuối tuần,action,SEARCH
đổi danh mục sang ăn uống,action,UPDATE_RECORD
save goal mua laptop 500k,action,SET_GOAL
gọi mình là Mimo Master nhé,action,SET_USERNAME
chuyển style nói chuyện nhé,action,SET_TONE
tắt thông báo chi tiêu,action,SET_ALERT
đổi giọng sang hài hước,action,SET_TONE
xóa giao dịch vừa nhập,action,DELETE
gợi ý ngân sách tháng sau,action,SUGGEST
giảm limit còn 500k,action,SET_LIMIT
cộng thêm 200k vào hạn mức,action,SET_LIMIT
set tone châm chọc,action,TONE
tìm giao dịch đi lại,action,SEARCH
xem report nhà ở tuần này,action,REPORT
chuyển style nói chuyện nhé,action,SET_TONE
xem report ăn uống tháng này,action,REPORT_INCOME
tạo mục tiêu tiết kiệm 10 triệu,action,GOAL
lương của mình là 2 triệu,action,SET_INCOME
xóa record cuối giúp mình,action,DELETE_LAST
cộng thêm 100k vào hạn mức,action,SET_LIMIT
xóa giao dịch vừa nhập,action,DELETE
giảm limit còn 100k,action,LIMIT
gợi ý ngân sách tháng sau,action,SUGGEST
tắt chế độ tối,action,SYSTEM_SETTING
đề xuất budget hợp lý đi,action,SUGGEST
kiếm giúp khoản trà sữa,action,SEARCH
xem report đi lại tháng này,action,REPORT_GENERAL
save goal mua laptop 100k,action,SET_GOAL
check tiền đã xài năm nay đi,action,REPORT
bật cảnh báo sức khỏe,action,SET_ALERT
đổi giọng sang hài hước,action,TONE
set nickname Bin,action,SET_USERNAME
để dành 100k nha,action,GOAL
đổi danh mục sang giáo dục,action,EDIT
gợi ý ngân sách tháng sau,action,SUGGEST_BUDGET
tắt thông báo chi tiêu,action,SET_ALERT
kiếm giúp khoản trà sữa,action,SEARCH_RECORD
đặt hạn mức giải trí 100k,action,LIMIT
mở cài đặt,action,SYSTEM_SETTING
check tiền đã xài cuối tuần đi,action,REPORT_GENERAL
lương của mình là 500k,action,SET_INCOME
tắt thông báo chi tiêu,action,SET_ALERT
kiếm giúp khoản trà sữa,action,SEARCH_RECORD
tạo mục tiêu tiết kiệm 200k,action,SET_GOAL
cho t xem báo cáo năm ngoái,action,REPORT_GENERAL
mục tiêu du lịch 2 triệu trước cuối tuần,action,SET_GOAL
tạo mục tiêu tiết kiệm 5 triệu,action,GOAL
set tone nghiêm túc,action,SET_TONE
xem report giải trí 01-01-2026,action,REPORT_GENERAL
thống kê chi tiêu năm nay,action,REPORT_COMPARE
thu nhập tháng này 500k,action,SET_INCOME
set limit sức khỏe 5 triệu mỗi tháng,action,SET_LIMIT
thống kê chi tiêu thứ 6,action,REPORT
mục tiêu du lịch 500k trước 7 ngày qua,action,GOAL
xóa giao dịch vừa nhập,action,DELETE_LAST
đổi danh mục sang đi lại,action,EDIT
kiếm giúp khoản trà sữa,action,SEARCH
chuyển giao diện sáng,action,SYSTEM_SETTING
search hóa đơn trên 5 triệu,action,SEARCH
chỉnh lại ghi chú nha,action,EDIT
gợi ý ngân sách tháng sau,action,SUGGEST
xem report sức khỏe 23-12-2025,action,REPORT_GENERAL
hủy hóa đơn mới nhất,action,DELETE
tháng tới nên tiêu bao nhiêu,action,SUGGEST_BUDGET
tư vấn hạn mức cho mình,action,SUGGEST_BUDGET
set nickname Khang,action,SET_USERNAME
tạo mục tiêu tiết kiệm 500k,action,GOAL
xóa giao dịch vừa nhập,action,DELETE_LAST
gọi mình là Khang nhé,action,SET_USERNAME
set income 50k,action,SET_INCOME
undo giao dịch cuối,action,DELETE
tạo mục tiêu tiết kiệm 10 triệu,action,SET_GOAL
tháng tới nên tiêu bao nhiêu,action,SUGGEST
tắt chế độ tối,action,SYSTEM_SETTING
tắt thông báo chi tiêu,action,SET_ALERT
đổi tên thành Min,action,SET_USERNAME
update record vừa nhập,action,UPDATE_RECORD
tìm record hôm nay,action,SEARCH_RECORD
set limit ăn uống 10 triệu mỗi tháng,action,SET_LIMIT
chuyển giao diện sáng,action,SYSTEM_SETTING
tìm giao dịch nhà ở,action,SEARCH_RECORD
tháng tới nên tiêu bao nhiêu,action,SUGGEST
chuyển giao diện sáng,action,SYSTEM_SETTING
để dành 10 triệu nha,action,GOAL
chỉnh lại ghi chú nha,action,EDIT
lương của mình là 5 triệu,action,SET_INCOME
set nickname Min,action,SET_USERNAME
để dành 500k nha,action,GOAL
tư vấn hạn mức cho mình,action,SUGGEST
đề xuất budget hợp lý đi,action,SUGGEST
thống kê chi tiêu thứ 6,action,REPORT_GENERAL
nói chuyện hài hước hơn đi,action,TONE
tìm record thứ 3,action,SEARCH
đề xuất budget hợp lý đi,action,SUGGEST
gợi ý ngân sách tháng sau,action,SUGGEST_BUDGET
check tiền đã xài tháng 12 năm ngoái đi,action,REPORT
set limit mua sắm 10 triệu mỗi tháng,action,LIMIT
xem report giáo dục hôm qua,action,REPORT_INCOME
gợi ý ngân sách tháng sau,action,SUGGEST_BUDGET
đổi danh mục sang nhà ở,action,EDIT
check tiền đã xài 01-01-2026 đi,action,REPORT_GENERAL
chỉnh lại ghi chú nha,action,UPDATE_RECORD
xem report mua sắm cuối tuần,action,REPORT_COMPARE
từ giờ gọi t là Boss,action,SET_USERNAME
tháng tới nên tiêu bao nhiêu,action,SUGGEST_BUDGET
thống kê chi tiêu tuần trước,action,REPORT_COMPARE
chỉnh lại ghi chú nha,action,EDIT
chuyển style nói chuyện nhé,action,TONE
kiếm giúp khoản trà sữa,action,SEARCH_RECORD
xóa giao dịch vừa nhập,action,DELETE
save goal mua laptop 1 triệu,action,SET_GOAL
xóa giao dịch vừa nhập,action,DELETE_LAST
đổi danh mục sang mua sắm,action,UPDATE_RECORD
save goal mua laptop 100k,action,SET_GOAL
save goal mua laptop 5 triệu,action,SET_GOAL
mục tiêu du lịch 10 triệu trước thứ 3,action,GOAL
check tiền đã xài thứ 6 đi,action,REPORT
bật cảnh báo giải trí,action,SET_ALERT
check tiền đã xài tháng trước đi,action,REPORT_INCOME
bật dark mode,action,SYSTEM_SETTING
mỗi tháng mình kiếm 1 triệu,action,SET_INCOME
chuyển style nói chuyện nhé,action,TONE
alert hạn mức cho ăn uống,action,SET_ALERT
thống kê chi tiêu tuần này,action,REPORT_GENERAL
update record vừa nhập,action,EDIT
để dành 500k nha,action,GOAL
để dành 1 triệu nha,action,SET_GOAL
kiếm giúp khoản trà sữa,action,SEARCH_RECORD
tìm record 15-06-2026,action,SEARCH
set limit nhà ở 5 triệu mỗi tháng,action,LIMIT
thu nhập tháng này 1 triệu,action,SET_INCOME
tìm record quý 1 năm nay,action,SEARCH
xóa giao dịch vừa nhập,action,DELETE
cộng thêm 2 triệu vào hạn mức,action,LIMIT
để dành 1 triệu nha,action,GOAL
xem report sức khỏe 7 ngày qua,action,REPORT_GENERAL
chuyển giao diện sáng,action,SETTING
tắt chế độ tối,action,SYSTEM_SETTING
tìm giao dịch đi lại,action,SEARCH_RECORD
xóa giao dịch vừa nhập,action,DELETE_LAST
check tiền đã xài 01-01-2026 đi,action,REPORT_COMPARE
cho t xem báo cáo 15-06-2026,action,REPORT
thu nhập tháng này 100k,action,SET_INCOME
giảm limit còn 200k,action,SET_LIMIT
xóa giao dịch vừa nhập,action,DELETE
đổi danh mục sang ăn uống,action,UPDATE_RECORD
mỗi tháng mình kiếm 1 triệu,action,SET_INCOME
set income 50k,action,SET_INCOME
kiếm giúp khoản trà sữa,action,SEARCH_RECORD
chỉnh lại ghi chú nha,action,UPDATE_RECORD
set limit giáo dục 500k mỗi tháng,action,LIMIT
tháng tới nên tiêu bao nhiêu,action,SUGGEST
save goal mua laptop 10 triệu,action,SET_GOAL
save goal mua laptop 100k,action,SET_GOAL
check tiền đã xài thứ 2 đi,action,REPORT_INCOME
mở cài đặt,action,SETTING
chỉnh lại ghi chú nha,action,EDIT
mở cài đặt,action,SYSTEM_SETTING
tắt chế độ tối,action,SETTING
chuyển style nói chuyện nhé,action,TONE
tìm record 30 ngày qua,action,SEARCH_RECORD
set nickname Min,action,SET_USERNAME
chỉnh lại ghi chú nha,action,EDIT
check tiền đã xài tháng này đi,action,REPORT
đề xuất budget hợp lý đi,action,SUGGEST_BUDGET
tháng tới nên tiêu bao nhiêu,action,SUGGEST_BUDGET
xem report giải trí 15-06-2026,action,REPORT_GENERAL
cho t xem báo cáo tuần trước,action,REPORT_COMPARE
mỗi tháng mình kiếm 500k,action,SET_INCOME
sửa giao dịch cuối thành 2 triệu,action,UPDATE_RECORD
xóa record cuối giúp mình,action,DELETE_LAST
save goal mua laptop 1 triệu,action,GOAL
tư vấn hạn mức cho mình,action,SUGGEST
chỉnh lại ghi chú nha,action,EDIT
nhắc mình khi vượt ngân sách,action,SET_ALERT
tắt chế độ tối,action,SETTING
tắt chế độ tối,action,SYSTEM_SETTING
đổi danh mục sang ăn uống,action,EDIT
xóa giao dịch vừa nhập,action,DELETE
tìm giao dịch nhà ở,action,SEARCH_RECORD
đổi danh mục sang nhà ở,action,EDIT
thống kê chi tiêu 15-06-2026,action,REPORT_GENERAL
chuyển giao diện sáng,action,SETTING
thu nhập tháng này 100k,action,SET_INCOME
set limit sức khỏe 2 triệu mỗi tháng,action,SET_LIMIT
alert hạn mức cho giải trí,action,SET_ALERT
tư vấn hạn mức cho mình,action,SUGGEST_BUDGET
chuyển giao diện sáng,action,SYSTEM_SETTING
update record vừa nhập,action,EDIT
gợi ý ngân sách tháng sau,action,SUGGEST
set limit sức khỏe 50k mỗi tháng,action,SET_LIMIT
set tone nghiêm túc,action,SET_TONE
mở cài đặt,action,SYSTEM_SETTING
mở cài đặt,action,SYSTEM_SETTING
đặt hạn mức mua sắm 500k,action,LIMIT
đổi tên thành Boss,action,SET_USERNAME
alert hạn mức cho sức khỏe,action,SET_ALERT
check tiền đã xài thứ 6 đi,action,REPORT_GENERAL
chuyển style nói chuyện nhé,action,SET_TONE
giảm limit còn 10 triệu,action,SET_LIMIT
check tiền đã xài cuối tuần đi,action,REPORT_COMPARE
mục tiêu du lịch 5 triệu trước quý 1 năm nay,action,GOAL
tìm record tháng trước,action,SEARCH
mở cài đặt,action,SETTING
tìm record chủ nhật,action,SEARCH_RECORD
set limit giáo dục 200k mỗi tháng,action,SET_LIMIT
đặt hạn mức giáo dục 1 triệu,action,LIMIT
set limit sức khỏe 10 triệu mỗi tháng,action,LIMIT
tạo mục tiêu tiết kiệm 100k,action,GOAL
hủy hóa đơn mới nhất,action,DELETE_LAST
check tiền đã xài thứ 2 đi,action,REPORT_INCOME
tháng tới nên tiêu bao nhiêu,action,SUGGEST
set tone châm chọc,action,SET_TONE
tìm giao dịch đi lại,action,SEARCH_RECORD
chuyển style nói chuyện nhé,action,SET_TONE
set income 1 triệu,action,SET_INCOME
cho t xem báo cáo 30 ngày qua,action,REPORT_GENERAL
tắt chế độ tối,action,SETTING
set limit đi lại 5 triệu mỗi tháng,action,LIMIT
mục tiêu du lịch 5 triệu trước tháng 12 năm ngoái,action,SET_GOAL
lương của mình là 500k,action,SET_INCOME
set tone nghiêm túc,action,SET_TONE
set limit giải trí 100k mỗi tháng,action,LIMIT
save goal mua laptop 200k,action,GOAL
chuyển giao diện sáng,action,SYSTEM_SETTING
tắt chế độ tối,action,SETTING
check tiền đã xài thứ 6 đi,action,REPORT_GENERAL
hủy hóa đơn mới nhất,action,DELETE_LAST
tắt thông báo chi tiêu,action,SET_ALERT
thống kê chi tiêu tuần này,action,REPORT_GENERAL
undo giao dịch cuối,action,DELETE
chuyển style nói chuyện nhé,action,TONE
set tone dễ thương,action,TONE
undo giao dịch cuối,action,DELETE
chỉnh lại ghi chú nha,action,EDIT
thống kê chi tiêu tháng 12 năm ngoái,action,REPORT
để dành 2 triệu nha,action,GOAL
check tiền đã xài tháng trước đi,action,REPORT_GENERAL
thống kê chi tiêu 15-06-2026,action,REPORT_GENERAL
xem report mua sắm thứ 2,action,REPORT
tắt thông báo chi tiêu,action,SET_ALERT
thống kê chi tiêu tháng trước,action,REPORT_INCOME
đề xuất budget hợp lý đi,action,SUGGEST_BUDGET
chuyển style nói chuyện nhé,action,SET_TONE
set nickname Mimo Master,action,SET_USERNAME
đổi giọng sang hài hước,action,TONE
cộng thêm 10 triệu vào hạn mức,action,LIMIT
tháng tới nên tiêu bao nhiêu,action,SUGGEST_BUDGET
cho t xem báo cáo tuần này,action,REPORT
cộng thêm 2 triệu vào hạn mức,action,LIMIT
check tiền đã xài tháng này đi,action,REPORT_COMPARE
hủy hóa đơn mới nhất,action,DELETE_LAST
đề xuất budget hợp lý đi,action,SUGGEST_BUDGET
đề xuất budget hợp lý đi,action,SUGGEST_BUDGET
undo giao dịch cuối,action,DELETE_LAST
thống kê chi tiêu 15-06-2026,action,REPORT_COMPARE
xem report giáo dục tháng 12 năm ngoái,action,REPORT_COMPARE
chuyển giao diện sáng,action,SETTING
gợi ý ngân sách tháng sau,action,SUGGEST
update record vừa nhập,action,UPDATE_RECORD
chỉnh lại ghi chú nha,action,UPDATE_RECORD
nói chuyện hài hước hơn đi,action,TONE
set tone dễ thương,action,TONE
check tiền đã xài cuối tuần đi,action,REPORT
set nickname Boss,action,SET_USERNAME
đổi tên thành Boss,action,SET_USERNAME
xem report giải trí cuối tuần,action,REPORT
sửa giao dịch cuối thành 100k,action,EDIT
chỉnh lại ghi chú nha,action,EDIT
tạo mục tiêu tiết kiệm 500k,action,SET_GOAL
tìm giao dịch giải trí,action,SEARCH_RECORD
đổi danh mục sang sức khỏe,action,UPDATE_RECORD
set limit giải trí 200k mỗi tháng,action,LIMIT
chuyển style nói chuyện nhé,action,SET_TONE
mỗi tháng mình kiếm 100k,action,SET_INCOME
đề xuất budget hợp lý đi,action,SUGGEST
để dành 5 triệu nha,action,GOAL
đề xuất budget hợp lý đi,action,SUGGEST
cho t xem báo cáo thứ 3,action,REPORT_COMPARE
đổi tên thành Anh Khang,action,SET_USERNAME
update record vừa nhập,action,UPDATE_RECORD
đặt hạn mức mua sắm 10 triệu,action,SET_LIMIT
giảm limit còn 50k,action,LIMIT
undo giao dịch cuối,action,DELETE
mục tiêu du lịch 2 triệu trước hôm qua,action,SET_GOAL
đổi giọng sang dặn dỗi,action,TONE
xóa record cuối giúp mình,action,DELETE_LAST
chuyển style nói chuyện nhé,action,SET_TONE
save goal mua laptop 50k,action,GOAL
giảm limit còn 5 triệu,action,LIMIT
xem report giáo dục tháng này,action,REPORT_INCOME
đổi tên thành Boss,action,SET_USERNAME
update record vừa nhập,action,UPDATE_RECORD
sửa giao dịch cuối thành 5 triệu,action,UPDATE_RECORD
cho t xem báo cáo hôm nay,action,REPORT_COMPARE
để dành 500k nha,action,GOAL
set limit ăn uống 50k mỗi tháng,action,LIMIT
set tone dặn dỗi,action,SET_TONE
sửa giao dịch cuối thành 10 triệu,action,EDIT
set limit giải trí 500k mỗi tháng,action,LIMIT
search hóa đơn trên 500k,action,SEARCH_RECORD
đề xuất budget hợp lý đi,action,SUGGEST_BUDGET
tư vấn hạn mức cho mình,action,SUGGEST
xem report giải trí 7 ngày qua,action,REPORT_INCOME
thống kê chi tiêu 23-12-2025,action,REPORT_GENERAL
tìm record thứ 3,action,SEARCH_RECORD
gọi mình là Anh Khang nhé,action,SET_USERNAME
xem report ăn uống quý 1 năm nay,action,REPORT_GENERAL
đề xuất budget hợp lý đi,action,SUGGEST_BUDGET
xem report ăn uống tháng trước,action,REPORT_INCOME
xem report mua sắm 15-06-2026,action,REPORT_INCOME
save goal mua laptop 100k,action,SET_GOAL
gọi mình là Khang nhé,action,SET_USERNAME
tìm giao dịch đi lại,action,SEARCH
đề xuất budget hợp lý đi,action,SUGGEST
chỉnh lại ghi chú nha,action,UPDATE_RECORD
save goal mua laptop 100k,action,GOAL
cho t xem báo cáo 15-06-2026,action,REPORT
giảm limit còn 200k,action,SET_LIMIT
thu nhập tháng này 100k,action,SET_INCOME
nhắc mình khi vượt ngân sách,action,SET_ALERT
xóa giao dịch vừa nhập,action,DELETE
check tiền đã xài 01-01-2026 đi,action,REPORT_COMPARE
undo giao dịch cuối,action,DELETE_LAST
xem report giáo dục thứ 6,action,REPORT_GENERAL
check tiền đã xài hôm nay đi,action,REPORT_GENERAL
cho t xem báo cáo 15-06-2026,action,REPORT_INCOME
sửa giao dịch cuối thành 500k,action,EDIT
sửa giao dịch cuối thành 100k,action,UPDATE_RECORD
tìm record thứ 2,action,SEARCH
undo giao dịch cuối,action,DELETE_LAST
xem report nhà ở 30 ngày qua,action,REPORT_GENERAL
undo giao dịch cuối,action,DELETE
set limit giải trí 2 triệu mỗi tháng,action,SET_LIMIT
set tone hài hước,action,SET_TONE
giảm limit còn 1 triệu,action,SET_LIMIT
đặt hạn mức ăn uống 200k,action,SET_LIMIT
tạo mục tiêu tiết kiệm 10 triệu,action,SET_GOAL
tư vấn hạn mức cho mình,action,SUGGEST_BUDGET
tìm record năm nay,action,SEARCH_RECORD
xóa giao dịch vừa nhập,action,DELETE_LAST
kiếm giúp khoản trà sữa,action,SEARCH
chuyển style nói chuyện nhé,action,TONE
check tiền đã xài hôm qua đi,action,REPORT
set limit mua sắm 100k mỗi tháng,action,SET_LIMIT
cộng thêm 2 triệu vào hạn mức,action,SET_LIMIT
cộng thêm 5 triệu vào hạn mức,action,SET_LIMIT
xóa giao dịch vừa nhập,action,DELETE
check tiền đã xài quý 1 năm nay đi,action,REPORT_INCOME
đổi tên thành Mimo Master,action,SET_USERNAME
bật dark mode,action,SYSTEM_SETTING
sửa giao dịch cuối thành 100k,action,UPDATE_RECORD
chỉnh lại ghi chú nha,action,UPDATE_RECORD
xóa giao dịch vừa nhập,action,DELETE
chuyển giao diện sáng,action,SETTING
chuyển giao diện sáng,action,SETTING
hủy hóa đơn mới nhất,action,DELETE
mục tiêu du lịch 50k trước 30 ngày qua,action,GOAL
đề xuất budget hợp lý đi,action,SUGGEST
gợi ý ngân sách tháng sau,action,SUGGEST_BUDGET
search hóa đơn trên 10 triệu,action,SEARCH_RECORD
tìm record thứ 3,action,SEARCH_RECORD
đổi danh mục sang ăn uống,action,EDIT
đổi tên thành Bin,action,SET_USERNAME
tháng tới nên tiêu bao nhiêu,action,SUGGEST_BUDGET
xóa giao dịch vừa nhập,action,DELETE_LAST
xóa record cuối giúp mình,action,DELETE_LAST
gợi ý ngân sách tháng sau,action,SUGGEST
hủy hóa đơn mới nhất,action,DELETE_LAST
xóa giao dịch vừa nhập,action,DELETE_LAST
check tiền đã xài năm nay đi,action,REPORT
cộng thêm 500k vào hạn mức,action,SET_LIMIT
cộng thêm 10 triệu vào hạn mức,action,SET_LIMIT
đặt hạn mức giải trí 5 triệu,action,SET_LIMIT
xem report giải trí hôm qua,action,REPORT_GENERAL
set tone hài hước,action,TONE
chuyển style nói chuyện nhé,action,TONE
từ giờ gọi t là Anh Khang,action,SET_USERNAME
kiếm giúp khoản trà sữa,action,SEARCH_RECORD
tắt chế độ tối,action,SYSTEM_SETTING
tìm record tháng 12 năm ngoái,action,SEARCH_RECORD
đặt hạn mức mua sắm 2 triệu,action,LIMIT
xóa giao dịch vừa nhập,action,DELETE_LAST
đề xuất budget hợp lý đi,action,SUGGEST_BUDGET
thống kê chi tiêu tuần trước,action,REPORT_INCOME
check tiền đã xài năm nay đi,action,REPORT_GENERAL
hủy hóa đơn mới nhất,action,DELETE_LAST
từ giờ gọi t là Anh Khang,action,SET_USERNAME
hủy hóa đơn mới nhất,action,DELETE
undo giao dịch cuối,action,DELETE
mở cài đặt,action,SETTING
alert hạn mức cho ăn uống,action,SET_ALERT
undo giao dịch cuối,action,DELETE
mở cài đặt,action,SETTING
cộng thêm 500k vào hạn mức,action,SET_LIMIT
check tiền đã xài năm ngoái đi,action,REPORT_GENERAL
nói chuyện châm chọc hơn đi,action,TONE
set limit sức khỏe 100k mỗi tháng,action,LIMIT
set tone dặn dỗi,action,SET_TONE
cộng thêm 5 triệu vào hạn mức,action,LIMIT
check tiền đã xài tháng này đi,action,REPORT_INCOME
set tone hài hước,action,SET_TONE
đặt hạn mức đi lại 50k,action,SET_LIMIT
nói chuyện dễ thương hơn đi,action,SET_TONE
nhắc mình khi vượt ngân sách,action,SET_ALERT
undo giao dịch cuối,action,DELETE_LAST
hủy hóa đơn mới nhất,action,DELETE_LAST
tháng tới nên tiêu bao nhiêu,action,SUGGEST
cho t xem báo cáo cuối tuần,action,REPORT
tắt chế độ tối,action,SETTING
đổi giọng sang dặn dỗi,action,SET_TONE
cho t xem báo cáo thứ 2,action,REPORT
giảm limit còn 100k,action,SET_LIMIT
tìm giao dịch nhà ở,action,SEARCH
chỉnh lại ghi chú nha,action,UPDATE_RECORD
mỗi tháng mình kiếm 2 triệu,action,SET_INCOME
cho t xem báo cáo tháng trước,action,REPORT
xem report đi lại tháng 12 năm ngoái,action,REPORT_COMPARE
sửa giao dịch cuối thành 500k,action,EDIT
gọi mình là Mimo Master nhé,action,SET_USERNAME
đổi danh mục sang nhà ở,action,EDIT
cộng thêm 1 triệu vào hạn mức,action,SET_LIMIT
giảm limit còn 10 triệu,action,SET_LIMIT
tìm giao dịch giải trí,action,SEARCH
mục tiêu du lịch 1 triệu trước chủ nhật,action,SET_GOAL
thống kê chi tiêu thứ 3,action,REPORT_COMPARE
save goal mua laptop 2 triệu,action,SET_GOAL
tìm record 23-12-2025,action,SEARCH_RECORD
thu nhập tháng này 200k,action,SET_INCOME
cộng thêm 100k vào hạn mức,action,LIMIT
kiếm giúp khoản trà sữa,action,SEARCH_RECORD
check tiền đã xài hôm nay đi,action,REPORT_INCOME
chuyển style nói chuyện nhé,action,SET_TONE
chỉnh lại ghi chú nha,action,EDIT
nhắc mình khi vượt ngân sách,action,SET_ALERT
sửa giao dịch cuối thành 2 triệu,action,UPDATE_RECORD
xem report giáo dục 01-01-2026,action,REPORT_GENERAL
mục tiêu du lịch 200k trước tuần này,action,GOAL
set income 1 triệu,action,SET_INCOME
chuyển giao diện sáng,action,SETTING
save goal mua laptop 100k,action,GOAL
đổi danh mục sang mua sắm,action,EDIT
thống kê chi tiêu cuối tuần,action,REPORT_GENERAL
chuyển style nói chuyện nhé,action,SET_TONE
nói chuyện dễ thương hơn đi,action,TONE
xóa record cuối giúp mình,action,DELETE_LAST
set tone nghiêm túc,action,TONE
check tiền đã xài hôm nay đi,action,REPORT_COMPARE
tư vấn hạn mức cho mình,action,SUGGEST
sửa giao dịch cuối thành 200k,action,UPDATE_RECORD
lương của mình là 200k,action,SET_INCOME
hủy hóa đơn mới nhất,action,DELETE
để dành 10 triệu nha,action,SET_GOAL
set tone hài hước,action,SET_TONE
cho t xem báo cáo thứ 2,action,REPORT_GENERAL
tìm record hôm qua,action,SEARCH
tư vấn hạn mức cho mình,action,SUGGEST_BUDGET
set nickname Anh Khang,action,SET_USERNAME
xem report giải trí tháng 12 năm ngoái,action,REPORT_GENERAL
kiếm giúp khoản trà sữa,action,SEARCH
đổi giọng sang nghiêm túc,action,SET_TONE
cộng thêm 200k vào hạn mức,action,SET_LIMIT
set tone hài hước,action,TONE
bật cảnh báo giải trí,action,SET_ALERT
set income 10 triệu,action,SET_INCOME
check tiền đã xài cuối tuần đi,action,REPORT_INCOME
bật dark mode,action,SETTING
gọi mình là Boss nhé,action,SET_USERNAME
cho t xem báo cáo tháng 12 năm ngoái,action,REPORT_GENERAL
đặt hạn mức nhà ở 50k,action,SET_LIMIT
undo giao dịch cuối,action,DELETE
check tiền đã xài hôm qua đi,action,REPORT
nói chuyện dặn dỗi hơn đi,action,SET_TONE
check tiền đã xài cuối tuần đi,action,REPORT_GENERAL
kiếm giúp khoản trà sữa,action,SEARCH
tháng tới nên tiêu bao nhiêu,action,SUGGEST
lương của mình là 100k,action,SET_INCOME
sửa giao dịch cuối thành 5 triệu,action,UPDATE_RECORD
alert hạn mức cho nhà ở,action,SET_ALERT
gợi ý ngân sách tháng sau,action,SUGGEST
chuyển giao diện sáng,action,SYSTEM_SETTING
chỉnh lại ghi chú nha,action,UPDATE_RECORD
xóa record cuối giúp mình,action,DELETE
tắt thông báo chi tiêu,action,SET_ALERT
để dành 5 triệu nha,action,SET_GOAL
giảm limit còn 5 triệu,action,LIMIT
tạo mục tiêu tiết kiệm 500k,action,GOAL
đổi danh mục sang nhà ở,action,EDIT
set tone châm chọc,action,TONE
thống kê chi tiêu hôm qua,action,REPORT_COMPARE
kiếm giúp khoản trà sữa,action,SEARCH
set limit giáo dục 10 triệu mỗi tháng,action,LIMIT
thống kê chi tiêu thứ 3,action,REPORT_GENERAL
chuyển giao diện sáng,action,SETTING
set income 10 triệu,action,SET_INCOME
tìm record 30 ngày qua,action,SEARCH_RECORD
thống kê chi tiêu thứ 2,action,REPORT_COMPARE
xem report ăn uống tháng này,action,REPORT_INCOME
xóa giao dịch vừa nhập,action,DELETE
xóa giao dịch vừa nhập,action,DELETE_LAST
undo giao dịch cuối,action,DELETE_LAST
cho t xem báo cáo 30 ngày qua,action,REPORT_GENERAL
save goal mua laptop 100k,action,SET_GOAL
bật dark mode,action,SYSTEM_SETTING
xem report nhà ở năm nay,action,REPORT_GENERAL
search hóa đơn trên 500k,action,SEARCH
xem report nhà ở hôm nay,action,REPORT_GENERAL
chỉnh lại ghi chú nha,action,EDIT
thu nhập tháng này 50k,action,SET_INCOME
chỉnh lại ghi chú nha,action,EDIT
save goal mua laptop 200k,action,SET_GOAL
tìm giao dịch mua sắm,action,SEARCH
cho t xem báo cáo tháng 12 năm ngoái,action,REPORT
thu nhập tháng này 2 triệu,action,SET_INCOME
update record vừa nhập,action,EDIT
đặt hạn mức ăn uống 50k,action,LIMIT
đặt hạn mức giáo dục 500k,action,SET_LIMIT
sửa giao dịch cuối thành 500k,action,UPDATE_RECORD
tư vấn hạn mức cho mình,action,SUGGEST_BUDGET
đề xuất budget hợp lý đi,action,SUGGEST_BUDGET
chuyển style nói chuyện nhé,action,TONE
từ giờ gọi t là Khang,action,SET_USERNAME
set limit giải trí 500k mỗi tháng,action,LIMIT
cộng thêm 2 triệu vào hạn mức,action,SET_LIMIT
giảm limit còn 50k,action,LIMIT
đặt hạn mức ăn uống 1 triệu,action,SET_LIMIT
alert hạn mức cho nhà ở,action,SET_ALERT
chuyển giao diện sáng,action,SYSTEM_SETTING
kiếm giúp khoản trà sữa,action,SEARCH
xem report ăn uống thứ 3,action,REPORT
check tiền đã xài thứ 2 đi,action,REPORT
gợi ý ngân sách tháng sau,action,SUGGEST_BUDGET
tìm giao dịch nhà ở,action,SEARCH_RECORD
gợi ý ngân sách tháng sau,action,SUGGEST
mỗi tháng mình kiếm 50k,action,SET_INCOME
update record vừa nhập,action,EDIT
bật cảnh báo mua sắm,action,SET_ALERT
tư vấn hạn mức cho mình,action,SUGGEST_BUDGET
cộng thêm 2 triệu vào hạn mức,action,LIMIT
sửa giao dịch cuối thành 100k,action,UPDATE_RECORD
chuyển style nói chuyện nhé,action,SET_TONE
mục tiêu du lịch 5 triệu trước 7 ngày qua,action,GOAL
tìm record cuối tuần,action,SEARCH_RECORD
cho t xem báo cáo chủ nhật,action,REPORT_INCOME
mở cài đặt,action,SYSTEM_SETTING
đề xuất budget hợp lý đi,action,SUGGEST
chỉnh lại ghi chú nha,action,UPDATE_RECORD
thống kê chi tiêu quý 1 năm nay,action,REPORT_INCOME
xem report nhà ở cuối tuần,action,REPORT_GENERAL
xóa giao dịch vừa nhập,action,DELETE
cho t xem báo cáo thứ 6,action,REPORT_COMPARE
tìm giao dịch giáo dục,action,SEARCH_RECORD
thống kê chi tiêu tháng này,action,REPORT_INCOME
đổi giọng sang dặn dỗi,action,TONE
tháng tới nên tiêu bao nhiêu,action,SUGGEST
giảm limit còn 5 triệu,action,LIMIT
nhắc mình khi vượt ngân sách,action,SET_ALERT
đổi danh mục sang giáo dục,action,EDIT
cho t xem báo cáo quý 1 năm nay,action,REPORT_GENERAL
đổi danh mục sang nhà ở,action,UPDATE_RECORD
undo giao dịch cuối,action,DELETE
bật dark mode,action,SYSTEM_SETTING
chỉnh lại ghi chú nha,action,EDIT
save goal mua laptop 500k,action,SET_GOAL
kiếm giúp khoản trà sữa,action,SEARCH_RECORD
set tone dặn dỗi,action,TONE
set tone châm chọc,action,SET_TONE
save goal mua laptop 50k,action,SET_GOAL
bật dark mode,action,SETTING
bật dark mode,action,SETTING
xóa record cuối giúp mình,action,DELETE_LAST
chuyển giao diện sáng,action,SETTING
tìm record 30 ngày qua,action,SEARCH
sửa giao dịch cuối thành 2 triệu,action,UPDATE_RECORD
kiếm giúp khoản trà sữa,action,SEARCH
xóa record cuối giúp mình,action,DELETE_LAST
chuyển style nói chuyện nhé,action,SET_TONE
thống kê chi tiêu tuần này,action,REPORT_GENERAL
cho t xem báo cáo thứ 3,action,REPORT
chuyển giao diện sáng,action,SYSTEM_SETTING
xem report giáo dục hôm nay,action,REPORT_INCOME
mục tiêu du lịch 10 triệu trước 23-12-2025,action,SET_GOAL
search hóa đơn trên 2 triệu,action,SEARCH_RECORD
mục tiêu du lịch 50k trước tuần trước,action,GOAL
save goal mua laptop 50k,action,SET_GOAL
set nickname Min,action,SET_USERNAME
set tone nghiêm túc,action,TONE
set tone châm chọc,action,TONE
kiếm giúp khoản trà sữa,action,SEARCH_RECORD
gợi ý ngân sách tháng sau,action,SUGGEST
undo giao dịch cuối,action,DELETE_LAST
hủy hóa đơn mới nhất,action,DELETE_LAST
xem report đi lại 30 ngày qua,action,REPORT_GENERAL
tư vấn hạn mức cho mình,action,SUGGEST_BUDGET
mở cài đặt,action,SYSTEM_SETTING
để dành 1 triệu nha,action,GOAL
cộng thêm 50k vào hạn mức,action,SET_LIMIT
để dành 200k nha,action,GOAL
tắt thông báo chi tiêu,action,SET_ALERT
mở cài đặt,action,SYSTEM_SETTING
xem report đi lại 23-12-2025,action,REPORT
xóa record cuối giúp mình,action,DELETE
xem report giải trí cuối tuần,action,REPORT_COMPARE
tạo mục tiêu tiết kiệm 5 triệu,action,SET_GOAL
tạo mục tiêu tiết kiệm 1 triệu,action,SET_GOAL
tắt thông báo chi tiêu,action,SET_ALERT
cho t xem báo cáo 15-06-2026,action,REPORT_INCOME
undo giao dịch cuối,action,DELETE_LAST
xem report ăn uống năm ngoái,action,REPORT_GENERAL
xem report ăn uống thứ 2,action,REPORT
kiếm giúp khoản trà sữa,action,SEARCH_RECORD
tìm record hôm qua,action,SEARCH
thống kê chi tiêu hôm qua,action,REPORT_COMPARE
save goal mua laptop 10 triệu,action,SET_GOAL
check tiền đã xài tuần này đi,action,REPORT_COMPARE
cho t xem báo cáo tháng trước,action,REPORT_GENERAL
mở cài đặt,action,SYSTEM_SETTING
thu nhập tháng này 5 triệu,action,SET_INCOME
cho t xem báo cáo hôm qua,action,REPORT_COMPARE
check tiền đã xài tháng này đi,action,REPORT_GENERAL
cho t xem báo cáo 23-12-2025,action,REPORT_INCOME
tư vấn hạn mức cho mình,action,SUGGEST_BUDGET
xóa giao dịch vừa nhập,action,DELETE_LAST
đặt hạn mức nhà ở 5 triệu,action,LIMIT
xóa record cuối giúp mình,action,DELETE_LAST
undo giao dịch cuối,action,DELETE
thống kê chi tiêu thứ 2,action,REPORT_GENERAL
chỉnh lại ghi chú nha,action,EDIT
tháng tới nên tiêu bao nhiêu,action,SUGGEST_BUDGET
chỉnh lại ghi chú nha,action,EDIT
hủy hóa đơn mới nhất,action,DELETE
check tiền đã xài 23-12-2025 đi,action,REPORT_INCOME
tìm record chủ nhật,action,SEARCH_RECORD
xem report nhà ở cuối tuần,action,REPORT_INCOME
thu nhập tháng này 500k,action,SET_INCOME
save goal mua laptop 10 triệu,action,GOAL
xóa record cuối giúp mình,action,DELETE
bật dark mode,action,SETTING
update record vừa nhập,action,UPDATE_RECORD
để dành 500k nha,action,SET_GOAL
xóa giao dịch vừa nhập,action,DELETE_LAST
đặt hạn mức giáo dục 5 triệu,action,SET_LIMIT
tìm record thứ 3,action,SEARCH
search hóa đơn trên 200k,action,SEARCH_RECORD
check tiền đã xài thứ 6 đi,action,REPORT_GENERAL
đề xuất budget hợp lý đi,action,SUGGEST_BUDGET
thống kê chi tiêu năm ngoái,action,REPORT_INCOME
mỗi tháng mình kiếm 10 triệu,action,SET_INCOME
đề xuất budget hợp lý đi,action,SUGGEST_BUDGET
hủy hóa đơn mới nhất,action,DELETE
undo giao dịch cuối,action,DELETE
bật dark mode,action,SETTING
đề xuất budget hợp lý đi,action,SUGGEST
set limit ăn uống 5 triệu mỗi tháng,action,LIMIT
search hóa đơn trên 50k,action,SEARCH
set tone hài hước,action,TONE
tìm giao dịch giáo dục,action,SEARCH_RECORD
đổi giọng sang châm chọc,action,SET_TONE
bật dark mode,action,SYSTEM_SETTING
thống kê chi tiêu 7 ngày qua,action,REPORT_GENERAL
cho t xem báo cáo 7 ngày qua,action,REPORT
đặt hạn mức giáo dục 50k,action,SET_LIMIT
bật cảnh báo sức khỏe,action,SET_ALERT
chuyển style nói chuyện nhé,action,TONE
thu nhập tháng này 1 triệu,action,SET_INCOME
tìm giao dịch giải trí,action,SEARCH
để dành 50k nha,action,GOAL
mở cài đặt,action,SETTING
đề xuất budget hợp lý đi,action,SUGGEST
search hóa đơn trên 500k,action,SEARCH_RECORD
check tiền đã xài chủ nhật đi,action,REPORT_GENERAL
bật dark mode,action,SYSTEM_SETTING
set tone dễ thương,action,SET_TONE
nói chuyện nghiêm túc hơn đi,action,TONE
giảm limit còn 10 triệu,action,SET_LIMIT
set tone dễ thương,action,SET_TONE
xóa record cuối giúp mình,action,DELETE
đề xuất budget hợp lý đi,action,SUGGEST_BUDGET
xem report đi lại tháng 12 năm ngoái,action,REPORT_COMPARE
tắt thông báo chi tiêu,action,SET_ALERT
thống kê chi tiêu 15-06-2026,action,REPORT
tạo mục tiêu tiết kiệm 100k,action,GOAL
xóa giao dịch vừa nhập,action,DELETE_LAST
search hóa đơn trên 50k,action,SEARCH
set limit sức khỏe 2 triệu mỗi tháng,action,LIMIT
đặt hạn mức đi lại 5 triệu,action,LIMIT
xem report giáo dục chủ nhật,action,REPORT_GENERAL
bật dark mode,action,SYSTEM_SETTING
gợi ý ngân sách tháng sau,action,SUGGEST
đặt hạn mức đi lại 500k,action,LIMIT
để dành 1 triệu nha,action,GOAL
đổi danh mục sang giáo dục,action,UPDATE_RECORD
thống kê chi tiêu tuần trước,action,REPORT_GENERAL
tư vấn hạn mức cho mình,action,SUGGEST
set limit mua sắm 500k mỗi tháng,action,SET_LIMIT
set tone dễ thương,action,TONE
mục tiêu du lịch 500k trước năm nay,action,SET_GOAL
cho t xem báo cáo thứ 6,action,REPORT_GENERAL
mở cài đặt,action,SETTING
cho t xem báo cáo cuối tuần,action,REPORT_COMPARE
gọi mình là Mimo Master nhé,action,SET_USERNAME
chuyển giao diện sáng,action,SETTING
kiếm giúp khoản trà sữa,action,SEARCH
để dành 5 triệu nha,action,GOAL
cho t xem báo cáo hôm qua,action,REPORT_COMPARE
mở cài đặt,action,SETTING
search hóa đơn trên 50k,action,SEARCH
undo giao dịch cuối,action,DELETE_LAST
xóa giao dịch vừa nhập,action,DELETE_LAST
từ giờ gọi t là Khang,action,SET_USERNAME
check tiền đã xài 15-06-2026 đi,action,REPORT_COMPARE
xem report giáo dục thứ 6,action,REPORT_GENERAL
set tone dặn dỗi,action,SET_TONE
cho t xem báo cáo tháng 12 năm ngoái,action,REPORT
chuyển giao diện sáng,action,SETTING
bật dark mode,action,SYSTEM_SETTING
tắt chế độ tối,action,SETTING
cho t xem báo cáo tuần này,action,REPORT
tắt thông báo chi tiêu,action,SET_ALERT
sửa giao dịch cuối thành 50k,action,EDIT
gọi mình là Boss nhé,action,SET_USERNAME
cộng thêm 10 triệu vào hạn mức,action,SET_LIMIT
xem report giải trí tháng này,action,REPORT_INCOME
gợi ý ngân sách tháng sau,action,SUGGEST_BUDGET
undo giao dịch cuối,action,DELETE_LAST
chuyển style nói chuyện nhé,action,SET_TONE
undo giao dịch cuối,action,DELETE_LAST
thống kê chi tiêu tuần trước,action,REPORT_GENERAL
check tiền đã xài thứ 2 đi,action,REPORT_GENERAL
nói chuyện nghiêm túc hơn đi,action,TONE
cho t xem báo cáo 23-12-2025,action,REPORT
tư vấn hạn mức cho mình,action,SUGGEST_BUDGET
thống kê chi tiêu tháng trước,action,REPORT
tạo mục tiêu tiết kiệm 500k,action,SET_GOAL
update record vừa nhập,action,EDIT
tạo mục tiêu tiết kiệm 200k,action,SET_GOAL
tắt chế độ tối,action,SETTING
xem report sức khỏe 7 ngày qua,action,REPORT_GENERAL
để dành 200k nha,action,GOAL
check tiền đã xài thứ 3 đi,action,REPORT_GENERAL
đổi danh mục sang sức khỏe,action,UPDATE_RECORD
set limit giải trí 500k mỗi tháng,action,LIMIT
xóa giao dịch vừa nhập,action,DELETE
giảm limit còn 200k,action,SET_LIMIT
search hóa đơn trên 10 triệu,action,SEARCH_RECORD
set tone dễ thương,action,TONE
chuyển giao diện sáng,action,SETTING
đề xuất budget hợp lý đi,action,SUGGEST_BUDGET
check tiền đã xài thứ 2 đi,action,REPORT_COMPARE
xem report mua sắm năm nay,action,REPORT_COMPARE
sửa giao dịch cuối thành 10 triệu,action,UPDATE_RECORD
mở cài đặt,action,SETTING
check tiền đã xài 23-12-2025 đi,action,REPORT_INCOME
set income 200k,action,SET_INCOME
xóa giao dịch vừa nhập,action,DELETE
xem report mua sắm 30 ngày qua,action,REPORT_COMPARE
alert hạn mức cho đi lại,action,SET_ALERT
nói chuyện dễ thương hơn đi,action,SET_TONE
tạo mục tiêu tiết kiệm 2 triệu,action,SET_GOAL
xóa giao dịch vừa nhập,action,DELETE
gọi mình là Min nhé,action,SET_USERNAME
nhắc mình khi vượt ngân sách,action,SET_ALERT
cho t xem báo cáo hôm qua,action,REPORT_GENERAL
thống kê chi tiêu hôm nay,action,REPORT
giảm limit còn 500k,action,SET_LIMIT
tìm giao dịch đi lại,action,SEARCH_RECORD
đề xuất budget hợp lý đi,action,SUGGEST
set tone hài hước,action,SET_TONE
set tone dặn dỗi,action,SET_TONE
sửa giao dịch cuối thành 2 triệu,action,EDIT
update record vừa nhập,action,UPDATE_RECORD
kiếm giúp khoản trà sữa,action,SEARCH
set limit sức khỏe 5 triệu mỗi tháng,action,SET_LIMIT
đặt hạn mức giải trí 500k,action,SET_LIMIT
cộng thêm 500k vào hạn mức,action,SET_LIMIT
gợi ý ngân sách tháng sau,action,SUGGEST_BUDGET
tìm record tháng 12 năm ngoái,action,SEARCH_RECORD
sửa giao dịch cuối thành 5 triệu,action,UPDATE_RECORD
tìm giao dịch nhà ở,action,SEARCH_RECORD
đổi tên thành Mimo Master,action,SET_USERNAME
đặt hạn mức ăn uống 2 triệu,action,SET_LIMIT
mục tiêu du lịch 500k trước tuần này,action,GOAL
tạo mục tiêu tiết kiệm 50k,action,SET_GOAL
xem report giáo dục chủ nhật,action,REPORT_COMPARE
update record vừa nhập,action,UPDATE_RECORD
set income 5 triệu,action,SET_INCOME
update record vừa nhập,action,UPDATE_RECORD
tư vấn hạn mức cho mình,action,SUGGEST_BUDGET
cho t xem báo cáo 15-06-2026,action,REPORT_COMPARE
bật dark mode,action,SYSTEM_SETTING
tạo mục tiêu tiết kiệm 2 triệu,action,GOAL
tắt chế độ tối,action,SYSTEM_SETTING
tư vấn hạn mức cho mình,action,SUGGEST_BUDGET
từ giờ gọi t là Bin,action,SET_USERNAME
thống kê chi tiêu tuần trước,action,REPORT_COMPARE
hủy hóa đơn mới nhất,action,DELETE_LAST
chuyển giao diện sáng,action,SETTING
bật dark mode,action,SYSTEM_SETTING
đổi danh mục sang sức khỏe,action,UPDATE_RECORD
gợi ý ngân sách tháng sau,action,SUGGEST
cho t xem báo cáo tháng 12 năm ngoái,action,REPORT_GENERAL
đặt hạn mức mua sắm 2 triệu,action,SET_LIMIT
undo giao dịch cuối,action,DELETE_LAST
tư vấn hạn mức cho mình,action,SUGGEST_BUDGET
cho t xem báo cáo tuần này,action,REPORT_GENERAL
bật dark mode,action,SYSTEM_SETTING
update record vừa nhập,action,UPDATE_RECORD
cho t xem báo cáo 30 ngày qua,action,REPORT_INCOME
thống kê chi tiêu cuối tuần,action,REPORT
check tiền đã xài quý 1 năm nay đi,action,REPORT_INCOME
check tiền đã xài thứ 6 đi,action,REPORT
bật cảnh báo sức khỏe,action,SET_ALERT
xem report giáo dục thứ 6,action,REPORT_GENERAL
tìm record thứ 6,action,SEARCH_RECORD
check tiền đã xài năm ngoái đi,action,REPORT_GENERAL
đề xuất budget hợp lý đi,action,SUGGEST
update record vừa nhập,action,EDIT
thống kê chi tiêu tuần trước,action,REPORT_COMPARE
update record vừa nhập,action,EDIT
search hóa đơn trên 2 triệu,action,SEARCH
tháng tới nên tiêu bao nhiêu,action,SUGGEST
search hóa đơn trên 5 triệu,action,SEARCH
mở cài đặt,action,SYSTEM_SETTING
cho t xem báo cáo thứ 3,action,REPORT_GENERAL
thống kê chi tiêu thứ 6,action,REPORT_INCOME
chuyển style nói chuyện nhé,action,TONE
cho t xem báo cáo tháng này,action,REPORT_GENERAL
mở cài đặt,action,SYSTEM_SETTING
thống kê chi tiêu năm ngoái,action,REPORT_COMPARE
đề xuất budget hợp lý đi,action,SUGGEST
check tiền đã xài thứ 3 đi,action,REPORT_COMPARE
thống kê chi tiêu cuối tuần,action,REPORT_INCOME
update record vừa nhập,action,EDIT
đổi giọng sang dễ thương,action,SET_TONE
check tiền đã xài 30 ngày qua đi,action,REPORT_COMPARE
đổi danh mục sang mua sắm,action,EDIT
chỉnh lại ghi chú nha,action,EDIT
tháng tới nên tiêu bao nhiêu,action,SUGGEST
cho t xem báo cáo 01-01-2026,action,REPORT_COMPARE
check tiền đã xài năm ngoái đi,action,REPORT_GENERAL
nhắc mình khi vượt ngân sách,action,SET_ALERT
chuyển style nói chuyện nhé,action,TONE
tạo mục tiêu tiết kiệm 50k,action,SET_GOAL
chuyển giao diện sáng,action,SYSTEM_SETTING
xem report mua sắm tháng trước,action,REPORT_GENERAL
từ giờ gọi t là Bin,action,SET_USERNAME
bật cảnh báo mua sắm,action,SET_ALERT
lương của mình là 200k,action,SET_INCOME
xóa giao dịch vừa nhập,action,DELETE_LAST
nói chuyện châm chọc hơn đi,action,TONE
xóa record cuối giúp mình,action,DELETE
tạo mục tiêu tiết kiệm 100k,action,SET_GOAL
cho t xem báo cáo năm ngoái,action,REPORT_INCOME
xem report đi lại tháng trước,action,REPORT_INCOME
tạo mục tiêu tiết kiệm 5 triệu,action,GOAL
save goal mua laptop 200k,action,SET_GOAL
mỗi tháng mình kiếm 200k,action,SET_INCOME
bật cảnh báo nhà ở,action,SET_ALERT
sửa giao dịch cuối thành 5 triệu,action,UPDATE_RECORD
cho t xem báo cáo hôm qua,action,REPORT
tắt thông báo chi tiêu,action,SET_ALERT
check tiền đã xài 30 ngày qua đi,action,REPORT_COMPARE
xem report ăn uống cuối tuần,action,REPORT_GENERAL
cho t xem báo cáo thứ 3,action,REPORT_COMPARE
undo giao dịch cuối,action,DELETE
tìm giao dịch đi lại,action,SEARCH_RECORD
đề xuất budget hợp lý đi,action,SUGGEST_BUDGET
tắt chế độ tối,action,SETTING
bật dark mode,action,SYSTEM_SETTING
lương của mình là 50k,action,SET_INCOME
xóa giao dịch vừa nhập,action,DELETE_LAST
đề xuất budget hợp lý đi,action,SUGGEST
đổi danh mục sang sức khỏe,action,EDIT
chuyển giao diện sáng,action,SETTING
undo giao dịch cuối,action,DELETE_LAST
nói chuyện dặn dỗi hơn đi,action,TONE
cộng thêm 1 triệu vào hạn mức,action,SET_LIMIT
bật dark mode,action,SETTING
check tiền đã xài năm ngoái đi,action,REPORT_INCOME
cho t xem báo cáo thứ 2,action,REPORT_GENERAL
alert hạn mức cho giải trí,action,SET_ALERT
set tone hài hước,action,SET_TONE
giảm limit còn 1 triệu,action,SET_LIMIT
mở cài đặt,action,SYSTEM_SETTING
update record vừa nhập,action,EDIT
check tiền đã xài thứ 2 đi,action,REPORT_INCOME
mỗi tháng mình kiếm 1 triệu,action,SET_INCOME
đặt hạn mức đi lại 2 triệu,action,SET_LIMIT
check tiền đã xài quý 1 năm nay đi,action,REPORT_COMPARE
set tone nghiêm túc,action,SET_TONE
undo giao dịch cuối,action,DELETE_LAST
thống kê chi tiêu tháng 12 năm ngoái,action,REPORT_GENERAL
check tiền đã xài hôm nay đi,action,REPORT_COMPARE
tư vấn hạn mức cho mình,action,SUGGEST
tìm giao dịch sức khỏe,action,SEARCH_RECORD
đặt hạn mức mua sắm 5 triệu,action,SET_LIMIT
mở cài đặt,action,SETTING
tìm giao dịch sức khỏe,action,SEARCH_RECORD
tư vấn hạn mức cho mình,action,SUGGEST_BUDGET
tắt chế độ tối,action,SETTING
đề xuất budget hợp lý đi,action,SUGGEST
xóa giao dịch vừa nhập,action,DELETE_LAST
search hóa đơn trên 500k,action,SEARCH_RECORD
bật dark mode,action,SETTING
thống kê chi tiêu hôm qua,action,REPORT_GENERAL
gợi ý ngân sách tháng sau,action,SUGGEST_BUDGET
đổi danh mục sang nhà ở,action,EDIT
check tiền đã xài chủ nhật đi,action,REPORT_GENERAL
set tone dễ thương,action,SET_TONE
set limit sức khỏe 1 triệu mỗi tháng,action,SET_LIMIT
xem report đi lại tuần trước,action,REPORT
tháng tới nên tiêu bao nhiêu,action,SUGGEST
alert hạn mức cho nhà ở,action,SET_ALERT
đổi danh mục sang mua sắm,action,EDIT
tắt thông báo chi tiêu,action,SET_ALERT
gợi ý ngân sách tháng sau,action,SUGGEST
tắt chế độ tối,action,SETTING
gợi ý ngân sách tháng sau,action,SUGGEST
cộng thêm 2 triệu vào hạn mức,action,SET_LIMIT
search hóa đơn trên 5 triệu,action,SEARCH_RECORD
alert hạn mức cho đi lại,action,SET_ALERT
thu nhập tháng này 10 triệu,action,SET_INCOME
save goal mua laptop 5 triệu,action,SET_GOAL
cho t xem báo cáo cuối tuần,action,REPORT_INCOME
check tiền đã xài tuần trước đi,action,REPORT_GENERAL
đổi giọng sang dặn dỗi,action,TONE
xóa record cuối giúp mình,action,DELETE
đổi danh mục sang đi lại,action,UPDATE_RECORD
tìm record tháng trước,action,SEARCH_RECORD
tìm giao dịch ăn uống,action,SEARCH
gợi ý ngân sách tháng sau,action,SUGGEST_BUDGET
đặt hạn mức sức khỏe 2 triệu,action,LIMIT
đổi giọng sang châm chọc,action,SET_TONE
lương của mình là 10 triệu,action,SET_INCOME
cho t xem báo cáo tuần trước,action,REPORT_GENERAL
đề xuất budget hợp lý đi,action,SUGGEST
check tiền đã xài hôm qua đi,action,REPORT
đổi tên thành Bin,action,SET_USERNAME
chỉnh lại ghi chú nha,action,EDIT
kiếm giúp khoản trà sữa,action,SEARCH_RECORD
search hóa đơn trên 50k,action,SEARCH_RECORD
gợi ý ngân sách tháng sau,action,SUGGEST
tư vấn hạn mức cho mình,action,SUGGEST
xóa record cuối giúp mình,action,DELETE_LAST
đặt hạn mức nhà ở 2 triệu,action,LIMIT
tháng tới nên tiêu bao nhiêu,action,SUGGEST
đổi danh mục sang giải trí,action,UPDATE_RECORD
tháng tới nên tiêu bao nhiêu,action,SUGGEST
search hóa đơn trên 200k,action,SEARCH
undo giao dịch cuối,action,DELETE_LAST
tư vấn hạn mức cho mình,action,SUGGEST_BUDGET
xem report nhà ở năm ngoái,action,REPORT_GENERAL
giảm limit còn 1 triệu,action,SET_LIMIT
thống kê chi tiêu hôm qua,action,REPORT_GENERAL
đổi danh mục sang nhà ở,action,UPDATE_RECORD
mỗi tháng mình kiếm 2 triệu,action,SET_INCOME
xem report mua sắm năm nay,action,REPORT_GENERAL
xóa giao dịch vừa nhập,action,DELETE_LAST
xem report sức khỏe tuần này,action,REPORT_GENERAL
search hóa đơn trên 10 triệu,action,SEARCH_RECORD
giảm limit còn 1 triệu,action,LIMIT
xem report nhà ở năm nay,action,REPORT_GENERAL
hủy hóa đơn mới nhất,action,DELETE_LAST
set tone dễ thương,action,TONE
kiếm giúp khoản trà sữa,action,SEARCH
đặt hạn mức nhà ở 2 triệu,action,LIMIT
tìm record tuần này,action,SEARCH
check tiền đã xài 23-12-2025 đi,action,REPORT_COMPARE
check tiền đã xài hôm qua đi,action,REPORT_INCOME
alert hạn mức cho giải trí,action,SET_ALERT
bật cảnh báo mua sắm,action,SET_ALERT
đặt hạn mức sức khỏe 200k,action,SET_LIMIT
xóa record cuối giúp mình,action,DELETE_LAST
bật cảnh báo sức khỏe,action,SET_ALERT
chuyển giao diện sáng,action,SETTING
đổi tên thành Khang,action,SET_USERNAME
kiếm giúp khoản trà sữa,action,SEARCH_RECORD
tư vấn hạn mức cho mình,action,SUGGEST
tắt chế độ tối,action,SYSTEM_SETTING
mục tiêu du lịch 5 triệu trước quý 1 năm nay,action,GOAL
cho t xem báo cáo 15-06-2026,action,REPORT
chỉnh lại ghi chú nha,action,EDIT
xem report ăn uống hôm qua,action,REPORT_GENERAL
cộng thêm 500k vào hạn mức,action,SET_LIMIT
xem report mua sắm năm ngoái,action,REPORT_GENERAL
set tone châm chọc,action,TONE
tìm giao dịch giáo dục,action,SEARCH
mục tiêu du lịch 50k trước quý 1 năm nay,action,GOAL
xóa record cuối giúp mình,action,DELETE_LAST
từ giờ gọi t là Min,action,SET_USERNAME
check tiền đã xài quý 1 năm nay đi,action,REPORT
check tiền đã xài tháng 12 năm ngoái đi,action,REPORT_GENERAL
bật cảnh báo mua sắm,action,SET_ALERT
tháng tới nên tiêu bao nhiêu,action,SUGGEST_BUDGET
undo giao dịch cuối,action,DELETE_LAST
nói chuyện dễ thương hơn đi,action,SET_TONE
xem report nhà ở thứ 2,action,REPORT_GENERAL
check tiền đã xài hôm qua đi,action,REPORT_GENERAL
cộng thêm 200k vào hạn mức,action,LIMIT
đổi danh mục sang ăn uống,action,EDIT
từ giờ gọi t là Khang,action,SET_USERNAME
gợi ý ngân sách tháng sau,action,SUGGEST_BUDGET
hủy hóa đơn mới nhất,action,DELETE
xem report giáo dục tháng này,action,REPORT_GENERAL
gợi ý ngân sách tháng sau,action,SUGGEST_BUDGET
xóa record cuối giúp mình,action,DELETE
sửa giao dịch cuối thành 10 triệu,action,EDIT
set tone dễ thương,action,TONE
bật dark mode,action,SYSTEM_SETTING
sửa giao dịch cuối thành 200k,action,UPDATE_RECORD
set limit giải trí 200k mỗi tháng,action,LIMIT
xóa record cuối giúp mình,action,DELETE_LAST
save goal mua laptop 1 triệu,action,GOAL
search hóa đơn trên 5 triệu,action,SEARCH_RECORD
xem report mua sắm tháng trước,action,REPORT_INCOME
nói chuyện dễ thương hơn đi,action,TONE
tìm record năm nay,action,SEARCH_RECORD
chỉnh lại ghi chú nha,action,UPDATE_RECORD
gợi ý ngân sách tháng sau,action,SUGGEST_BUDGET
từ giờ gọi t là Boss,action,SET_USERNAME
tắt chế độ tối,action,SETTING
check tiền đã xài tháng 12 năm ngoái đi,action,REPORT_INCOME
xóa giao dịch vừa nhập,action,DELETE
thu nhập tháng này 1 triệu,action,SET_INCOME
cho t xem báo cáo cuối tuần,action,REPORT_GENERAL
sửa giao dịch cuối thành 500k,action,UPDATE_RECORD
set limit giải trí 5 triệu mỗi tháng,action,LIMIT
đặt hạn mức sức khỏe 2 triệu,action,SET_LIMIT
xem report sức khỏe 7 ngày qua,action,REPORT_INCOME
bật cảnh báo nhà ở,action,SET_ALERT
tạo mục tiêu tiết kiệm 50k,action,SET_GOAL
đổi giọng sang dặn dỗi,action,SET_TONE
update record vừa nhập,action,EDIT
đổi giọng sang dễ thương,action,TONE
hủy hóa đơn mới nhất,action,DELETE_LAST
đổi giọng sang hài hước,action,SET_TONE
đổi giọng sang nghiêm túc,action,SET_TONE
update record vừa nhập,action,UPDATE_RECORD
search hóa đơn trên 200k,action,SEARCH_RECORD
bật cảnh báo nhà ở,action,SET_ALERT
check tiền đã xài hôm nay đi,action,REPORT_COMPARE
gọi mình là Bin nhé,action,SET_USERNAME
để dành 500k nha,action,SET_GOAL
mục tiêu du lịch 100k trước 23-12-2025,action,GOAL
thống kê chi tiêu tuần này,action,REPORT_INCOME
xem report mua sắm 15-06-2026,action,REPORT_GENERAL
để dành 1 triệu nha,action,SET_GOAL
đề xuất budget hợp lý đi,action,SUGGEST_BUDGET
tháng tới nên tiêu bao nhiêu,action,SUGGEST_BUDGET
nói chuyện dễ thương hơn đi,action,SET_TONE
search hóa đơn trên 1 triệu,action,SEARCH_RECORD
cộng thêm 50k vào hạn mức,action,LIMIT
đổi giọng sang dặn dỗi,action,SET_TONE
đổi danh mục sang mua sắm,action,EDIT
nhắc mình khi vượt ngân sách,action,SET_ALERT
check tiền đã xài chủ nhật đi,action,REPORT_GENERAL
đặt hạn mức giải trí 100k,action,SET_LIMIT
đổi danh mục sang đi lại,action,EDIT
xem report giải trí 30 ngày qua,action,REPORT
mục tiêu du lịch 5 triệu trước chủ nhật,action,GOAL
tìm record cuối tuần,action,SEARCH_RECORD
thống kê chi tiêu thứ 2,action,REPORT
thống kê chi tiêu thứ 6,action,REPORT_GENERAL
cho t xem báo cáo hôm nay,action,REPORT
giảm limit còn 50k,action,SET_LIMIT
mục tiêu du lịch 500k trước tháng này,action,GOAL
chuyển style nói chuyện nhé,action,SET_TONE
cho t xem báo cáo cuối tuần,action,REPORT_GENERAL
alert hạn mức cho giải trí,action,SET_ALERT
xem report đi lại thứ 3,action,REPORT
tạo mục tiêu tiết kiệm 5 triệu,action,SET_GOAL
bật dark mode,action,SYSTEM_SETTING
xem report giải trí tháng này,action,REPORT_GENERAL
tạo mục tiêu tiết kiệm 10 triệu,action,GOAL
để dành 2 triệu nha,action,GOAL
tháng tới nên tiêu bao nhiêu,action,SUGGEST
hủy hóa đơn mới nhất,action,DELETE_LAST
undo giao dịch cuối,action,DELETE
alert hạn mức cho ăn uống,action,SET_ALERT
tắt chế độ tối,action,SYSTEM_SETTING
hủy hóa đơn mới nhất,action,DELETE
set limit nhà ở 1 triệu mỗi tháng,action,LIMIT
chuyển style nói chuyện nhé,action,SET_TONE
thống kê chi tiêu tháng 12 năm ngoái,action,REPORT_INCOME
xem report mua sắm tháng trước,action,REPORT
xóa giao dịch vừa nhập,action,DELETE_LAST
bật dark mode,action,SYSTEM_SETTING
undo giao dịch cuối,action,DELETE
tắt thông báo chi tiêu,action,SET_ALERT
tháng tới nên tiêu bao nhiêu,action,SUGGEST_BUDGET
sửa giao dịch cuối thành 1 triệu,action,EDIT
nói chuyện nghiêm túc hơn đi,action,TONE
check tiền đã xài hôm qua đi,action,REPORT_GENERAL
check tiền đã xài năm nay đi,action,REPORT
mở cài đặt,action,SYSTEM_SETTING
update record vừa nhập,action,UPDATE_RECORD
đổi tên thành Mimo Master,action,SET_USERNAME
set income 200k,action,SET_INCOME
đặt hạn mức sức khỏe 2 triệu,action,LIMIT
thống kê chi tiêu 7 ngày qua,action,REPORT_GENERAL
chuyển giao diện sáng,action,SYSTEM_SETTING
nhắc mình khi vượt ngân sách,action,SET_ALERT
tạo mục tiêu tiết kiệm 2 triệu,action,SET_GOAL
thống kê chi tiêu tuần này,action,REPORT
xem report ăn uống năm ngoái,action,REPORT_INCOME
set limit đi lại 100k mỗi tháng,action,LIMIT
thống kê chi tiêu 30 ngày qua,action,REPORT
đổi danh mục sang ăn uống,action,UPDATE_RECORD
cộng thêm 10 triệu vào hạn mức,action,SET_LIMIT
gợi ý ngân sách tháng sau,action,SUGGEST
đổi tên thành Min,action,SET_USERNAME
nói chuyện hài hước hơn đi,action,TONE
set limit giáo dục 2 triệu mỗi tháng,action,SET_LIMIT
save goal mua laptop 1 triệu,action,SET_GOAL
tìm record tuần này,action,SEARCH
kiếm giúp khoản trà sữa,action,SEARCH
nhắc mình khi vượt ngân sách,action,SET_ALERT
đổi giọng sang nghiêm túc,action,SET_TONE
cộng thêm 50k vào hạn mức,action,LIMIT
mục tiêu du lịch 100k trước hôm qua,action,SET_GOAL
xóa giao dịch vừa nhập,action,DELETE
kiếm giúp khoản trà sữa,action,SEARCH
set limit ăn uống 500k mỗi tháng,action,LIMIT
xóa giao dịch vừa nhập,action,DELETE_LAST
mở cài đặt,action,SETTING
tháng tới nên tiêu bao nhiêu,action,SUGGEST
giảm limit còn 100k,action,LIMIT
đổi giọng sang dễ thương,action,TONE
thống kê chi tiêu thứ 2,action,REPORT
gợi ý ngân sách tháng sau,action,SUGGEST
hủy hóa đơn mới nhất,action,DELETE_LAST
set tone nghiêm túc,action,TONE
mỗi tháng mình kiếm 500k,action,SET_INCOME
cho t xem báo cáo 01-01-2026,action,REPORT_INCOME
chuyển giao diện sáng,action,SETTING
kiếm giúp khoản trà sữa,action,SEARCH
đề xuất budget hợp lý đi,action,SUGGEST
cộng thêm 500k vào hạn mức,action,LIMIT
đổi danh mục sang giải trí,action,UPDATE_RECORD
xóa record cuối giúp mình,action,DELETE_LAST
nói chuyện dễ thương hơn đi,action,SET_TONE
xem report giải trí tháng trước,action,REPORT_INCOME
để dành 2 triệu nha,action,SET_GOAL
đề xuất budget hợp lý đi,action,SUGGEST_BUDGET
thống kê chi tiêu hôm nay,action,REPORT_GENERAL
tư vấn hạn mức cho mình,action,SUGGEST
đổi giọng sang nghiêm túc,action,SET_TONE
tạo mục tiêu tiết kiệm 10 triệu,action,SET_GOAL
đề xuất budget hợp lý đi,action,SUGGEST_BUDGET
tạo mục tiêu tiết kiệm 200k,action,SET_GOAL
xóa record cuối giúp mình,action,DELETE_LAST
cộng thêm 200k vào hạn mức,action,LIMIT
xem report mua sắm thứ 6,action,REPORT
cho t xem báo cáo chủ nhật,action,REPORT
tháng tới nên tiêu bao nhiêu,action,SUGGEST_BUDGET
xem report đi lại 23-12-2025,action,REPORT
search hóa đơn trên 2 triệu,action,SEARCH
đặt hạn mức ăn uống 10 triệu,action,LIMIT
search hóa đơn trên 500k,action,SEARCH_RECORD
chuyển style nói chuyện nhé,action,TONE
update record vừa nhập,action,UPDATE_RECORD
mục tiêu du lịch 5 triệu trước thứ 2,action,SET_GOAL
gợi ý ngân sách tháng sau,action,SUGGEST_BUDGET
cộng thêm 100k vào hạn mức,action,LIMIT
hủy hóa đơn mới nhất,action,DELETE_LAST
mở cài đặt,action,SETTING
bật cảnh báo giáo dục,action,SET_ALERT
nói chuyện nghiêm túc hơn đi,action,TONE
tháng tới nên tiêu bao nhiêu,action,SUGGEST_BUDGET
để dành 2 triệu nha,action,GOAL
gợi ý ngân sách tháng sau,action,SUGGEST_BUDGET
cộng thêm 2 triệu vào hạn mức,action,LIMIT
tìm record quý 1 năm nay,action,SEARCH_RECORD
bật cảnh báo đi lại,action,SET_ALERT
set limit đi lại 100k mỗi tháng,action,SET_LIMIT
đổi danh mục sang mua sắm,action,UPDATE_RECORD
cho t xem báo cáo tuần này,action,REPORT
nói chuyện châm chọc hơn đi,action,TONE
xóa record cuối giúp mình,action,DELETE
set limit mua sắm 500k mỗi tháng,action,SET_LIMIT
để dành 200k nha,action,SET_GOAL
gọi mình là Bin nhé,action,SET_USERNAME
đổi danh mục sang ăn uống,action,UPDATE_RECORD
cho t xem báo cáo cuối tuần,action,REPORT_GENERAL
sửa giao dịch cuối thành 10 triệu,action,EDIT
xóa record cuối giúp mình,action,DELETE_LAST
tìm record 15-06-2026,action,SEARCH_RECORD
tạo mục tiêu tiết kiệm 100k,action,GOAL
search hóa đơn trên 200k,action,SEARCH
xóa giao dịch vừa nhập,action,DELETE
kiếm giúp khoản trà sữa,action,SEARCH_RECORD
undo giao dịch cuối,action,DELETE
tạo mục tiêu tiết kiệm 1 triệu,action,GOAL
tháng tới nên tiêu bao nhiêu,action,SUGGEST
sửa giao dịch cuối thành 1 triệu,action,EDIT
gợi ý ngân sách tháng sau,action,SUGGEST_BUDGET
xóa giao dịch vừa nhập,action,DELETE
sửa giao dịch cuối thành 1 triệu,action,UPDATE_RECORD
gọi mình là Boss nhé,action,SET_USERNAME
save goal mua laptop 1 triệu,action,SET_GOAL
check tiền đã xài cuối tuần đi,action,REPORT_GENERAL
xem report sức khỏe tháng 12 năm ngoái,action,REPORT_COMPARE
chuyển giao diện sáng,action,SYSTEM_SETTING
đặt hạn mức nhà ở 5 triệu,action,LIMIT
nói chuyện nghiêm túc hơn đi,action,TONE
bật dark mode,action,SETTING
đổi danh mục sang ăn uống,action,UPDATE_RECORD
tìm giao dịch nhà ở,action,SEARCH_RECORD
save goal mua laptop 2 triệu,action,GOAL
hủy hóa đơn mới nhất,action,DELETE
tìm giao dịch sức khỏe,action,SEARCH
mở cài đặt,action,SETTING
thống kê chi tiêu 30 ngày qua,action,REPORT_GENERAL
update record vừa nhập,action,UPDATE_RECORD
check tiền đã xài thứ 6 đi,action,REPORT_GENERAL
check tiền đã xài tuần này đi,action,REPORT_GENERAL
thu nhập tháng này 1 triệu,action,SET_INCOME
đề xuất budget hợp lý đi,action,SUGGEST
search hóa đơn trên 100k,action,SEARCH_RECORD
set income 10 triệu,action,SET_INCOME
chỉnh lại ghi chú nha,action,UPDATE_RECORD
set nickname Bin,action,SET_USERNAME
sửa giao dịch cuối thành 50k,action,UPDATE_RECORD
đổi danh mục sang nhà ở,action,EDIT
xem report đi lại năm nay,action,REPORT_GENERAL
chuyển style nói chuyện nhé,action,SET_TONE
save goal mua laptop 5 triệu,action,GOAL
đề xuất budget hợp lý đi,action,SUGGEST
chuyển style nói chuyện nhé,action,TONE
cho t xem báo cáo 30 ngày qua,action,REPORT_INCOME
tắt chế độ tối,action,SYSTEM_SETTING
set nickname Boss,action,SET_USERNAME
tắt chế độ tối,action,SETTING
xem report ăn uống chủ nhật,action,REPORT
chuyển giao diện sáng,action,SYSTEM_SETTING
save goal mua laptop 10 triệu,action,SET_GOAL
sửa giao dịch cuối thành 500k,action,EDIT
thu nhập tháng này 500k,action,SET_INCOME
update record vừa nhập,action,EDIT
để dành 2 triệu nha,action,SET_GOAL
sửa giao dịch cuối thành 200k,action,UPDATE_RECORD
tắt thông báo chi tiêu,action,SET_ALERT
đổi giọng sang dặn dỗi,action,SET_TONE
thống kê chi tiêu tuần trước,action,REPORT
xóa giao dịch vừa nhập,action,DELETE
xem report nhà ở thứ 2,action,REPORT_INCOME
đổi giọng sang hài hước,action,SET_TONE
chuyển giao diện sáng,action,SETTING
check tiền đã xài thứ 3 đi,action,REPORT_GENERAL
save goal mua laptop 200k,action,GOAL
set tone châm chọc,action,SET_TONE
để dành 2 triệu nha,action,SET_GOAL
chuyển style nói chuyện nhé,action,TONE
tháng tới nên tiêu bao nhiêu,action,SUGGEST_BUDGET
tắt chế độ tối,action,SYSTEM_SETTING
check tiền đã xài 15-06-2026 đi,action,REPORT_GENERAL
set nickname Mimo Master,action,SET_USERNAME
check tiền đã xài tuần trước đi,action,REPORT_INCOME
đề xuất budget hợp lý đi,action,SUGGEST
lương của mình là 1 triệu,action,SET_INCOME
chuyển style nói chuyện nhé,action,SET_TONE
xóa record cuối giúp mình,action,DELETE
save goal mua laptop 5 triệu,action,SET_GOAL
đặt hạn mức giải trí 10 triệu,action,LIMIT
chỉnh lại ghi chú nha,action,UPDATE_RECORD
xem report sức khỏe thứ 3,action,REPORT
alert hạn mức cho mua sắm,action,SET_ALERT
bật dark mode,action,SYSTEM_SETTING
đổi tên thành Anh Khang,action,SET_USERNAME
tắt chế độ tối,action,SETTING
cho t xem báo cáo tuần trước,action,REPORT
set tone nghiêm túc,action,SET_TONE
sửa giao dịch cuối thành 10 triệu,action,EDIT
chỉnh lại ghi chú nha,action,UPDATE_RECORD
sửa giao dịch cuối thành 200k,action,UPDATE_RECORD
mỗi tháng mình kiếm 1 triệu,action,SET_INCOME
update record vừa nhập,action,UPDATE_RECORD
tắt thông báo chi tiêu,action,SET_ALERT
xem report ăn uống 7 ngày qua,action,REPORT_GENERAL
chuyển style nói chuyện nhé,action,SET_TONE
xem report mua sắm tháng trước,action,REPORT_COMPARE
tư vấn hạn mức cho mình,action,SUGGEST_BUDGET
chuyển giao diện sáng,action,SYSTEM_SETTING
tìm record năm ngoái,action,SEARCH
đổi tên thành Anh Khang,action,SET_USERNAME
undo giao dịch cuối,action,DELETE
kiếm giúp khoản trà sữa,action,SEARCH_RECORD
từ giờ gọi t là Mimo Master,action,SET_USERNAME
đặt hạn mức giáo dục 100k,action,LIMIT
cho t xem báo cáo chủ nhật,action,REPORT_INCOME
xem report nhà ở 30 ngày qua,action,REPORT_COMPARE
tìm record quý 1 năm nay,action,SEARCH_RECORD
xem report sức khỏe 23-12-2025,action,REPORT_COMPARE
set tone châm chọc,action,TONE
undo giao dịch cuối,action,DELETE
check tiền đã xài tháng này đi,action,REPORT_INCOME
nói chuyện hài hước hơn đi,action,TONE
bật dark mode,action,SYSTEM_SETTING
search hóa đơn trên 100k,action,SEARCH_RECORD
tư vấn hạn mức cho mình,action,SUGGEST
tháng tới nên tiêu bao nhiêu,action,SUGGEST
xem report giáo dục hôm qua,action,REPORT_GENERAL
cho t xem báo cáo 30 ngày qua,action,REPORT_GENERAL
undo giao dịch cuối,action,DELETE_LAST
tư vấn hạn mức cho mình,action,SUGGEST_BUDGET
cho t xem báo cáo tháng này,action,REPORT_INCOME
check tiền đã xài tuần trước đi,action,REPORT
xem report giáo dục tuần này,action,REPORT
tìm giao dịch sức khỏe,action,SEARCH_RECORD
alert hạn mức cho nhà ở,action,SET_ALERT
đổi giọng sang hài hước,action,SET_TONE
nhắc mình khi vượt ngân sách,action,SET_ALERT
alert hạn mức cho ăn uống,action,SET_ALERT
save goal mua laptop 500k,action,GOAL
xem report ăn uống tháng trước,action,REPORT
bật dark mode,action,SYSTEM_SETTING
kiếm giúp khoản trà sữa,action,SEARCH
mỗi tháng mình kiếm 5 triệu,action,SET_INCOME
bật cảnh báo đi lại,action,SET_ALERT
search hóa đơn trên 50k,action,SEARCH
bật dark mode,action,SETTING
save goal mua laptop 5 triệu,action,GOAL
tìm record hôm qua,action,SEARCH_RECORD
sửa giao dịch cuối thành 1 triệu,action,EDIT
xóa giao dịch vừa nhập,action,DELETE_LAST
tư vấn hạn mức cho mình,action,SUGGEST_BUDGET
hủy hóa đơn mới nhất,action,DELETE
xem report giải trí năm ngoái,action,REPORT_COMPARE
tắt thông báo chi tiêu,action,SET_ALERT
chuyển style nói chuyện nhé,action,TONE
xóa record cuối giúp mình,action,DELETE_LAST
search hóa đơn trên 100k,action,SEARCH_RECORD
từ giờ gọi t là Boss,action,SET_USERNAME
bật dark mode,action,SETTING
xem report giáo dục chủ nhật,action,REPORT
xem report sức khỏe 7 ngày qua,action,REPORT_GENERAL
mục tiêu du lịch 1 triệu trước thứ 2,action,SET_GOAL
thống kê chi tiêu 23-12-2025,action,REPORT_GENERAL
nhắc mình khi vượt ngân sách,action,SET_ALERT
tắt chế độ tối,action,SETTING
từ giờ gọi t là Khang,action,SET_USERNAME
để dành 1 triệu nha,action,SET_GOAL
nhắc mình khi vượt ngân sách,action,SET_ALERT
gợi ý ngân sách tháng sau,action,SUGGEST
tắt chế độ tối,action,SYSTEM_SETTING
set nickname Anh Khang,action,SET_USERNAME
set tone nghiêm túc,action,SET_TONE
đặt hạn mức nhà ở 50k,action,LIMIT
tháng tới nên tiêu bao nhiêu,action,SUGGEST_BUDGET
tạo mục tiêu tiết kiệm 100k,action,GOAL
check tiền đã xài tháng 12 năm ngoái đi,action,REPORT_INCOME
chuyển style nói chuyện nhé,action,TONE
save goal mua laptop 500k,action,SET_GOAL
chỉnh lại ghi chú nha,action,UPDATE_RECORD
xóa giao dịch vừa nhập,action,DELETE_LAST
nói chuyện hài hước hơn đi,action,TONE
cho t xem báo cáo tuần trước,action,REPORT_INCOME
set income 200k,action,SET_INCOME
chuyển style nói chuyện nhé,action,SET_TONE
update record vừa nhập,action,EDIT
tạo mục tiêu tiết kiệm 100k,action,SET_GOAL
tháng tới nên tiêu bao nhiêu,action,SUGGEST
đặt hạn mức giáo dục 100k,action,SET_LIMIT
bật dark mode,action,SETTING
cho t xem báo cáo hôm nay,action,REPORT_GENERAL
nói chuyện nghiêm túc hơn đi,action,SET_TONE
check tiền đã xài hôm qua đi,action,REPORT_GENERAL
thu nhập tháng này 5 triệu,action,SET_INCOME
đề xuất budget hợp lý đi,action,SUGGEST
undo giao dịch cuối,action,DELETE_LAST
hủy hóa đơn mới nhất,action,DELETE_LAST
chỉnh lại ghi chú nha,action,EDIT
để dành 500k nha,action,GOAL
tắt chế độ tối,action,SYSTEM_SETTING
undo giao dịch cuối,action,DELETE
kiếm giúp khoản trà sữa,action,SEARCH_RECORD
đổi giọng sang dặn dỗi,action,TONE
update record vừa nhập,action,UPDATE_RECORD
xóa record cuối giúp mình,action,DELETE
mục tiêu du lịch 200k trước thứ 2,action,GOAL
cho t xem báo cáo 23-12-2025,action,REPORT
thống kê chi tiêu 01-01-2026,action,REPORT_GENERAL
mục tiêu du lịch 1 triệu trước tháng 12 năm ngoái,action,SET_GOAL
undo giao dịch cuối,action,DELETE
thống kê chi tiêu tuần trước,action,REPORT
tạo mục tiêu tiết kiệm 10 triệu,action,GOAL
nhắc mình khi vượt ngân sách,action,SET_ALERT
tạo mục tiêu tiết kiệm 50k,action,GOAL
xem report giải trí quý 1 năm nay,action,REPORT
undo giao dịch cuối,action,DELETE_LAST
tìm giao dịch giáo dục,action,SEARCH_RECORD
cộng thêm 5 triệu vào hạn mức,action,LIMIT
kiếm giúp khoản trà sữa,action,SEARCH
đề xuất budget hợp lý đi,action,SUGGEST_BUDGET
save goal mua laptop 50k,action,SET_GOAL
đổi danh mục sang sức khỏe,action,UPDATE_RECORD
hủy hóa đơn mới nhất,action,DELETE_LAST
xem report giáo dục tuần trước,action,REPORT_INCOME
set income 100k,action,SET_INCOME
chỉnh lại ghi chú nha,action,EDIT
để dành 10 triệu nha,action,SET_GOAL
xóa record cuối giúp mình,action,DELETE
cộng thêm 100k vào hạn mức,action,LIMIT
tháng tới nên tiêu bao nhiêu,action,SUGGEST_BUDGET
undo giao dịch cuối,action,DELETE_LAST
tìm record tuần trước,action,SEARCH_RECORD
undo giao dịch cuối,action,DELETE
thống kê chi tiêu hôm nay,action,REPORT_INCOME
thống kê chi tiêu 7 ngày qua,action,REPORT
check tiền đã xài thứ 3 đi,action,REPORT_COMPARE
chuyển giao diện sáng,action,SETTING
cho t xem báo cáo năm ngoái,action,REPORT_COMPARE
set nickname Khang,action,SET_USERNAME
nhắc mình khi vượt ngân sách,action,SET_ALERT
check tiền đã xài 7 ngày qua đi,action,REPORT_GENERAL
xem report sức khỏe năm nay,action,REPORT_GENERAL
save goal mua laptop 50k,action,SET_GOAL
gợi ý ngân sách tháng sau,action,SUGGEST
xem report giáo dục thứ 6,action,REPORT_COMPARE
bật dark mode,action,SYSTEM_SETTING
nói chuyện dễ thương hơn đi,action,TONE
undo giao dịch cuối,action,DELETE_LAST
save goal mua laptop 10 triệu,action,SET_GOAL
mục tiêu du lịch 50k trước thứ 6,action,SET_GOAL
set limit giải trí 10 triệu mỗi tháng,action,LIMIT
đổi giọng sang dặn dỗi,action,SET_TONE
đề xuất budget hợp lý đi,action,SUGGEST_BUDGET
search hóa đơn trên 100k,action,SEARCH_RECORD
hủy hóa đơn mới nhất,action,DELETE
tắt chế độ tối,action,SETTING
mỗi tháng mình kiếm 2 triệu,action,SET_INCOME
kiếm giúp khoản trà sữa,action,SEARCH_RECORD
xóa giao dịch vừa nhập,action,DELETE
tắt thông báo chi tiêu,action,SET_ALERT
kiếm giúp khoản trà sữa,action,SEARCH_RECORD
tháng tới nên tiêu bao nhiêu,action,SUGGEST
xóa giao dịch vừa nhập,action,DELETE_LAST
thống kê chi tiêu quý 1 năm nay,action,REPORT_COMPARE
xem report sức khỏe 30 ngày qua,action,REPORT_GENERAL
xem report ăn uống 15-06-2026,action,REPORT_INCOME
chuyển giao diện sáng,action,SYSTEM_SETTING
đặt hạn mức ăn uống 200k,action,LIMIT
save goal mua laptop 2 triệu,action,GOAL
thống kê chi tiêu năm ngoái,action,REPORT
cho t xem báo cáo tuần trước,action,REPORT_GENERAL
alert hạn mức cho ăn uống,action,SET_ALERT
search hóa đơn trên 10 triệu,action,SEARCH
xem report ăn uống quý 1 năm nay,action,REPORT_GENERAL
thống kê chi tiêu năm ngoái,action,REPORT_INCOME
đặt hạn mức giải trí 10 triệu,action,SET_LIMIT
tháng tới nên tiêu bao nhiêu,action,SUGGEST_BUDGET
lương của mình là 50k,action,SET_INCOME
undo giao dịch cuối,action,DELETE
bật dark mode,action,SYSTEM_SETTING
set limit nhà ở 200k mỗi tháng,action,SET_LIMIT
set tone châm chọc,action,TONE
check tiền đã xài 01-01-2026 đi,action,REPORT_GENERAL
từ giờ gọi t là Khang,action,SET_USERNAME
mỗi tháng mình kiếm 500k,action,SET_INCOME
đổi danh mục sang giáo dục,action,UPDATE_RECORD
check tiền đã xài thứ 6 đi,action,REPORT_GENERAL
mở cài đặt,action,SETTING
tư vấn hạn mức cho mình,action,SUGGEST
xem report ăn uống hôm nay,action,REPORT
mở cài đặt,action,SYSTEM_SETTING
cho t xem báo cáo tuần này,action,REPORT_GENERAL
save goal mua laptop 5 triệu,action,GOAL
đổi danh mục sang sức khỏe,action,EDIT
mở cài đặt,action,SYSTEM_SETTING
đổi danh mục sang đi lại,action,EDIT
thống kê chi tiêu tháng này,action,REPORT_GENERAL
chỉnh lại ghi chú nha,action,UPDATE_RECORD
gợi ý ngân sách tháng sau,action,SUGGEST_BUDGET
xem report đi lại tuần trước,action,REPORT
bật dark mode,action,SETTING
chỉnh lại ghi chú nha,action,UPDATE_RECORD
mục tiêu du lịch 200k trước thứ 2,action,GOAL
check tiền đã xài thứ 3 đi,action,REPORT_GENERAL
tắt chế độ tối,action,SYSTEM_SETTING
tháng tới nên tiêu bao nhiêu,action,SUGGEST_BUDGET
gọi mình là Bin nhé,action,SET_USERNAME
save goal mua laptop 10 triệu,action,GOAL
đổi giọng sang hài hước,action,SET_TONE
set tone hài hước,action,SET_TONE
set limit giải trí 500k mỗi tháng,action,LIMIT
tư vấn hạn mức cho mình,action,SUGGEST
để dành 50k nha,action,SET_GOAL
set tone châm chọc,action,TONE
đổi danh mục sang đi lại,action,EDIT
hủy hóa đơn mới nhất,action,DELETE_LAST
xem report ăn uống tháng 12 năm ngoái,action,REPORT_GENERAL
thống kê chi tiêu tháng 12 năm ngoái,action,REPORT_GENERAL
chuyển style nói chuyện nhé,action,SET_TONE
tìm giao dịch giải trí,action,SEARCH_RECORD
check tiền đã xài tháng 12 năm ngoái đi,action,REPORT_COMPARE
thống kê chi tiêu 01-01-2026,action,REPORT_GENERAL
chuyển giao diện sáng,action,SETTING
tháng tới nên tiêu bao nhiêu,action,SUGGEST
tắt chế độ tối,action,SETTING
gợi ý ngân sách tháng sau,action,SUGGEST_BUDGET
sửa giao dịch cuối thành 10 triệu,action,UPDATE_RECORD
cho t xem báo cáo chủ nhật,action,REPORT
thống kê chi tiêu chủ nhật,action,REPORT_INCOME
tắt chế độ tối,action,SYSTEM_SETTING
nhắc mình khi vượt ngân sách,action,SET_ALERT
bật dark mode,action,SYSTEM_SETTING
tìm giao dịch giáo dục,action,SEARCH_RECORD
set limit đi lại 100k mỗi tháng,action,LIMIT
search hóa đơn trên 100k,action,SEARCH_RECORD
đổi danh mục sang giải trí,action,UPDATE_RECORD
giảm limit còn 5 triệu,action,SET_LIMIT
đổi danh mục sang đi lại,action,EDIT
xóa record cuối giúp mình,action,DELETE_LAST
gọi mình là Boss nhé,action,SET_USERNAME
thu nhập tháng này 5 triệu,action,SET_INCOME
set tone nghiêm túc,action,TONE
gợi ý ngân sách tháng sau,action,SUGGEST
đổi tên thành Boss,action,SET_USERNAME
bật dark mode,action,SETTING
tạo mục tiêu tiết kiệm 100k,action,SET_GOAL
thống kê chi tiêu thứ 2,action,REPORT_GENERAL
set limit giải trí 50k mỗi tháng,action,SET_LIMIT
set tone dặn dỗi,action,SET_TONE
đổi danh mục sang nhà ở,action,UPDATE_RECORD
lương của mình là 500k,action,SET_INCOME
tắt thông báo chi tiêu,action,SET_ALERT
đề xuất budget hợp lý đi,action,SUGGEST
từ giờ gọi t là Mimo Master,action,SET_USERNAME
thu nhập tháng này 5 triệu,action,SET_INCOME
tìm record tuần này,action,SEARCH_RECORD
tìm giao dịch giải trí,action,SEARCH_RECORD
đổi danh mục sang giáo dục,action,EDIT
xem report giải trí 15-06-2026,action,REPORT_INCOME
cộng thêm 50k vào hạn mức,action,SET_LIMIT
đổi tên thành Khang,action,SET_USERNAME
tạo mục tiêu tiết kiệm 2 triệu,action,SET_GOAL
set nickname Khang,action,SET_USERNAME
để dành 5 triệu nha,action,GOAL
set income 200k,action,SET_INCOME
để dành 2 triệu nha,action,SET_GOAL
save goal mua laptop 200k,action,SET_GOAL
chuyển giao diện sáng,action,SYSTEM_SETTING
set limit nhà ở 500k mỗi tháng,action,LIMIT
bật dark mode,action,SETTING
nói chuyện dễ thương hơn đi,action,SET_TONE
hủy hóa đơn mới nhất,action,DELETE_LAST
đề xuất budget hợp lý đi,action,SUGGEST
gợi ý ngân sách tháng sau,action,SUGGEST_BUDGET
chuyển style nói chuyện nhé,action,SET_TONE
tháng tới nên tiêu bao nhiêu,action,SUGGEST
từ giờ gọi t là Anh Khang,action,SET_USERNAME
set tone nghiêm túc,action,SET_TONE
set income 500k,action,SET_INCOME
set limit giáo dục 50k mỗi tháng,action,LIMIT
đổi giọng sang dặn dỗi,action,TONE
tư vấn hạn mức cho mình,action,SUGGEST_BUDGET
check tiền đã xài tuần trước đi,action,REPORT_INCOME
thu nhập tháng này 100k,action,SET_INCOME
kiếm giúp khoản trà sữa,action,SEARCH
cho t xem báo cáo hôm nay,action,REPORT_GENERAL
gợi ý ngân sách tháng sau,action,SUGGEST_BUDGET
mục tiêu du lịch 2 triệu trước 15-06-2026,action,GOAL
lương của mình là 200k,action,SET_INCOME
chuyển giao diện sáng,action,SETTING
check tiền đã xài thứ 3 đi,action,REPORT_INCOME
thống kê chi tiêu chủ nhật,action,REPORT
nhắc mình khi vượt ngân sách,action,SET_ALERT
xóa record cuối giúp mình,action,DELETE
chuyển style nói chuyện nhé,action,TONE
tắt thông báo chi tiêu,action,SET_ALERT
cộng thêm 2 triệu vào hạn mức,action,SET_LIMIT
chỉnh lại ghi chú nha,action,UPDATE_RECORD
kiếm giúp khoản trà sữa,action,SEARCH_RECORD
đặt hạn mức ăn uống 200k,action,SET_LIMIT
để dành 1 triệu nha,action,SET_GOAL
chỉnh lại ghi chú nha,action,UPDATE_RECORD
cho t xem báo cáo thứ 2,action,REPORT_INCOME
check tiền đã xài hôm qua đi,action,REPORT_INCOME
xóa record cuối giúp mình,action,DELETE
xóa record cuối giúp mình,action,DELETE
chuyển giao diện sáng,action,SETTING
tháng tới nên tiêu bao nhiêu,action,SUGGEST
thu nhập tháng này 200k,action,SET_INCOME
đổi danh mục sang đi lại,action,UPDATE_RECORD
thống kê chi tiêu tháng trước,action,REPORT
thống kê chi tiêu tuần trước,action,REPORT_COMPARE
thống kê chi tiêu tuần trước,action,REPORT_COMPARE
check tiền đã xài 15-06-2026 đi,action,REPORT
thống kê chi tiêu tháng 12 năm ngoái,action,REPORT_GENERAL
cho t xem báo cáo năm nay,action,REPORT_GENERAL
thống kê chi tiêu thứ 3,action,REPORT_GENERAL
chuyển style nói chuyện nhé,action,TONE
để dành 1 triệu nha,action,SET_GOAL
check tiền đã xài tuần này đi,action,REPORT_GENERAL
save goal mua laptop 100k,action,GOAL
set limit ăn uống 2 triệu mỗi tháng,action,SET_LIMIT
tư vấn hạn mức cho mình,action,SUGGEST
đổi giọng sang dặn dỗi,action,TONE
giảm limit còn 5 triệu,action,LIMIT
bật dark mode,action,SYSTEM_SETTING
thống kê chi tiêu 15-06-2026,action,REPORT_INCOME
set nickname Boss,action,SET_USERNAME
xem report nhà ở thứ 3,action,REPORT_INCOME
xem report nhà ở năm nay,action,REPORT_GENERAL
tạo mục tiêu tiết kiệm 2 triệu,action,GOAL
xem report giải trí hôm nay,action,REPORT
mỗi tháng mình kiếm 500k,action,SET_INCOME
set tone hài hước,action,SET_TONE
đổi giọng sang châm chọc,action,TONE
tháng tới nên tiêu bao nhiêu,action,SUGGEST_BUDGET
cho t xem báo cáo thứ 6,action,REPORT_INCOME
set tone châm chọc,action,SET_TONE
xem report giải trí hôm qua,action,REPORT_GENERAL
tạo mục tiêu tiết kiệm 200k,action,SET_GOAL
check tiền đã xài 30 ngày qua đi,action,REPORT_COMPARE
chuyển style nói chuyện nhé,action,TONE
bật dark mode,action,SETTING
xem report nhà ở tuần trước,action,REPORT_GENERAL
đổi giọng sang hài hước,action,TONE
mở cài đặt,action,SETTING
đổi giọng sang nghiêm túc,action,SET_TONE
chuyển giao diện sáng,action,SYSTEM_SETTING
đổi danh mục sang đi lại,action,UPDATE_RECORD
tắt chế độ tối,action,SYSTEM_SETTING
tạo mục tiêu tiết kiệm 1 triệu,action,SET_GOAL
sửa giao dịch cuối thành 200k,action,UPDATE_RECORD
xóa giao dịch vừa nhập,action,DELETE_LAST
search hóa đơn trên 50k,action,SEARCH
mỗi tháng mình kiếm 100k,action,SET_INCOME
set limit mua sắm 100k mỗi tháng,action,SET_LIMIT
mở cài đặt,action,SETTING
để dành 10 triệu nha,action,GOAL
thống kê chi tiêu 7 ngày qua,action,REPORT
thống kê chi tiêu 7 ngày qua,action,REPORT_GENERAL
save goal mua laptop 1 triệu,action,GOAL
xem report ăn uống tuần này,action,REPORT_COMPARE
hủy hóa đơn mới nhất,action,DELETE_LAST
xem report giáo dục cuối tuần,action,REPORT_GENERAL
gợi ý ngân sách tháng sau,action,SUGGEST_BUDGET
xóa giao dịch vừa nhập,action,DELETE
chuyển style nói chuyện nhé,action,TONE
search hóa đơn trên 50k,action,SEARCH_RECORD
đổi giọng sang dặn dỗi,action,SET_TONE
xem report mua sắm thứ 3,action,REPORT_GENERAL
mỗi tháng mình kiếm 5 triệu,action,SET_INCOME
tư vấn hạn mức cho mình,action,SUGGEST_BUDGET
đổi tên thành Khang,action,SET_USERNAME
giảm limit còn 500k,action,LIMIT
check tiền đã xài thứ 2 đi,action,REPORT_COMPARE
cộng thêm 10 triệu vào hạn mức,action,SET_LIMIT
xóa record cuối giúp mình,action,DELETE
check tiền đã xài quý 1 năm nay đi,action,REPORT
đổi giọng sang dễ thương,action,TONE
thống kê chi tiêu thứ 2,action,REPORT_COMPARE
bật cảnh báo nhà ở,action,SET_ALERT
xem report sức khỏe tháng 12 năm ngoái,action,REPORT
đổi danh mục sang giải trí,action,UPDATE_RECORD
chỉnh lại ghi chú nha,action,UPDATE_RECORD
kiếm giúp khoản trà sữa,action,SEARCH
nói chuyện dễ thương hơn đi,action,TONE
để dành 50k nha,action,SET_GOAL
đề xuất budget hợp lý đi,action,SUGGEST_BUDGET
set income 2 triệu,action,SET_INCOME
check tiền đã xài tuần này đi,action,REPORT_GENERAL
kiếm giúp khoản trà sữa,action,SEARCH_RECORD
gợi ý ngân sách tháng sau,action,SUGGEST
cộng thêm 50k vào hạn mức,action,SET_LIMIT
chỉnh lại ghi chú nha,action,EDIT
bật dark mode,action,SETTING
hủy hóa đơn mới nhất,action,DELETE
để dành 2 triệu nha,action,SET_GOAL
tắt chế độ tối,action,SYSTEM_SETTING
tư vấn hạn mức cho mình,action,SUGGEST
tư vấn hạn mức cho mình,action,SUGGEST_BUDGET
bật dark mode,action,SYSTEM_SETTING
xem report giáo dục 30 ngày qua,action,REPORT_GENERAL
cho t xem báo cáo tháng trước,action,REPORT_INCOME
xóa record cuối giúp mình,action,DELETE
set limit nhà ở 2 triệu mỗi tháng,action,LIMIT
cộng thêm 2 triệu vào hạn mức,action,LIMIT
cho t xem báo cáo cuối tuần,action,REPORT_INCOME
undo giao dịch cuối,action,DELETE
chỉnh lại ghi chú nha,action,EDIT
đổi giọng sang hài hước,action,TONE
nhắc mình khi vượt ngân sách,action,SET_ALERT
đổi giọng sang châm chọc,action,SET_TONE
thống kê chi tiêu 23-12-2025,action,REPORT
check tiền đã xài 15-06-2026 đi,action,REPORT_GENERAL
check tiền đã xài 23-12-2025 đi,action,REPORT_INCOME
chỉnh lại ghi chú nha,action,EDIT
cho t xem báo cáo tuần trước,action,REPORT_INCOME
đổi danh mục sang giáo dục,action,UPDATE_RECORD
tìm record tuần trước,action,SEARCH_RECORD
thống kê chi tiêu tuần này,action,REPORT_GENERAL
hủy hóa đơn mới nhất,action,DELETE
đặt hạn mức ăn uống 100k,action,SET_LIMIT
thu nhập tháng này 10 triệu,action,SET_INCOME
mở cài đặt,action,SYSTEM_SETTING
từ giờ gọi t là Mimo Master,action,SET_USERNAME
để dành 2 triệu nha,action,SET_GOAL
xóa giao dịch vừa nhập,action,DELETE_LAST
xem report sức khỏe 23-12-2025,action,REPORT_GENERAL
gọi mình là Bin nhé,action,SET_USERNAME
thu nhập tháng này 500k,action,SET_INCOME
nói chuyện nghiêm túc hơn đi,action,TONE
set limit sức khỏe 500k mỗi tháng,action,SET_LIMIT
set limit giáo dục 200k mỗi tháng,action,LIMIT
tắt thông báo chi tiêu,action,SET_ALERT
thống kê chi tiêu tháng này,action,REPORT
lương của mình là 200k,action,SET_INCOME
alert hạn mức cho sức khỏe,action,SET_ALERT
mở cài đặt,action,SETTING
tạo mục tiêu tiết kiệm 500k,action,GOAL
tháng tới nên tiêu bao nhiêu,action,SUGGEST_BUDGET
save goal mua laptop 5 triệu,action,SET_GOAL
tìm giao dịch sức khỏe,action,SEARCH_RECORD
đổi tên thành Min,action,SET_USERNAME
nói chuyện nghiêm túc hơn đi,action,SET_TONE
tìm record 7 ngày qua,action,SEARCH_RECORD
xóa giao dịch vừa nhập,action,DELETE_LAST
bật dark mode,action,SYSTEM_SETTING
nói chuyện nghiêm túc hơn đi,action,TONE
mở cài đặt,action,SYSTEM_SETTING
tạo mục tiêu tiết kiệm 500k,action,GOAL
kiếm giúp khoản trà sữa,action,SEARCH_RECORD
set limit nhà ở 10 triệu mỗi tháng,action,LIMIT
mở cài đặt,action,SYSTEM_SETTING
set nickname Bin,action,SET_USERNAME
update record vừa nhập,action,EDIT
tìm giao dịch ăn uống,action,SEARCH
chuyển style nói chuyện nhé,action,TONE
mở cài đặt,action,SYSTEM_SETTING
tư vấn hạn mức cho mình,action,SUGGEST_BUDGET
chuyển style nói chuyện nhé,action,SET_TONE
set income 100k,action,SET_INCOME
chỉnh lại ghi chú nha,action,EDIT
bật dark mode,action,SYSTEM_SETTING
xem report đi lại 30 ngày qua,action,REPORT_GENERAL
set nickname Khang,action,SET_USERNAME
cho t xem báo cáo chủ nhật,action,REPORT_INCOME
mở cài đặt,action,SETTING
xem report giải trí 15-06-2026,action,REPORT
mục tiêu du lịch 1 triệu trước thứ 3,action,SET_GOAL
thống kê chi tiêu tháng trước,action,REPORT_GENERAL
xóa record cuối giúp mình,action,DELETE_LAST
mục tiêu du lịch 500k trước tháng này,action,SET_GOAL
mở cài đặt,action,SETTING
nói chuyện hài hước hơn đi,action,SET_TONE
tìm record chủ nhật,action,SEARCH_RECORD
đặt hạn mức giáo dục 500k,action,SET_LIMIT
tư vấn hạn mức cho mình,action,SUGGEST
tắt thông báo chi tiêu,action,SET_ALERT
bật cảnh báo sức khỏe,action,SET_ALERT
gợi ý ngân sách tháng sau,action,SUGGEST_BUDGET
mục tiêu du lịch 10 triệu trước thứ 2,action,GOAL
để dành 2 triệu nha,action,GOAL
tìm giao dịch mua sắm,action,SEARCH_RECORD
cho t xem báo cáo thứ 3,action,REPORT_INCOME
search hóa đơn trên 100k,action,SEARCH
chuyển giao diện sáng,action,SETTING
cho t xem báo cáo tháng 12 năm ngoái,action,REPORT
search hóa đơn trên 10 triệu,action,SEARCH_RECORD
thống kê chi tiêu hôm qua,action,REPORT
mục tiêu du lịch 200k trước chủ nhật,action,GOAL
đặt hạn mức sức khỏe 5 triệu,action,LIMIT
check tiền đã xài tháng trước đi,action,REPORT
kiếm giúp khoản trà sữa,action,SEARCH
gọi mình là Bin nhé,action,SET_USERNAME
chuyển style nói chuyện nhé,action,TONE
đề xuất budget hợp lý đi,action,SUGGEST
đặt hạn mức ăn uống 1 triệu,action,LIMIT
update record vừa nhập,action,EDIT
xóa record cuối giúp mình,action,DELETE
để dành 2 triệu nha,action,SET_GOAL
đổi danh mục sang giáo dục,action,EDIT
tắt chế độ tối,action,SYSTEM_SETTING
tìm record hôm nay,action,SEARCH_RECORD
update record vừa nhập,action,UPDATE_RECORD
kiếm giúp khoản trà sữa,action,SEARCH_RECORD
bật dark mode,action,SYSTEM_SETTING
mỗi tháng mình kiếm 500k,action,SET_INCOME
bật dark mode,action,SETTING
set limit ăn uống 2 triệu mỗi tháng,action,LIMIT
gợi ý ngân sách tháng sau,action,SUGGEST
xem report sức khỏe tháng 12 năm ngoái,action,REPORT_GENERAL
kiếm giúp khoản trà sữa,action,SEARCH_RECORD
tắt chế độ tối,action,SETTING
tìm record năm ngoái,action,SEARCH_RECORD
tháng tới nên tiêu bao nhiêu,action,SUGGEST
bật cảnh báo mua sắm,action,SET_ALERT
bật cảnh báo ăn uống,action,SET_ALERT
nói chuyện dễ thương hơn đi,action,TONE
bật dark mode,action,SETTING
tắt chế độ tối,action,SETTING
gợi ý ngân sách tháng sau,action,SUGGEST_BUDGET
tư vấn hạn mức cho mình,action,SUGGEST_BUDGET
cộng thêm 10 triệu vào hạn mức,action,LIMIT
tắt chế độ tối,action,SETTING
đổi giọng sang dặn dỗi,action,TONE
cộng thêm 10 triệu vào hạn mức,action,LIMIT
xem report mua sắm thứ 3,action,REPORT_GENERAL
set limit ăn uống 1 triệu mỗi tháng,action,LIMIT
tạo mục tiêu tiết kiệm 1 triệu,action,GOAL
tìm record tháng trước,action,SEARCH_RECORD
tạo mục tiêu tiết kiệm 100k,action,GOAL
tìm giao dịch sức khỏe,action,SEARCH
cho t xem báo cáo hôm nay,action,REPORT_GENERAL
chỉnh lại ghi chú nha,action,UPDATE_RECORD
check tiền đã xài tuần trước đi,action,REPORT_GENERAL
xóa giao dịch vừa nhập,action,DELETE
tư vấn hạn mức cho mình,action,SUGGEST_BUDGET
cho t xem báo cáo thứ 6,action,REPORT_COMPARE
set nickname Min,action,SET_USERNAME
để dành 1 triệu nha,action,GOAL
mục tiêu du lịch 10 triệu trước thứ 6,action,GOAL
undo giao dịch cuối,action,DELETE_LAST
tháng tới nên tiêu bao nhiêu,action,SUGGEST_BUDGET
tư vấn hạn mức cho mình,action,SUGGEST_BUDGET
chuyển style nói chuyện nhé,action,TONE
tháng tới nên tiêu bao nhiêu,action,SUGGEST
đổi danh mục sang nhà ở,action,UPDATE_RECORD
set tone châm chọc,action,TONE
kiếm giúp khoản trà sữa,action,SEARCH_RECORD
alert hạn mức cho mua sắm,action,SET_ALERT
chuyển style nói chuyện nhé,action,TONE
mở cài đặt,action,SETTING
tìm record 7 ngày qua,action,SEARCH
check tiền đã xài thứ 3 đi,action,REPORT
xóa giao dịch vừa nhập,action,DELETE
kiếm giúp khoản trà sữa,action,SEARCH
gợi ý ngân sách tháng sau,action,SUGGEST_BUDGET
đặt hạn mức mua sắm 2 triệu,action,LIMIT
update record vừa nhập,action,UPDATE_RECORD
đề xuất budget hợp lý đi,action,SUGGEST
xóa giao dịch vừa nhập,action,DELETE_LAST
tắt chế độ tối,action,SYSTEM_SETTING
set limit đi lại 5 triệu mỗi tháng,action,SET_LIMIT
chuyển giao diện sáng,action,SYSTEM_SETTING
đổi giọng sang dặn dỗi,action,SET_TONE
kiếm giúp khoản trà sữa,action,SEARCH
check tiền đã xài tuần này đi,action,REPORT_GENERAL
thống kê chi tiêu tuần này,action,REPORT_GENERAL
từ giờ gọi t là Bin,action,SET_USERNAME
bật dark mode,action,SETTING
mục tiêu du lịch 50k trước tháng 12 năm ngoái,action,GOAL
mục tiêu du lịch 500k trước thứ 2,action,SET_GOAL
từ giờ gọi t là Min,action,SET_USERNAME
chỉnh lại ghi chú nha,action,EDIT
save goal mua laptop 500k,action,SET_GOAL
thu nhập tháng này 1 triệu,action,SET_INCOME
mục tiêu du lịch 50k trước thứ 6,action,SET_GOAL
check tiền đã xài thứ 2 đi,action,REPORT_COMPARE
xem report nhà ở 15-06-2026,action,REPORT
xem report đi lại tuần trước,action,REPORT
thống kê chi tiêu thứ 2,action,REPORT_GENERAL
mở cài đặt,action,SYSTEM_SETTING
xóa record cuối giúp mình,action,DELETE
gọi mình là Min nhé,action,SET_USERNAME
bật dark mode,action,SYSTEM_SETTING
chuyển style nói chuyện nhé,action,TONE
chuyển giao diện sáng,action,SYSTEM_SETTING
set limit mua sắm 10 triệu mỗi tháng,action,LIMIT
hủy hóa đơn mới nhất,action,DELETE_LAST
lương của mình là 1 triệu,action,SET_INCOME
tháng tới nên tiêu bao nhiêu,action,SUGGEST
tắt chế độ tối,action,SETTING
tắt chế độ tối,action,SETTING
update record vừa nhập,action,EDIT
save goal mua laptop 5 triệu,action,SET_GOAL
check tiền đã xài 30 ngày qua đi,action,REPORT_GENERAL
chỉnh lại ghi chú nha,action,EDIT
đổi danh mục sang nhà ở,action,UPDATE_RECORD
check tiền đã xài thứ 3 đi,action,REPORT_COMPARE
chỉnh lại ghi chú nha,action,EDIT
để dành 2 triệu nha,action,SET_GOAL
đổi danh mục sang ăn uống,action,UPDATE_RECORD
đổi danh mục sang ăn uống,action,EDIT
xem report giáo dục tuần này,action,REPORT_COMPARE
update record vừa nhập,action,EDIT
lương của mình là 5 triệu,action,SET_INCOME
cho t xem báo cáo tháng 12 năm ngoái,action,REPORT_INCOME
hủy hóa đơn mới nhất,action,DELETE
cho t xem báo cáo 23-12-2025,action,REPORT_GENERAL
sửa giao dịch cuối thành 10 triệu,action,UPDATE_RECORD
gợi ý ngân sách tháng sau,action,SUGGEST_BUDGET
cộng thêm 100k vào hạn mức,action,LIMIT
thống kê chi tiêu 30 ngày qua,action,REPORT_INCOME
update record vừa nhập,action,EDIT
set limit giải trí 2 triệu mỗi tháng,action,SET_LIMIT
đổi tên thành Bin,action,SET_USERNAME
để dành 200k nha,action,GOAL
đổi danh mục sang giáo dục,action,EDIT
mỗi tháng mình kiếm 5 triệu,action,SET_INCOME
chuyển giao diện sáng,action,SYSTEM_SETTING
undo giao dịch cuối,action,DELETE_LAST
mỗi tháng mình kiếm 100k,action,SET_INCOME
cho t xem báo cáo thứ 2,action,REPORT_GENERAL
xóa record cuối giúp mình,action,DELETE
mục tiêu du lịch 1 triệu trước 23-12-2025,action,GOAL
kiếm giúp khoản trà sữa,action,SEARCH_RECORD
mục tiêu du lịch 10 triệu trước 30 ngày qua,action,SET_GOAL
thống kê chi tiêu tháng 12 năm ngoái,action,REPORT_COMPARE
tư vấn hạn mức cho mình,action,SUGGEST_BUDGET
chuyển giao diện sáng,action,SETTING
tìm giao dịch sức khỏe,action,SEARCH
đổi giọng sang dễ thương,action,TONE
tìm giao dịch giáo dục,action,SEARCH_RECORD
gợi ý ngân sách tháng sau,action,SUGGEST_BUDGET
undo giao dịch cuối,action,DELETE
mở cài đặt,action,SYSTEM_SETTING
cho t xem báo cáo 23-12-2025,action,REPORT_INCOME
set tone dễ thương,action,SET_TONE
search hóa đơn trên 10 triệu,action,SEARCH_RECORD
tháng tới nên tiêu bao nhiêu,action,SUGGEST
xem report nhà ở 01-01-2026,action,REPORT_INCOME
check tiền đã xài thứ 6 đi,action,REPORT
cho t xem báo cáo tháng này,action,REPORT
thống kê chi tiêu tháng này,action,REPORT_INCOME
save goal mua laptop 200k,action,GOAL
tắt thông báo chi tiêu,action,SET_ALERT
check tiền đã xài cuối tuần đi,action,REPORT_GENERAL
tìm giao dịch đi lại,action,SEARCH_RECORD
nói chuyện châm chọc hơn đi,action,TONE
xem report giải trí tháng trước,action,REPORT
sửa giao dịch cuối thành 100k,action,EDIT
save goal mua laptop 10 triệu,action,SET_GOAL
cho t xem báo cáo thứ 2,action,REPORT_INCOME
thống kê chi tiêu năm ngoái,action,REPORT
đặt hạn mức đi lại 2 triệu,action,LIMIT
hủy hóa đơn mới nhất,action,DELETE
thống kê chi tiêu 15-06-2026,action,REPORT_GENERAL
đề xuất budget hợp lý đi,action,SUGGEST
check tiền đã xài thứ 6 đi,action,REPORT_INCOME
set limit giải trí 1 triệu mỗi tháng,action,LIMIT
chuyển giao diện sáng,action,SETTING
xem report mua sắm tuần trước,action,REPORT_INCOME
tắt chế độ tối,action,SYSTEM_SETTING
xem report sức khỏe hôm nay,action,REPORT_GENERAL
check tiền đã xài tháng này đi,action,REPORT_GENERAL
tìm giao dịch sức khỏe,action,SEARCH
update record vừa nhập,action,UPDATE_RECORD
thống kê chi tiêu 01-01-2026,action,REPORT_GENERAL
tháng tới nên tiêu bao nhiêu,action,SUGGEST_BUDGET
đề xuất budget hợp lý đi,action,SUGGEST_BUDGET
xem report sức khỏe quý 1 năm nay,action,REPORT_COMPARE
tìm giao dịch sức khỏe,action,SEARCH
tìm record thứ 6,action,SEARCH
cho t xem báo cáo quý 1 năm nay,action,REPORT_GENERAL
từ giờ gọi t là Mimo Master,action,SET_USERNAME
update record vừa nhập,action,UPDATE_RECORD
từ giờ gọi t là Anh Khang,action,SET_USERNAME
chuyển giao diện sáng,action,SYSTEM_SETTING
update record vừa nhập,action,UPDATE_RECORD
nói chuyện dặn dỗi hơn đi,action,TONE
tìm giao dịch giải trí,action,SEARCH
sửa giao dịch cuối thành 100k,action,EDIT
kiếm giúp khoản trà sữa,action,SEARCH
để dành 200k nha,action,SET_GOAL
cho t xem báo cáo tháng trước,action,REPORT_INCOME
đổi danh mục sang mua sắm,action,UPDATE_RECORD
tháng tới nên tiêu bao nhiêu,action,SUGGEST
cho t xem báo cáo thứ 2,action,REPORT_GENERAL
gọi mình là Boss nhé,action,SET_USERNAME
bật cảnh báo giáo dục,action,SET_ALERT
check tiền đã xài hôm qua đi,action,REPORT_COMPARE
tắt chế độ tối,action,SYSTEM_SETTING
gọi mình là Khang nhé,action,SET_USERNAME
chuyển giao diện sáng,action,SYSTEM_SETTING
gọi mình là Mimo Master nhé,action,SET_USERNAME
mở cài đặt,action,SYSTEM_SETTING
check tiền đã xài tháng này đi,action,REPORT_GENERAL
xóa giao dịch vừa nhập,action,DELETE_LAST
xóa record cuối giúp mình,action,DELETE_LAST
sửa giao dịch cuối thành 10 triệu,action,EDIT
xóa giao dịch vừa nhập,action,DELETE_LAST
xóa record cuối giúp mình,action,DELETE
xóa record cuối giúp mình,action,DELETE_LAST
hủy hóa đơn mới nhất,action,DELETE
save goal mua laptop 200k,action,GOAL
đề xuất budget hợp lý đi,action,SUGGEST_BUDGET
đặt hạn mức nhà ở 50k,action,LIMIT
đổi giọng sang nghiêm túc,action,SET_TONE
bật dark mode,action,SYSTEM_SETTING
mục tiêu du lịch 1 triệu trước cuối tuần,action,GOAL
kiếm giúp khoản trà sữa,action,SEARCH
set nickname Khang,action,SET_USERNAME
sửa giao dịch cuối thành 50k,action,EDIT
chuyển giao diện sáng,action,SETTING
cộng thêm 2 triệu vào hạn mức,action,LIMIT
check tiền đã xài thứ 3 đi,action,REPORT_GENERAL
tắt chế độ tối,action,SYSTEM_SETTING
check tiền đã xài thứ 3 đi,action,REPORT_GENERAL
set nickname Khang,action,SET_USERNAME
hủy hóa đơn mới nhất,action,DELETE
cho t xem báo cáo thứ 6,action,REPORT_INCOME
xóa giao dịch vừa nhập,action,DELETE_LAST
tắt thông báo chi tiêu,action,SET_ALERT
undo giao dịch cuối,action,DELETE_LAST
hủy hóa đơn mới nhất,action,DELETE
chỉnh lại ghi chú nha,action,EDIT
undo giao dịch cuối,action,DELETE
nhắc mình khi vượt ngân sách,action,SET_ALERT
cộng thêm 5 triệu vào hạn mức,action,LIMIT
nói chuyện hài hước hơn đi,action,SET_TONE
để dành 50k nha,action,GOAL
chỉnh lại ghi chú nha,action,EDIT
cho t xem báo cáo 23-12-2025,action,REPORT
cho t xem báo cáo 30 ngày qua,action,REPORT_GENERAL
xem report ăn uống thứ 3,action,REPORT_GENERAL
thu nhập tháng này 10 triệu,action,SET_INCOME
cho t xem báo cáo tháng 12 năm ngoái,action,REPORT_COMPARE
xem report giải trí tháng trước,action,REPORT_INCOME
đề xuất budget hợp lý đi,action,SUGGEST_BUDGET
tìm giao dịch ăn uống,action,SEARCH_RECORD
chỉnh lại ghi chú nha,action,UPDATE_RECORD
save goal mua laptop 50k,action,SET_GOAL
mục tiêu du lịch 2 triệu trước hôm nay,action,SET_GOAL
hủy hóa đơn mới nhất,action,DELETE_LAST
bật cảnh báo nhà ở,action,SET_ALERT
xem report nhà ở hôm nay,action,REPORT_COMPARE
alert hạn mức cho ăn uống,action,SET_ALERT
bật cảnh báo mua sắm,action,SET_ALERT
thống kê chi tiêu năm ngoái,action,REPORT_GENERAL
giảm limit còn 1 triệu,action,LIMIT
chuyển giao diện sáng,action,SETTING
xóa giao dịch vừa nhập,action,DELETE
kiếm giúp khoản trà sữa,action,SEARCH
tạo mục tiêu tiết kiệm 10 triệu,action,SET_GOAL
đặt hạn mức đi lại 50k,action,SET_LIMIT
bật dark mode,action,SETTING
check tiền đã xài tuần này đi,action,REPORT_INCOME
thống kê chi tiêu năm nay,action,REPORT
tư vấn hạn mức cho mình,action,SUGGEST_BUDGET
để dành 50k nha,action,SET_GOAL
đổi danh mục sang giáo dục,action,EDIT
sửa giao dịch cuối thành 2 triệu,action,EDIT
cho t xem báo cáo năm ngoái,action,REPORT
hủy hóa đơn mới nhất,action,DELETE_LAST
đặt hạn mức nhà ở 1 triệu,action,LIMIT
sửa giao dịch cuối thành 200k,action,UPDATE_RECORD
gợi ý ngân sách tháng sau,action,SUGGEST_BUDGET
lương của mình là 50k,action,SET_INCOME
kiếm giúp khoản trà sữa,action,SEARCH_RECORD
xem report giải trí 30 ngày qua,action,REPORT_GENERAL
xem report giải trí cuối tuần,action,REPORT_COMPARE
xem report mua sắm 7 ngày qua,action,REPORT_GENERAL
tìm record tháng này,action,SEARCH
sửa giao dịch cuối thành 500k,action,UPDATE_RECORD
cho t xem báo cáo tháng trước,action,REPORT_GENERAL
hủy hóa đơn mới nhất,action,DELETE
alert hạn mức cho giải trí,action,SET_ALERT
xóa giao dịch vừa nhập,action,DELETE_LAST
để dành 1 triệu nha,action,SET_GOAL
gợi ý ngân sách tháng sau,action,SUGGEST
thống kê chi tiêu 30 ngày qua,action,REPORT_INCOME
cộng thêm 50k vào hạn mức,action,SET_LIMIT
tìm record 23-12-2025,action,SEARCH_RECORD
xóa record cuối giúp mình,action,DELETE
tắt chế độ tối,action,SYSTEM_SETTING
xóa giao dịch vừa nhập,action,DELETE_LAST
xóa giao dịch vừa nhập,action,DELETE_LAST
gợi ý ngân sách tháng sau,action,SUGGEST_BUDGET
check tiền đã xài quý 1 năm nay đi,action,REPORT_INCOME
tắt chế độ tối,action,SYSTEM_SETTING
update record vừa nhập,action,EDIT
đặt hạn mức mua sắm 10 triệu,action,SET_LIMIT
tìm record hôm nay,action,SEARCH_RECORD
tháng tới nên tiêu bao nhiêu,action,SUGGEST
đề xuất budget hợp lý đi,action,SUGGEST_BUDGET
để dành 100k nha,action,GOAL
gọi mình là Bin nhé,action,SET_USERNAME
đổi giọng sang nghiêm túc,action,SET_TONE
hủy hóa đơn mới nhất,action,DELETE
đổi tên thành Anh Khang,action,SET_USERNAME
search hóa đơn trên 100k,action,SEARCH_RECORD
để dành 50k nha,action,SET_GOAL
thống kê chi tiêu 15-06-2026,action,REPORT_GENERAL
cho t xem báo cáo hôm qua,action,REPORT_INCOME
đặt hạn mức ăn uống 100k,action,SET_LIMIT
bật cảnh báo giáo dục,action,SET_ALERT
chuyển giao diện sáng,action,SETTING
xem report giáo dục 7 ngày qua,action,REPORT
đổi danh mục sang ăn uống,action,UPDATE_RECORD
giảm limit còn 200k,action,SET_LIMIT
chuyển giao diện sáng,action,SETTING
mục tiêu du lịch 50k trước năm ngoái,action,SET_GOAL
thống kê chi tiêu 7 ngày qua,action,REPORT_GENERAL
cho t xem báo cáo 7 ngày qua,action,REPORT_GENERAL
thống kê chi tiêu tháng trước,action,REPORT_GENERAL
cho t xem báo cáo tuần trước,action,REPORT_GENERAL
set tone châm chọc,action,SET_TONE
xem report giáo dục tháng 12 năm ngoái,action,REPORT_COMPARE
đề xuất budget hợp lý đi,action,SUGGEST
gợi ý ngân sách tháng sau,action,SUGGEST_BUDGET
check tiền đã xài năm nay đi,action,REPORT
xem report đi lại chủ nhật,action,REPORT_GENERAL
thu nhập tháng này 100k,action,SET_INCOME
cho t xem báo cáo 15-06-2026,action,REPORT_GENERAL
tìm giao dịch mua sắm,action,SEARCH_RECORD
set tone hài hước,action,TONE
từ giờ gọi t là Anh Khang,action,SET_USERNAME
nói chuyện châm chọc hơn đi,action,SET_TONE
mục tiêu du lịch 200k trước năm ngoái,action,GOAL
cho t xem báo cáo thứ 6,action,REPORT_COMPARE
nói chuyện châm chọc hơn đi,action,TONE
check tiền đã xài thứ 2 đi,action,REPORT
tháng tới nên tiêu bao nhiêu,action,SUGGEST_BUDGET
tìm record hôm qua,action,SEARCH
đổi danh mục sang ăn uống,action,UPDATE_RECORD
xem report ăn uống thứ 3,action,REPORT_GENERAL
tìm record quý 1 năm nay,action,SEARCH
từ giờ gọi t là Min,action,SET_USERNAME
xóa giao dịch vừa nhập,action,DELETE_LAST
nói chuyện dặn dỗi hơn đi,action,SET_TONE
cộng thêm 10 triệu vào hạn mức,action,SET_LIMIT
chuyển style nói chuyện nhé,action,SET_TONE
tắt chế độ tối,action,SETTING
save goal mua laptop 2 triệu,action,GOAL
set nickname Min,action,SET_USERNAME
chuyển giao diện sáng,action,SYSTEM_SETTING
set limit giáo dục 10 triệu mỗi tháng,action,LIMIT
thống kê chi tiêu tháng 12 năm ngoái,action,REPORT
tìm record thứ 3,action,SEARCH
đổi danh mục sang giải trí,action,UPDATE_RECORD
thống kê chi tiêu quý 1 năm nay,action,REPORT_GENERAL
tạo mục tiêu tiết kiệm 50k,action,GOAL
lương của mình là 200k,action,SET_INCOME
thống kê chi tiêu 7 ngày qua,action,REPORT_COMPARE
xem report sức khỏe 15-06-2026,action,REPORT
cho t xem báo cáo 30 ngày qua,action,REPORT_COMPARE
xóa giao dịch vừa nhập,action,DELETE_LAST
mở cài đặt,action,SYSTEM_SETTING
giảm limit còn 10 triệu,action,SET_LIMIT
để dành 200k nha,action,SET_GOAL
gợi ý ngân sách tháng sau,action,SUGGEST_BUDGET
thống kê chi tiêu thứ 6,action,REPORT
cho t xem báo cáo cuối tuần,action,REPORT
gợi ý ngân sách tháng sau,action,SUGGEST
set tone hài hước,action,SET_TONE
mỗi tháng mình kiếm 100k,action,SET_INCOME
tạo mục tiêu tiết kiệm 1 triệu,action,SET_GOAL
chỉnh lại ghi chú nha,action,EDIT
xem report đi lại 30 ngày qua,action,REPORT_COMPARE
xóa giao dịch vừa nhập,action,DELETE
tháng tới nên tiêu bao nhiêu,action,SUGGEST
bật dark mode,action,SYSTEM_SETTING
gọi mình là Mimo Master nhé,action,SET_USERNAME
mỗi tháng mình kiếm 10 triệu,action,SET_INCOME
đổi danh mục sang nhà ở,action,UPDATE_RECORD
từ giờ gọi t là Bin,action,SET_USERNAME
tư vấn hạn mức cho mình,action,SUGGEST
mỗi tháng mình kiếm 200k,action,SET_INCOME
để dành 2 triệu nha,action,GOAL
hủy hóa đơn mới nhất,action,DELETE
sửa giao dịch cuối thành 1 triệu,action,UPDATE_RECORD
mở cài đặt,action,SETTING
đổi giọng sang hài hước,action,TONE
lương của mình là 200k,action,SET_INCOME
tắt chế độ tối,action,SYSTEM_SETTING
để dành 200k nha,action,SET_GOAL
search hóa đơn trên 100k,action,SEARCH_RECORD
tìm record tháng trước,action,SEARCH
giảm limit còn 50k,action,LIMIT
thu nhập tháng này 50k,action,SET_INCOME
tắt chế độ tối,action,SETTING
mở cài đặt,action,SYSTEM_SETTING
hủy hóa đơn mới nhất,action,DELETE
set limit nhà ở 2 triệu mỗi tháng,action,LIMIT
đề xuất budget hợp lý đi,action,SUGGEST
bật dark mode,action,SETTING
cho t xem báo cáo tuần trước,action,REPORT
gợi ý ngân sách tháng sau,action,SUGGEST
xóa giao dịch vừa nhập,action,DELETE
chỉnh lại ghi chú nha,action,EDIT
gọi mình là Bin nhé,action,SET_USERNAME
xem report mua sắm hôm nay,action,REPORT_GENERAL
tắt chế độ tối,action,SYSTEM_SETTING
check tiền đã xài hôm qua đi,action,REPORT_GENERAL
undo giao dịch cuối,action,DELETE
bật dark mode,action,SYSTEM_SETTING
xem report nhà ở thứ 6,action,REPORT
xem report mua sắm 7 ngày qua,action,REPORT_GENERAL
thống kê chi tiêu 23-12-2025,action,REPORT_INCOME
để dành 50k nha,action,GOAL
tắt chế độ tối,action,SYSTEM_SETTING
search hóa đơn trên 500k,action,SEARCH
bật dark mode,action,SYSTEM_SETTING
đổi tên thành Khang,action,SET_USERNAME
set tone dễ thương,action,SET_TONE
set tone dặn dỗi,action,TONE
đề xuất budget hợp lý đi,action,SUGGEST_BUDGET
sửa giao dịch cuối thành 50k,action,UPDATE_RECORD
sửa giao dịch cuối thành 2 triệu,action,EDIT
tạo mục tiêu tiết kiệm 200k,action,SET_GOAL
cộng thêm 5 triệu vào hạn mức,action,SET_LIMIT
chỉnh lại ghi chú nha,action,EDIT
đề xuất budget hợp lý đi,action,SUGGEST
cộng thêm 5 triệu vào hạn mức,action,LIMIT
chuyển style nói chuyện nhé,action,SET_TONE
set tone dặn dỗi,action,TONE
mở cài đặt,action,SYSTEM_SETTING
search hóa đơn trên 2 triệu,action,SEARCH_RECORD
bật cảnh báo nhà ở,action,SET_ALERT
tắt chế độ tối,action,SETTING
chuyển giao diện sáng,action,SYSTEM_SETTING
nói chuyện hài hước hơn đi,action,SET_TONE
chuyển style nói chuyện nhé,action,TONE
check tiền đã xài quý 1 năm nay đi,action,REPORT_INCOME
đặt hạn mức đi lại 5 triệu,action,LIMIT
để dành 2 triệu nha,action,SET_GOAL
nhắc mình khi vượt ngân sách,action,SET_ALERT
set income 50k,action,SET_INCOME
hủy hóa đơn mới nhất,action,DELETE
chuyển giao diện sáng,action,SETTING
đổi giọng sang dễ thương,action,SET_TONE
thống kê chi tiêu thứ 2,action,REPORT_COMPARE
check tiền đã xài thứ 3 đi,action,REPORT_INCOME
để dành 5 triệu nha,action,SET_GOAL
chỉnh lại ghi chú nha,action,EDIT
đổi danh mục sang giải trí,action,UPDATE_RECORD
để dành 200k nha,action,GOAL
để dành 200k nha,action,SET_GOAL
thống kê chi tiêu 15-06-2026,action,REPORT_INCOME
cho t xem báo cáo 7 ngày qua,action,REPORT_GENERAL
kiếm giúp khoản trà sữa,action,SEARCH
kiếm giúp khoản trà sữa,action,SEARCH
xem report giải trí chủ nhật,action,REPORT_GENERAL
hủy hóa đơn mới nhất,action,DELETE_LAST
đề xuất budget hợp lý đi,action,SUGGEST
đổi danh mục sang mua sắm,action,UPDATE_RECORD
undo giao dịch cuối,action,DELETE_LAST
set limit nhà ở 100k mỗi tháng,action,SET_LIMIT
thống kê chi tiêu tháng này,action,REPORT_GENERAL
tìm record tháng này,action,SEARCH_RECORD
cộng thêm 50k vào hạn mức,action,SET_LIMIT
check tiền đã xài thứ 6 đi,action,REPORT_GENERAL
xem report ăn uống chủ nhật,action,REPORT
xóa giao dịch vừa nhập,action,DELETE
tìm record tháng này,action,SEARCH_RECORD
xóa giao dịch vừa nhập,action,DELETE
lương của mình là 100k,action,SET_INCOME
cho t xem báo cáo 30 ngày qua,action,REPORT
set nickname Bin,action,SET_USERNAME
thu nhập tháng này 200k,action,SET_INCOME
xóa giao dịch vừa nhập,action,DELETE
nói chuyện châm chọc hơn đi,action,SET_TONE
cộng thêm 50k vào hạn mức,action,LIMIT
chuyển style nói chuyện nhé,action,SET_TONE
thống kê chi tiêu chủ nhật,action,REPORT_COMPARE
đổi giọng sang dặn dỗi,action,SET_TONE
xóa record cuối giúp mình,action,DELETE
set income 500k,action,SET_INCOME
hủy hóa đơn mới nhất,action,DELETE
update record vừa nhập,action,EDIT
check tiền đã xài 30 ngày qua đi,action,REPORT_INCOME
set limit sức khỏe 5 triệu mỗi tháng,action,LIMIT
xem report đi lại 23-12-2025,action,REPORT
tìm record năm ngoái,action,SEARCH_RECORD
cho t xem báo cáo 7 ngày qua,action,REPORT_GENERAL
set nickname Min,action,SET_USERNAME
tắt chế độ tối,action,SETTING
xem report nhà ở 30 ngày qua,action,REPORT
cho t xem báo cáo năm nay,action,REPORT_INCOME
check tiền đã xài 23-12-2025 đi,action,REPORT_GENERAL
check tiền đã xài thứ 2 đi,action,REPORT
sửa giao dịch cuối thành 100k,action,EDIT
gợi ý ngân sách tháng sau,action,SUGGEST
bật cảnh báo ăn uống,action,SET_ALERT
thống kê chi tiêu tuần trước,action,REPORT_GENERAL
thống kê chi tiêu 7 ngày qua,action,REPORT_INCOME
để dành 5 triệu nha,action,GOAL
check tiền đã xài thứ 6 đi,action,REPORT_COMPARE
set tone nghiêm túc,action,SET_TONE
check tiền đã xài tháng trước đi,action,REPORT_INCOME
update record vừa nhập,action,EDIT
check tiền đã xài thứ 3 đi,action,REPORT_COMPARE
search hóa đơn trên 2 triệu,action,SEARCH
set nickname Mimo Master,action,SET_USERNAME
cho t xem báo cáo thứ 3,action,REPORT_GENERAL
tạo mục tiêu tiết kiệm 100k,action,SET_GOAL
đặt hạn mức đi lại 1 triệu,action,LIMIT
thống kê chi tiêu thứ 6,action,REPORT
xóa record cuối giúp mình,action,DELETE
đề xuất budget hợp lý đi,action,SUGGEST_BUDGET
đổi giọng sang nghiêm túc,action,SET_TONE
tắt chế độ tối,action,SETTING
thống kê chi tiêu hôm qua,action,REPORT_GENERAL
bật cảnh báo giáo dục,action,SET_ALERT
xem report mua sắm hôm nay,action,REPORT_GENERAL
cho t xem báo cáo hôm qua,action,REPORT_COMPARE
cho t xem báo cáo năm ngoái,action,REPORT
undo giao dịch cuối,action,DELETE
hủy hóa đơn mới nhất,action,DELETE_LAST
đặt hạn mức giải trí 100k,action,LIMIT
set limit giải trí 500k mỗi tháng,action,SET_LIMIT
chỉnh lại ghi chú nha,action,EDIT
check tiền đã xài thứ 6 đi,action,REPORT_GENERAL
tắt thông báo chi tiêu,action,SET_ALERT
set nickname Anh Khang,action,SET_USERNAME
tư vấn hạn mức cho mình,action,SUGGEST_BUDGET
save goal mua laptop 200k,action,SET_GOAL
set limit giải trí 200k mỗi tháng,action,SET_LIMIT
bật dark mode,action,SYSTEM_SETTING
sửa giao dịch cuối thành 50k,action,UPDATE_RECORD
gợi ý ngân sách tháng sau,action,SUGGEST_BUDGET
undo giao dịch cuối,action,DELETE_LAST
xóa giao dịch vừa nhập,action,DELETE
thống kê chi tiêu 15-06-2026,action,REPORT_GENERAL
update record vừa nhập,action,UPDATE_RECORD
tháng tới nên tiêu bao nhiêu,action,SUGGEST
lương của mình là 10 triệu,action,SET_INCOME
check tiền đã xài thứ 6 đi,action,REPORT_GENERAL
cho t xem báo cáo tuần trước,action,REPORT_GENERAL
chuyển giao diện sáng,action,SETTING
thống kê chi tiêu năm ngoái,action,REPORT
set nickname Boss,action,SET_USERNAME
thống kê chi tiêu hôm nay,action,REPORT_GENERAL
chuyển giao diện sáng,action,SETTING
giảm limit còn 1 triệu,action,LIMIT
sửa giao dịch cuối thành 2 triệu,action,UPDATE_RECORD
cộng thêm 100k vào hạn mức,action,SET_LIMIT
update record vừa nhập,action,EDIT
cho t xem báo cáo hôm nay,action,REPORT_COMPARE
sửa giao dịch cuối thành 500k,action,EDIT
tháng tới nên tiêu bao nhiêu,action,SUGGEST_BUDGET
tắt chế độ tối,action,SYSTEM_SETTING
đề xuất budget hợp lý đi,action,SUGGEST
sửa giao dịch cuối thành 50k,action,UPDATE_RECORD
mục tiêu du lịch 5 triệu trước 7 ngày qua,action,GOAL
tạo mục tiêu tiết kiệm 10 triệu,action,GOAL
thống kê chi tiêu cuối tuần,action,REPORT_GENERAL
chuyển style nói chuyện nhé,action,TONE
xóa record cuối giúp mình,action,DELETE_LAST
chuyển giao diện sáng,action,SETTING
cộng thêm 500k vào hạn mức,action,LIMIT
tạo mục tiêu tiết kiệm 1 triệu,action,GOAL
mỗi tháng mình kiếm 500k,action,SET_INCOME
giảm limit còn 50k,action,SET_LIMIT
update record vừa nhập,action,EDIT
update record vừa nhập,action,UPDATE_RECORD
chuyển giao diện sáng,action,SETTING
undo giao dịch cuối,action,DELETE
tắt thông báo chi tiêu,action,SET_ALERT
gợi ý ngân sách tháng sau,action,SUGGEST_BUDGET
gọi mình là Khang nhé,action,SET_USERNAME
bật dark mode,action,SETTING
sửa giao dịch cuối thành 1 triệu,action,EDIT
mục tiêu du lịch 10 triệu trước tháng này,action,GOAL
check tiền đã xài 23-12-2025 đi,action,REPORT_GENERAL
save goal mua laptop 50k,action,SET_GOAL
bật dark mode,action,SETTING
set limit nhà ở 100k mỗi tháng,action,LIMIT
tìm record tuần này,action,SEARCH_RECORD
check tiền đã xài tuần trước đi,action,REPORT_GENERAL
chỉnh lại ghi chú nha,action,UPDATE_RECORD
kiếm giúp khoản trà sữa,action,SEARCH_RECORD
nói chuyện dễ thương hơn đi,action,SET_TONE
xóa record cuối giúp mình,action,DELETE
tư vấn hạn mức cho mình,action,SUGGEST
đề xuất budget hợp lý đi,action,SUGGEST_BUDGET
tắt thông báo chi tiêu,action,SET_ALERT
set income 5 triệu,action,SET_INCOME
để dành 500k nha,action,GOAL
bật dark mode,action,SETTING
thống kê chi tiêu 01-01-2026,action,REPORT
set tone châm chọc,action,SET_TONE
xóa record cuối giúp mình,action,DELETE
thống kê chi tiêu tháng 12 năm ngoái,action,REPORT_COMPARE
tắt chế độ tối,action,SYSTEM_SETTING
bật dark mode,action,SYSTEM_SETTING
để dành 1 triệu nha,action,SET_GOAL
tháng tới nên tiêu bao nhiêu,action,SUGGEST_BUDGET
cho t xem báo cáo thứ 6,action,REPORT_GENERAL
đề xuất budget hợp lý đi,action,SUGGEST
đổi tên thành Min,action,SET_USERNAME
check tiền đã xài hôm qua đi,action,REPORT
hủy hóa đơn mới nhất,action,DELETE
tháng tới nên tiêu bao nhiêu,action,SUGGEST
đề xuất budget hợp lý đi,action,SUGGEST_BUDGET
tháng tới nên tiêu bao nhiêu,action,SUGGEST
thống kê chi tiêu năm nay,action,REPORT_GENERAL
xóa giao dịch vừa nhập,action,DELETE_LAST
để dành 100k nha,action,SET_GOAL
bật cảnh báo sức khỏe,action,SET_ALERT
tìm record tháng trước,action,SEARCH_RECORD
bật dark mode,action,SYSTEM_SETTING
chuyển style nói chuyện nhé,action,TONE
tắt chế độ tối,action,SETTING
gọi mình là Mimo Master nhé,action,SET_USERNAME
set limit giải trí 1 triệu mỗi tháng,action,SET_LIMIT
cho t xem báo cáo tuần trước,action,REPORT_COMPARE
mục tiêu du lịch 500k trước thứ 2,action,GOAL
check tiền đã xài quý 1 năm nay đi,action,REPORT_INCOME
tháng tới nên tiêu bao nhiêu,action,SUGGEST
cho t xem báo cáo tháng trước,action,REPORT_INCOME
gọi mình là Anh Khang nhé,action,SET_USERNAME
nói chuyện nghiêm túc hơn đi,action,TONE
từ giờ gọi t là Bin,action,SET_USERNAME
check tiền đã xài quý 1 năm nay đi,action,REPORT
update record vừa nhập,action,UPDATE_RECORD
tắt chế độ tối,action,SYSTEM_SETTING
đổi tên thành Bin,action,SET_USERNAME
tạo mục tiêu tiết kiệm 100k,action,GOAL
gợi ý ngân sách tháng sau,action,SUGGEST
cho t xem báo cáo năm ngoái,action,REPORT_INCOME
check tiền đã xài tháng 12 năm ngoái đi,action,REPORT_INCOME
nói chuyện hài hước hơn đi,action,TONE
hủy hóa đơn mới nhất,action,DELETE
đổi danh mục sang mua sắm,action,UPDATE_RECORD
tạo mục tiêu tiết kiệm 100k,action,SET_GOAL
save goal mua laptop 100k,action,SET_GOAL
nhắc mình khi vượt ngân sách,action,SET_ALERT
để dành 1 triệu nha,action,SET_GOAL
hủy hóa đơn mới nhất,action,DELETE_LAST
đổi danh mục sang ăn uống,action,EDIT
tìm record tuần trước,action,SEARCH_RECORD
thống kê chi tiêu 7 ngày qua,action,REPORT_COMPARE
tìm giao dịch giải trí,action,SEARCH
mục tiêu du lịch 5 triệu trước tuần trước,action,SET_GOAL
xem report đi lại tuần này,action,REPORT_COMPARE
xem report giải trí tháng trước,action,REPORT_GENERAL
đề xuất budget hợp lý đi,action,SUGGEST
thống kê chi tiêu tuần trước,action,REPORT_GENERAL
set tone dễ thương,action,SET_TONE
xóa record cuối giúp mình,action,DELETE
set limit mua sắm 500k mỗi tháng,action,SET_LIMIT
thống kê chi tiêu thứ 2,action,REPORT_GENERAL
hủy hóa đơn mới nhất,action,DELETE
save goal mua laptop 1 triệu,action,GOAL
mở cài đặt,action,SYSTEM_SETTING
check tiền đã xài năm nay đi,action,REPORT_INCOME
update record vừa nhập,action,UPDATE_RECORD
save goal mua laptop 5 triệu,action,GOAL
cho t xem báo cáo năm nay,action,REPORT
tạo mục tiêu tiết kiệm 2 triệu,action,GOAL
xem report ăn uống quý 1 năm nay,action,REPORT_INCOME
đổi danh mục sang sức khỏe,action,EDIT
chuyển style nói chuyện nhé,action,TONE
cho t xem báo cáo 01-01-2026,action,REPORT_GENERAL
mở cài đặt,action,SETTING
cộng thêm 200k vào hạn mức,action,LIMIT
check tiền đã xài năm ngoái đi,action,REPORT
xem report giải trí tháng 12 năm ngoái,action,REPORT_INCOME
mở cài đặt,action,SETTING
tắt chế độ tối,action,SETTING
để dành 1 triệu nha,action,SET_GOAL
save goal mua laptop 2 triệu,action,GOAL
tìm giao dịch ăn uống,action,SEARCH
thống kê chi tiêu chủ nhật,action,REPORT_INCOME
chuyển giao diện sáng,action,SETTING
check tiền đã xài năm ngoái đi,action,REPORT_COMPARE
đổi giọng sang dễ thương,action,SET_TONE
bật dark mode,action,SETTING
xem report sức khỏe cuối tuần,action,REPORT_GENERAL
check tiền đã xài năm ngoái đi,action,REPORT
tắt chế độ tối,action,SETTING
thống kê chi tiêu tháng 12 năm ngoái,action,REPORT_INCOME
đề xuất budget hợp lý đi,action,SUGGEST_BUDGET
chuyển giao diện sáng,action,SYSTEM_SETTING
bật cảnh báo nhà ở,action,SET_ALERT
cộng thêm 50k vào hạn mức,action,LIMIT
sửa giao dịch cuối thành 2 triệu,action,EDIT
undo giao dịch cuối,action,DELETE_LAST
nhắc mình khi vượt ngân sách,action,SET_ALERT
check tiền đã xài năm nay đi,action,REPORT_INCOME
nói chuyện hài hước hơn đi,action,TONE
thống kê chi tiêu năm nay,action,REPORT
xem report ăn uống tháng trước,action,REPORT_GENERAL
đề xuất budget hợp lý đi,action,SUGGEST_BUDGET
update record vừa nhập,action,EDIT
thống kê chi tiêu hôm qua,action,REPORT
undo giao dịch cuối,action,DELETE_LAST
đổi giọng sang nghiêm túc,action,SET_TONE
để dành 1 triệu nha,action,SET_GOAL
search hóa đơn trên 100k,action,SEARCH
đổi tên thành Khang,action,SET_USERNAME
nói chuyện châm chọc hơn đi,action,TONE
update record vừa nhập,action,UPDATE_RECORD
check tiền đã xài thứ 2 đi,action,REPORT_INCOME
set limit ăn uống 50k mỗi tháng,action,LIMIT
mỗi tháng mình kiếm 2 triệu,action,SET_INCOME
để dành 500k nha,action,SET_GOAL
chuyển giao diện sáng,action,SETTING
save goal mua laptop 50k,action,SET_GOAL
mục tiêu du lịch 2 triệu trước tuần trước,action,SET_GOAL
chuyển style nói chuyện nhé,action,SET_TONE
lương của mình là 10 triệu,action,SET_INCOME
gợi ý ngân sách tháng sau,action,SUGGEST_BUDGET
tư vấn hạn mức cho mình,action,SUGGEST_BUDGET
đổi giọng sang châm chọc,action,SET_TONE
kiếm giúp khoản trà sữa,action,SEARCH
undo giao dịch cuối,action,DELETE
thu nhập tháng này 1 triệu,action,SET_INCOME
đổi danh mục sang giáo dục,action,EDIT
mỗi tháng mình kiếm 200k,action,SET_INCOME
set limit đi lại 100k mỗi tháng,action,LIMIT
thống kê chi tiêu hôm nay,action,REPORT
chuyển giao diện sáng,action,SYSTEM_SETTING
set nickname Mimo Master,action,SET_USERNAME
chuyển style nói chuyện nhé,action,SET_TONE
lương của mình là 10 triệu,action,SET_INCOME
mỗi tháng mình kiếm 500k,action,SET_INCOME
tìm record 01-01-2026,action,SEARCH_RECORD
tắt chế độ tối,action,SETTING
đổi tên thành Bin,action,SET_USERNAME
thống kê chi tiêu 01-01-2026,action,REPORT_GENERAL
bật dark mode,action,SETTING
cộng thêm 2 triệu vào hạn mức,action,LIMIT
xóa record cuối giúp mình,action,DELETE_LAST
tháng tới nên tiêu bao nhiêu,action,SUGGEST_BUDGET
bật cảnh báo mua sắm,action,SET_ALERT
gợi ý ngân sách tháng sau,action,SUGGEST
cho t xem báo cáo tháng trước,action,REPORT_GENERAL
undo giao dịch cuối,action,DELETE
tháng tới nên tiêu bao nhiêu,action,SUGGEST
bật dark mode,action,SETTING
chuyển giao diện sáng,action,SETTING
thu nhập tháng này 500k,action,SET_INCOME
tạo mục tiêu tiết kiệm 50k,action,SET_GOAL
cho t xem báo cáo tuần trước,action,REPORT_COMPARE
alert hạn mức cho mua sắm,action,SET_ALERT
từ giờ gọi t là Anh Khang,action,SET_USERNAME
nói chuyện nghiêm túc hơn đi,action,SET_TONE
cho t xem báo cáo quý 1 năm nay,action,REPORT_COMPARE
chuyển style nói chuyện nhé,action,SET_TONE
cho t xem báo cáo 01-01-2026,action,REPORT_INCOME
alert hạn mức cho nhà ở,action,SET_ALERT
set tone châm chọc,action,TONE
set tone dễ thương,action,SET_TONE
hủy hóa đơn mới nhất,action,DELETE
thống kê chi tiêu hôm qua,action,REPORT
đặt hạn mức nhà ở 2 triệu,action,LIMIT
save goal mua laptop 500k,action,GOAL
chuyển giao diện sáng,action,SYSTEM_SETTING
set tone dễ thương,action,TONE
set tone nghiêm túc,action,TONE
để dành 50k nha,action,SET_GOAL
xóa record cuối giúp mình,action,DELETE
hủy hóa đơn mới nhất,action,DELETE
chuyển style nói chuyện nhé,action,TONE
đổi danh mục sang ăn uống,action,EDIT
undo giao dịch cuối,action,DELETE
đổi danh mục sang đi lại,action,EDIT
bật cảnh báo giải trí,action,SET_ALERT
đề xuất budget hợp lý đi,action,SUGGEST
undo giao dịch cuối,action,DELETE
tắt thông báo chi tiêu,action,SET_ALERT
mở cài đặt,action,SETTING
tư vấn hạn mức cho mình,action,SUGGEST
cho t xem báo cáo tháng trước,action,REPORT_GENERAL
hủy hóa đơn mới nhất,action,DELETE_LAST
gợi ý ngân sách tháng sau,action,SUGGEST
set tone nghiêm túc,action,SET_TONE
tháng tới nên tiêu bao nhiêu,action,SUGGEST
chuyển giao diện sáng,action,SETTING
chỉnh lại ghi chú nha,action,EDIT
tháng tới nên tiêu bao nhiêu,action,SUGGEST
cho t xem báo cáo thứ 6,action,REPORT
chỉnh lại ghi chú nha,action,UPDATE_RECORD
sửa giao dịch cuối thành 100k,action,EDIT
chuyển giao diện sáng,action,SETTING
lương của mình là 1 triệu,action,SET_INCOME
cho t xem báo cáo quý 1 năm nay,action,REPORT_GENERAL
set tone dặn dỗi,action,TONE
hủy hóa đơn mới nhất,action,DELETE
search hóa đơn trên 5 triệu,action,SEARCH_RECORD
mỗi tháng mình kiếm 50k,action,SET_INCOME
cộng thêm 200k vào hạn mức,action,LIMIT
đổi danh mục sang sức khỏe,action,UPDATE_RECORD
tìm record tuần trước,action,SEARCH_RECORD
tắt chế độ tối,action,SETTING
đổi tên thành Min,action,SET_USERNAME
thống kê chi tiêu 30 ngày qua,action,REPORT_GENERAL
để dành 5 triệu nha,action,GOAL
tháng tới nên tiêu bao nhiêu,action,SUGGEST_BUDGET
bật dark mode,action,SYSTEM_SETTING
tìm record thứ 6,action,SEARCH
cộng thêm 200k vào hạn mức,action,LIMIT
tháng tới nên tiêu bao nhiêu,action,SUGGEST
tháng tới nên tiêu bao nhiêu,action,SUGGEST_BUDGET
tư vấn hạn mức cho mình,action,SUGGEST_BUDGET
đổi giọng sang châm chọc,action,TONE
đặt hạn mức sức khỏe 50k,action,SET_LIMIT
search hóa đơn trên 500k,action,SEARCH
nói chuyện dễ thương hơn đi,action,SET_TONE
tư vấn hạn mức cho mình,action,SUGGEST_BUDGET
update record vừa nhập,action,EDIT
đặt hạn mức giáo dục 500k,action,SET_LIMIT
đổi giọng sang châm chọc,action,TONE
set nickname Min,action,SET_USERNAME
đề xuất budget hợp lý đi,action,SUGGEST_BUDGET
tắt chế độ tối,action,SYSTEM_SETTING
search hóa đơn trên 1 triệu,action,SEARCH
chuyển style nói chuyện nhé,action,SET_TONE
set tone hài hước,action,SET_TONE
đặt hạn mức sức khỏe 1 triệu,action,SET_LIMIT
cộng thêm 5 triệu vào hạn mức,action,SET_LIMIT
tháng tới nên tiêu bao nhiêu,action,SUGGEST_BUDGET
thống kê chi tiêu năm ngoái,action,REPORT
bật dark mode,action,SETTING
update record vừa nhập,action,EDIT
đổi tên thành Min,action,SET_USERNAME
tư vấn hạn mức cho mình,action,SUGGEST
đề xuất budget hợp lý đi,action,SUGGEST_BUDGET
undo giao dịch cuối,action,DELETE
set limit đi lại 200k mỗi tháng,action,LIMIT
gợi ý ngân sách tháng sau,action,SUGGEST
tháng tới nên tiêu bao nhiêu,action,SUGGEST
mở cài đặt,action,SYSTEM_SETTING
đặt hạn mức đi lại 1 triệu,action,SET_LIMIT
check tiền đã xài quý 1 năm nay đi,action,REPORT_INCOME
từ giờ gọi t là Mimo Master,action,SET_USERNAME
đổi giọng sang dặn dỗi,action,SET_TONE
cho t xem báo cáo năm nay,action,REPORT_COMPARE
hủy hóa đơn mới nhất,action,DELETE_LAST
cho t xem báo cáo tuần trước,action,REPORT_COMPARE
đặt hạn mức nhà ở 100k,action,LIMIT
thống kê chi tiêu 23-12-2025,action,REPORT_GENERAL
đặt hạn mức ăn uống 5 triệu,action,LIMIT
tháng tới nên tiêu bao nhiêu,action,SUGGEST
đề xuất budget hợp lý đi,action,SUGGEST
kiếm giúp khoản trà sữa,action,SEARCH_RECORD
nhắc mình khi vượt ngân sách,action,SET_ALERT
set income 100k,action,SET_INCOME
check tiền đã xài hôm qua đi,action,REPORT_GENERAL
xóa giao dịch vừa nhập,action,DELETE
đổi danh mục sang giải trí,action,UPDATE_RECORD
set tone hài hước,action,SET_TONE
cộng thêm 200k vào hạn mức,action,LIMIT
update record vừa nhập,action,UPDATE_RECORD
check tiền đã xài tuần trước đi,action,REPORT
tắt thông báo chi tiêu,action,SET_ALERT
thống kê chi tiêu hôm nay,action,REPORT
search hóa đơn trên 100k,action,SEARCH_RECORD
tháng tới nên tiêu bao nhiêu,action,SUGGEST_BUDGET
thống kê chi tiêu hôm nay,action,REPORT_GENERAL
chuyển style nói chuyện nhé,action,SET_TONE
xóa giao dịch vừa nhập,action,DELETE_LAST
cho t xem báo cáo hôm qua,action,REPORT
search hóa đơn trên 5 triệu,action,SEARCH
check tiền đã xài quý 1 năm nay đi,action,REPORT_GENERAL
đổi giọng sang hài hước,action,SET_TONE
thống kê chi tiêu 23-12-2025,action,REPORT_GENERAL
tháng tới nên tiêu bao nhiêu,action,SUGGEST
xóa record cuối giúp mình,action,DELETE_LAST
xóa giao dịch vừa nhập,action,DELETE_LAST
mở cài đặt,action,SETTING
cho t xem báo cáo 01-01-2026,action,REPORT_GENERAL
cho t xem báo cáo tuần trước,action,REPORT_INCOME
xóa record cuối giúp mình,action,DELETE
search hóa đơn trên 2 triệu,action,SEARCH
đổi danh mục sang giáo dục,action,UPDATE_RECORD
mục tiêu du lịch 100k trước 01-01-2026,action,GOAL
thống kê chi tiêu hôm qua,action,REPORT_COMPARE
check tiền đã xài tuần này đi,action,REPORT_GENERAL
set limit giáo dục 200k mỗi tháng,action,SET_LIMIT
bật dark mode,action,SYSTEM_SETTING
xóa giao dịch vừa nhập,action,DELETE_LAST
tháng tới nên tiêu bao nhiêu,action,SUGGEST_BUDGET
undo giao dịch cuối,action,DELETE
đổi danh mục sang mua sắm,action,UPDATE_RECORD
set nickname Boss,action,SET_USERNAME
lương của mình là 2 triệu,action,SET_INCOME
nói chuyện châm chọc hơn đi,action,SET_TONE
tắt chế độ tối,action,SETTING
gọi mình là Khang nhé,action,SET_USERNAME
chuyển style nói chuyện nhé,action,TONE
nói chuyện dặn dỗi hơn đi,action,TONE
set limit mua sắm 2 triệu mỗi tháng,action,LIMIT
thống kê chi tiêu thứ 3,action,REPORT_INCOME
xem report ăn uống cuối tuần,action,REPORT_GENERAL
xóa record cuối giúp mình,action,DELETE
thống kê chi tiêu 01-01-2026,action,REPORT
tìm giao dịch giải trí,action,SEARCH
tư vấn hạn mức cho mình,action,SUGGEST_BUDGET
để dành 500k nha,action,SET_GOAL
chỉnh lại ghi chú nha,action,UPDATE_RECORD
cho t xem báo cáo 01-01-2026,action,REPORT_COMPARE
chuyển style nói chuyện nhé,action,SET_TONE
check tiền đã xài tuần này đi,action,REPORT
tháng tới nên tiêu bao nhiêu,action,SUGGEST_BUDGET
mục tiêu du lịch 2 triệu trước quý 1 năm nay,action,SET_GOAL
nói chuyện nghiêm túc hơn đi,action,SET_TONE
đổi giọng sang châm chọc,action,SET_TONE
từ giờ gọi t là Min,action,SET_USERNAME
tìm record thứ 3,action,SEARCH
đề xuất budget hợp lý đi,action,SUGGEST_BUDGET
update record vừa nhập,action,EDIT
chuyển giao diện sáng,action,SETTING
chuyển style nói chuyện nhé,action,TONE
cộng thêm 200k vào hạn mức,action,SET_LIMIT
undo giao dịch cuối,action,DELETE
đề xuất budget hợp lý đi,action,SUGGEST
giảm limit còn 2 triệu,action,LIMIT
check tiền đã xài năm ngoái đi,action,REPORT
tắt chế độ tối,action,SETTING
set limit sức khỏe 50k mỗi tháng,action,LIMIT
tắt chế độ tối,action,SETTING
check tiền đã xài 15-06-2026 đi,action,REPORT_GENERAL
gọi mình là Bin nhé,action,SET_USERNAME
xem report ăn uống năm nay,action,REPORT_GENERAL
giảm limit còn 2 triệu,action,LIMIT
tắt chế độ tối,action,SYSTEM_SETTING
xem report mua sắm hôm nay,action,REPORT_INCOME
xem report đi lại thứ 6,action,REPORT
nhắc mình khi vượt ngân sách,action,SET_ALERT
xóa record cuối giúp mình,action,DELETE
cộng thêm 5 triệu vào hạn mức,action,LIMIT
nhắc mình khi vượt ngân sách,action,SET_ALERT
xem report đi lại thứ 2,action,REPORT_INCOME
tạo mục tiêu tiết kiệm 100k,action,SET_GOAL
đổi danh mục sang giáo dục,action,EDIT
nói chuyện nghiêm túc hơn đi,action,SET_TONE
chỉnh lại ghi chú nha,action,EDIT
thống kê chi tiêu hôm nay,action,REPORT_COMPARE
tìm giao dịch giáo dục,action,SEARCH
thống kê chi tiêu năm ngoái,action,REPORT_GENERAL
xem report đi lại chủ nhật,action,REPORT_GENERAL
gợi ý ngân sách tháng sau,action,SUGGEST
để dành 500k nha,action,GOAL
xem report mua sắm hôm qua,action,REPORT_GENERAL
tắt chế độ tối,action,SETTING
đề xuất budget hợp lý đi,action,SUGGEST
thống kê chi tiêu hôm nay,action,REPORT_GENERAL
update record vừa nhập,action,UPDATE_RECORD
đặt hạn mức sức khỏe 500k,action,SET_LIMIT
đề xuất budget hợp lý đi,action,SUGGEST
undo giao dịch cuối,action,DELETE
xem report đi lại thứ 6,action,REPORT_COMPARE
cho t xem báo cáo tuần trước,action,REPORT_COMPARE
tìm giao dịch ăn uống,action,SEARCH
xem report nhà ở cuối tuần,action,REPORT_GENERAL
đổi danh mục sang đi lại,action,EDIT
search hóa đơn trên 1 triệu,action,SEARCH_RECORD
mục tiêu du lịch 200k trước tháng này,action,SET_GOAL
cộng thêm 500k vào hạn mức,action,LIMIT
tắt thông báo chi tiêu,action,SET_ALERT
đổi giọng sang nghiêm túc,action,TONE
set nickname Anh Khang,action,SET_USERNAME
tìm giao dịch sức khỏe,action,SEARCH
mục tiêu du lịch 5 triệu trước tuần trước,action,SET_GOAL
set nickname Mimo Master,action,SET_USERNAME
save goal mua laptop 10 triệu,action,GOAL
xem report sức khỏe thứ 6,action,REPORT_GENERAL
xóa giao dịch vừa nhập,action,DELETE
alert hạn mức cho giáo dục,action,SET_ALERT
save goal mua laptop 500k,action,GOAL
thống kê chi tiêu tháng trước,action,REPORT
mỗi tháng mình kiếm 5 triệu,action,SET_INCOME
xem report giáo dục thứ 3,action,REPORT
từ giờ gọi t là Khang,action,SET_USERNAME
save goal mua laptop 10 triệu,action,SET_GOAL
xem report sức khỏe tuần này,action,REPORT_COMPARE
set tone nghiêm túc,action,SET_TONE
bật dark mode,action,SYSTEM_SETTING
xem report sức khỏe thứ 3,action,REPORT_GENERAL
xem report ăn uống thứ 3,action,REPORT_INCOME
giảm limit còn 100k,action,SET_LIMIT
chỉnh lại ghi chú nha,action,EDIT
sửa giao dịch cuối thành 200k,action,UPDATE_RECORD
giảm limit còn 200k,action,LIMIT
tìm record 7 ngày qua,action,SEARCH
đổi danh mục sang giáo dục,action,UPDATE_RECORD
save goal mua laptop 50k,action,SET_GOAL
kiếm giúp khoản trà sữa,action,SEARCH
set nickname Boss,action,SET_USERNAME
chuyển style nói chuyện nhé,action,TONE
để dành 500k nha,action,GOAL
check tiền đã xài quý 1 năm nay đi,action,REPORT_GENERAL
save goal mua laptop 5 triệu,action,GOAL
undo giao dịch cuối,action,DELETE
search hóa đơn trên 5 triệu,action,SEARCH
undo giao dịch cuối,action,DELETE_LAST
cộng thêm 500k vào hạn mức,action,SET_LIMIT
tắt thông báo chi tiêu,action,SET_ALERT
cho t xem báo cáo tuần trước,action,REPORT_GENERAL
cho t xem báo cáo năm nay,action,REPORT_GENERAL
search hóa đơn trên 500k,action,SEARCH_RECORD
hủy hóa đơn mới nhất,action,DELETE_LAST
đổi giọng sang dễ thương,action,SET_TONE
thống kê chi tiêu tháng 12 năm ngoái,action,REPORT_GENERAL
tắt chế độ tối,action,SYSTEM_SETTING
gọi mình là Anh Khang nhé,action,SET_USERNAME
kiếm giúp khoản trà sữa,action,SEARCH_RECORD
check tiền đã xài 7 ngày qua đi,action,REPORT
cho t xem báo cáo cuối tuần,action,REPORT_GENERAL
đặt hạn mức đi lại 500k,action,LIMIT
đề xuất budget hợp lý đi,action,SUGGEST
mục tiêu du lịch 1 triệu trước tháng trước,action,SET_GOAL
chuyển style nói chuyện nhé,action,SET_TONE
đổi danh mục sang mua sắm,action,UPDATE_RECORD
mục tiêu du lịch 100k trước 7 ngày qua,action,SET_GOAL
check tiền đã xài 7 ngày qua đi,action,REPORT
đổi giọng sang hài hước,action,TONE
tư vấn hạn mức cho mình,action,SUGGEST
chuyển style nói chuyện nhé,action,SET_TONE
check tiền đã xài tháng 12 năm ngoái đi,action,REPORT_GENERAL
check tiền đã xài tuần này đi,action,REPORT_COMPARE
mục tiêu du lịch 100k trước tháng này,action,GOAL
thu nhập tháng này 5 triệu,action,SET_INCOME
mục tiêu du lịch 100k trước 15-06-2026,action,GOAL
cộng thêm 1 triệu vào hạn mức,action,LIMIT
nhắc mình khi vượt ngân sách,action,SET_ALERT
gợi ý ngân sách tháng sau,action,SUGGEST
xem report giáo dục 01-01-2026,action,REPORT_INCOME
đề xuất budget hợp lý đi,action,SUGGEST_BUDGET
xem report nhà ở thứ 3,action,REPORT
tắt chế độ tối,action,SYSTEM_SETTING
set tone hài hước,action,TONE
đổi giọng sang hài hước,action,SET_TONE
kiếm giúp khoản trà sữa,action,SEARCH
xóa giao dịch vừa nhập,action,DELETE_LAST
đặt hạn mức giáo dục 50k,action,SET_LIMIT
thống kê chi tiêu 7 ngày qua,action,REPORT_COMPARE
đặt hạn mức mua sắm 500k,action,SET_LIMIT
xem report giải trí chủ nhật,action,REPORT_GENERAL
undo giao dịch cuối,action,DELETE
cộng thêm 1 triệu vào hạn mức,action,LIMIT
giảm limit còn 100k,action,SET_LIMIT
tháng tới nên tiêu bao nhiêu,action,SUGGEST
chuyển style nói chuyện nhé,action,SET_TONE
đề xuất budget hợp lý đi,action,SUGGEST
search hóa đơn trên 10 triệu,action,SEARCH
update record vừa nhập,action,UPDATE_RECORD
gợi ý ngân sách tháng sau,action,SUGGEST_BUDGET
đề xuất budget hợp lý đi,action,SUGGEST_BUDGET
hủy hóa đơn mới nhất,action,DELETE
bật dark mode,action,SETTING
hủy hóa đơn mới nhất,action,DELETE
giảm limit còn 10 triệu,action,SET_LIMIT
set limit đi lại 10 triệu mỗi tháng,action,SET_LIMIT
cho t xem báo cáo tuần này,action,REPORT_INCOME
check tiền đã xài thứ 3 đi,action,REPORT
undo giao dịch cuối,action,DELETE
cho t xem báo cáo 01-01-2026,action,REPORT_COMPARE
chỉnh lại ghi chú nha,action,UPDATE_RECORD
mục tiêu du lịch 200k trước tháng trước,action,GOAL
tháng tới nên tiêu bao nhiêu,action,SUGGEST
set limit nhà ở 500k mỗi tháng,action,LIMIT
nói chuyện châm chọc hơn đi,action,TONE
đặt hạn mức nhà ở 10 triệu,action,SET_LIMIT
cho t xem báo cáo năm nay,action,REPORT_INCOME
cộng thêm 5 triệu vào hạn mức,action,SET_LIMIT
giảm limit còn 100k,action,LIMIT
cho t xem báo cáo 15-06-2026,action,REPORT_GENERAL
